,Posisi,Nama Perusahaan,Lokasi Magang,Kuota,Tunjangan,Program Studi,Hari Libur,URL
4,Analis Data,Direktorat Jendral Penegakan Hukum ESDM,Kota Adm. Jakarta Selatan,1 kuota,,"Teknik Lingkungan, Ilmu Komputer, Manajemen, Administrasi, Hukum","Sabtu, Minggu",https://maganghub.kemnaker.go.id/magang-nasional/lowongan/analis-data-a2439bf8-5f2a-4738-b15e-0413e97f5134
9,Analis Data,Direktorat Jendral Penegakan Hukum ESDM,Kota Adm. Jakarta Selatan,2 kuota,,"Teknik Lingkungan, Ilmu Komputer, Manajemen, Administrasi, Hukum","Sabtu, Minggu",https://maganghub.kemnaker.go.id/magang-nasional/lowongan/analis-data-a2439698-55f4-4db9-a232-4624f60a7b82
71,Ahli Komputer,Puskesmas Rakit 1,Kab. Banjarnegara,1 kuota,,"Ilmu Komputer, Pendidikan Ilmu Komputer, Pemeliharaan Komputer dan Jaringan, Pendidikan Teknik Informatika & Komputer",Minggu,https://maganghub.kemnaker.go.id/magang-nasional/lowongan/ahli-komputer-a235cc8e-b502-46fa-9480-d0ef809c7d4c
76,Ahli Komputer,Puskesmas Rakit 1,Kab. Banjarnegara,1 kuota,,"Ilmu Komputer, Pendidikan Ilmu Komputer, Pemeliharaan Komputer dan Jaringan, Pendidikan Teknik Informatika & Komputer",Minggu,https://maganghub.kemnaker.go.id/magang-nasional/lowongan/ahli-komputer-a235cc8e-b502-46fa-9480-d0ef809c7d4c
88,magang IT Developer,Perusahaan Daerah Pasar Kota Kediri,Kota Kediri,3 kuota,,"Teknik Informatika, Ilmu Komputer, Statistika dan Sains Data, sistem informasi, Manajemen Informatika","Minggu, Sabtu",https://maganghub.kemnaker.go.id/magang-nasional/lowongan/magang-it-developer-a2315a77-3bcb-4e84-924e-ded9045be34c
120,Business Analyst Apprentice (Specialization Track: System Analyst / Mobile Analyst),Suitmedia Kreasi Indonesia,Kota Adm. Jakarta Selatan,3 kuota,,"Teknologi Rekayasa Perangkat Lunak, Informatika, Ilmu Komputer, Sistem Informasi, Teknik Komputer Dan Jaringan","Minggu, Sabtu",https://maganghub.kemnaker.go.id/magang-nasional/lowongan/business-analyst-apprentice-specialization-track:-system-analyst--mobile-analyst-a23f4454-ee0e-49fb-b634-71e2af585e3a
121,Software Engineer Apprentice (Specialization Track: Frontend / Backend / Mobile Developer),Suitmedia Kreasi Indonesia,Kota Adm. Jakarta Selatan,4 kuota,,"Teknologi Rekayasa Perangkat Lunak, Informatika, Ilmu Komputer, Sistem Informasi, Teknik Komputer Dan Jaringan","Sabtu, Minggu",https://maganghub.kemnaker.go.id/magang-nasional/lowongan/software-engineer-apprentice-specialization-track:-frontend--backend--mobile-developer-a23f38fa-4077-4f41-b75b-df12a34561d0
150,Junior IT Intern,Region IX Banjarmasin,Kota Banjarmasin,5 kuota,,"Teknik Informatika, Ilmu Komputer, Rekayasa Perangkat Lunak, Sistem informasi, Teknik Komputer","Sabtu, Minggu",https://maganghub.kemnaker.go.id/magang-nasional/lowongan/junior-it-intern-a2437a36-5c20-447a-9667-bdb804220a10
166,Information & Technology Intern,PT. Traktor Nusantara,Kota Adm. Jakarta Timur,1 kuota,,"Teknik Informatika, Ilmu Komputer, Sistem Komputer, Sistem Informasi, Teknik Komputer","Sabtu, Minggu",https://maganghub.kemnaker.go.id/magang-nasional/lowongan/information-&-technology-intern-a243c112-085a-4e04-acd0-8e002ddcee62
191,Staf IT (Support dan Web),PT. Surveyor Indonesia Cabang Surabaya,Kota Surabaya,1 kuota,,"Teknik Informatika, Ilmu Komputer, Teknik Komputer Dan Jaringan, Teknik Komputer","Sabtu, Minggu",https://maganghub.kemnaker.go.id/magang-nasional/lowongan/staf-it-support-dan-web-a2418204-3e88-4c7b-b203-47a3d4539382
235,Quality Assurance Intern,PT Privy Identitas Digital,Kota Adm. Jakarta Selatan,1 kuota,,"Teknik Informatika, Ilmu Komputer, Sistem Informasi","Sabtu, Minggu",https://maganghub.kemnaker.go.id/magang-nasional/lowongan/quality-assurance-intern-a24196df-d8e6-470d-8b05-beb66730a9d0
237,Red Team Intern,PT Privy Identitas Digital,Kota Adm. Jakarta Selatan,1 kuota,,"Teknologi Informasi, Ilmu Komputer, Keamanan Sistem Informasi, Sistem dan Teknologi Informasi, Rekayasa Keamanan Siber","Sabtu, Minggu",https://maganghub.kemnaker.go.id/magang-nasional/lowongan/red-team-intern-a23f9260-3655-4cce-aa68-133db7926671
239,Application Security Intern,PT Privy Identitas Digital,Kota Adm. Jakarta Selatan,1 kuota,,"Teknik Informatika, Ilmu Komputer, Keamanan Sistem Informasi, Sistem Informasi","Sabtu, Minggu",https://maganghub.kemnaker.go.id/magang-nasional/lowongan/application-security-intern-a23b7aa3-4e11-46dd-8284-0a38c69063be
247,Cybersecurity Engineer Intern,PT Privy Identitas Digital,Kota Adm. Jakarta Selatan,2 kuota,,"Teknik Informatika, Ilmu Komputer, Keamanan Sistem Informasi, Sistem Informasi","Sabtu, Minggu",https://maganghub.kemnaker.go.id/magang-nasional/lowongan/cybersecurity-engineer-intern-a23b7c11-eda9-452e-ba5b-cd9c3bfdf473
248,Value Engineering Operations Intern,PT Privy Identitas Digital,Kota Adm. Jakarta Selatan,2 kuota,,"Teknik Informatika, Ilmu Komputer, Sistem Informasi","Sabtu, Minggu",https://maganghub.kemnaker.go.id/magang-nasional/lowongan/value-engineering-operations-intern-a23b7dbd-b885-4ceb-b539-3c09e2eea059
278,Staff AI,PT Momenta Agrikultura,Kota Tangerang Selatan,1 kuota,,"Ilmu Komputer, Teknologi Rekayasa Mesin Pertanian, sistem informasi, Pendidikan Teknik Informatika dan Komputer, Teknologi Sains Data",Minggu,https://maganghub.kemnaker.go.id/magang-nasional/lowongan/staff-ai-a242dcb7-03bf-4c8a-9240-472e38fe10df
346,"Information, Communication & Technology",Pertamina Retail,Kota Adm. Jakarta Pusat,1 kuota,,"Teknik Informatika, Ilmu Komputer, Sistem Informasi, Sistem Informasi","Sabtu, Minggu","https://maganghub.kemnaker.go.id/magang-nasional/lowongan/information,-communication-&-technology-a2440d78-efb7-432a-b360-212cb1a3d3f3"
390,IT Developer,Mitra Bakti Ut,Kota Adm. Jakarta Timur,1 kuota,,"Teknik Informatika, Ilmu Komputer, Sistem Informasi","Sabtu, Minggu",https://maganghub.kemnaker.go.id/magang-nasional/lowongan/it-developer-a2295a68-b1ab-4b83-bf2f-7fee30658d80
469,Teknologi Informatika,Herodi Azwa Medika (Bukittinggi Eye Center),Kota Bukittinggi,1 kuota,,"Ilmu Komputer, Sistem Komputer, Sistem Informasi, Teknik informatika, Manajemen Informatika",Minggu,https://maganghub.kemnaker.go.id/magang-nasional/lowongan/teknologi-informatika-a228bbfb-a249-4495-8bc3-55aef0268125
491,AI/Automation,Dhl Supply Chain Indonesia,Kota Adm. Jakarta Timur,1 kuota,,"Ilmu Komputer, Administrasi Server dan Jaringan Komputer, Ilmu Informatika, Teknik Komputer dan Jaringan, Teknologi Sains Data","Sabtu, Minggu",https://maganghub.kemnaker.go.id/magang-nasional/lowongan/aiautomation-a226f11d-ed60-4bf7-8d30-caebdee10fc3
496,Backend Developer,Data Nusantara Adhikarya,Kota Adm. Jakarta Selatan,1 kuota,,"Teknik Informatika, Teknologi Informasi, Ilmu Komputer, Rekayasa Perangkat Lunak, Sistem Informasi","Sabtu, Minggu",https://maganghub.kemnaker.go.id/magang-nasional/lowongan/backend-developer-a23f8508-e60e-4838-858e-d9d6f336423e
501,Product Manager,Data Nusantara Adhikarya,Kota Adm. Jakarta Selatan,1 kuota,,"Teknik Informatika, Teknologi Informasi, Sistem Informasi Bisnis, Ilmu Komputer, Sistem Informasi","Sabtu, Minggu",https://maganghub.kemnaker.go.id/magang-nasional/lowongan/product-manager-a241624d-a6f3-4555-b89c-6eb7d40940e5
519,IT Technical Support,Biggy Cemerlang,Kota Adm. Jakarta Utara,2 kuota,,"Informatika, Ilmu Komputer, Teknik Komputer Dan Jaringan, Teknik Komputer","Sabtu, Minggu",https://maganghub.kemnaker.go.id/magang-nasional/lowongan/it-technical-support-a237c7e0-37d1-45d8-b4ce-fc974630ed12
520,Programmer,Biggy Cemerlang,Kota Adm. Jakarta Utara,2 kuota,,"Ilmu Komputer, Ilmu Informatika","Sabtu, Minggu",https://maganghub.kemnaker.go.id/magang-nasional/lowongan/programmer-a237a459-73ee-437b-8bd9-494a79f00756
521,IT Support,Biggy Cemerlang,Kab. Bogor,2 kuota,,"Informatika, Ilmu Komputer, Ilmu Komunikasi","Sabtu, Minggu",https://maganghub.kemnaker.go.id/magang-nasional/lowongan/it-support-a237c5b7-177c-430d-97e5-47ca49df274f
544,Digital Business Support Intern,Mass Rapid Transit Jakarta Perseroda,Kota Adm. Jakarta Pusat,2 kuota,,"Teknik Informatika, Ilmu Komputer, Sistem Informasi, Sains Data Terapan","Sabtu, Minggu",https://maganghub.kemnaker.go.id/magang-nasional/lowongan/digital-business-support-intern-a243c61a-9820-4085-9028-7607cdbeb1de
577,IT Operation Staff Intern (PT JakLingko Indonesia),Mass Rapid Transit Jakarta Perseroda,Kota Adm. Jakarta Selatan,2 kuota,,"Ilmu Komputer, Manajemen Informatika, Teknik Komputer","Sabtu, Minggu",https://maganghub.kemnaker.go.id/magang-nasional/lowongan/it-operation-staff-intern-pt-jaklingko-indonesia-a2438745-e178-4226-a91f-10cae02483fe
595,Intern Infrastruktur IT & Digital Services,"Balai Teknik Pantai, Ditjen SDA",Kab. Buleleng,1 kuota,,"Teknik Informatika, Teknologi Informasi, Ilmu Komputer, Sistem Informasi, Teknik Komputer","Sabtu, Minggu",https://maganghub.kemnaker.go.id/magang-nasional/lowongan/intern-infrastruktur-it-&-digital-services-a243d16d-ff06-44c8-8096-e9c4bcecbeb0
659,IT Supoort,Balai Standardisasai dan Pelayanan Jasa Industri Jakarta,Kota Adm. Jakarta Pusat,5 kuota,,"Teknik Informatika, Ilmu Komputer","Sabtu, Minggu",https://maganghub.kemnaker.go.id/magang-nasional/lowongan/it-supoort-a23e0048-acec-449c-9404-15752ff9b48b
755,Anggota Tim Kerja Instrumentasi Kebencanaan Geologi,Balai Penyelidikan dan Pengembangan Teknologi Kebencanaan Geologi,Kota Yogyakarta,1 kuota,,"Teknik Informatika, Teknologi Informasi, Ilmu Komputer","Sabtu, Minggu",https://maganghub.kemnaker.go.id/magang-nasional/lowongan/anggota-tim-kerja-instrumentasi-kebencanaan-geologi-a23f6005-9274-49bc-b86a-cfc8f2bd4363
779,Informasi dan Teknologi,Balai Pengembangan Kompetensi Pekerjaan Umum Wilayah I Medan,Kota Medan,2 kuota,,"Informatika, Ilmu Komputer, Sistem Informasi, Teknik Komputer","Sabtu, Minggu",https://maganghub.kemnaker.go.id/magang-nasional/lowongan/informasi-dan-teknologi-a2440a08-f970-45c4-8ab4-bbf8e8577f88
817,Pranata Komputer (transformasi digital dan peningkatan daya saing unit kerja dan IKM),Balai Pemberdayaan Industri Fesyen dan Kriya,Kab. Badung,1 kuota,,"Teknik Informatika, Ilmu Komputer, Sistem Informasi","Sabtu, Minggu",https://maganghub.kemnaker.go.id/magang-nasional/lowongan/pranata-komputer-transformasi-digital-dan-peningkatan-daya-saing-unit-kerja-dan-ikm-a23f74d8-815f-40f5-bd53-0393704f4590
821,Pranata Komputer (transformasi digital dan peningkatan daya saing unit kerja dan IKM),Balai Pemberdayaan Industri Fesyen dan Kriya,Kab. Badung,1 kuota,,"Teknik Informatika, Ilmu Komputer, Sistem Komputer","Sabtu, Minggu",https://maganghub.kemnaker.go.id/magang-nasional/lowongan/pranata-komputer-transformasi-digital-dan-peningkatan-daya-saing-unit-kerja-dan-ikm-a23f7445-0b38-4973-849d-17d2d3da3215
828,HRIS & Data Management Intern,Biro Sumber Daya Manusia,Kota Adm. Jakarta Pusat,3 kuota,,"Teknik Informatika, Teknologi Informasi, Ilmu Komputer, Sistem Informasi, Statistika","Sabtu, Minggu",https://maganghub.kemnaker.go.id/magang-nasional/lowongan/hris-&-data-management-intern-a2438851-aafa-44e2-9082-4bb34fbc3e74
836,Pustakawan,Biro Hubungan Masyarakat,Kota Adm. Jakarta Selatan,5 kuota,"Ilmu Komputer, Ilmu Perpustakaan, Desain Komunikasi Visual, Sistem informasi, Manajemen Informatika","Ilmu Komputer, Ilmu Perpustakaan, Desain Komunikasi Visual, Sistem informasi, Manajemen Informatika","Sabtu, Minggu",https://maganghub.kemnaker.go.id/magang-nasional/lowongan/pustakawan-a243874d-9e9c-4f60-ac42-2f03666313e4
848,Staf Pengelola Aplikasi,Biro Umum dan Hukum,Kota Adm. Jakarta Pusat,1 kuota,,"Teknik Informatika, Ilmu Komputer","Sabtu, Minggu",https://maganghub.kemnaker.go.id/magang-nasional/lowongan/staf-pengelola-aplikasi-a241fd1e-f1c2-4c8a-91d4-e98e632f979e
858,Bidang Pengadaan Barang dan Jasa,Biro Hubungan Masyarakat dan Umum,Kota Adm. Jakarta Pusat,1 kuota,,"Ilmu Komputer, Sistem Informasi","Sabtu, Minggu",https://maganghub.kemnaker.go.id/magang-nasional/lowongan/bidang-pengadaan-barang-dan-jasa-a24337ce-014f-4eb7-9bb9-07d4be06800f
891,Full Stack Programmer,Biro Data dan Informasi,Kota Adm. Jakarta Pusat,3 kuota,,"Informatika, Ilmu Komputer, Teknik informatika","Sabtu, Minggu",https://maganghub.kemnaker.go.id/magang-nasional/lowongan/full-stack-programmer-a2411523-1620-46ce-9006-f42a124555dc
898,Cyber / IT Security,Biro Data dan Informasi,Kota Adm. Jakarta Pusat,1 kuota,,"Teknik Informatika, Teknologi Informasi, Ilmu Komputer, Sistem Informasi","Sabtu, Minggu",https://maganghub.kemnaker.go.id/magang-nasional/lowongan/cyber--it-security-a2411e10-0757-4529-9197-dd62d98741a6
908,PRANATA KOMPUTER,"BIRO SUMBER DAYA MANUSIA APARATUR, ORGANISASI DAN KETATALAKSANAAN",Kota Adm. Jakarta Selatan,5 kuota,,"Teknik Informatika, Ilmu Komputer, Sistem Informasi, Teknik Komputer Dan Jaringan","Sabtu, Minggu",https://maganghub.kemnaker.go.id/magang-nasional/lowongan/pranata-komputer-a23ef2bb-6b62-4f8b-8bd4-4a13e3c589a2
934,Pranata Komputer,Biro Umum,Kota Adm. Jakarta Selatan,1 kuota,,"Informatika, Ilmu Komputer, Sistem Informasi","Sabtu, Minggu",https://maganghub.kemnaker.go.id/magang-nasional/lowongan/pranata-komputer-a2440bb6-9565-4e22-95c1-eeb8e33861a9
947,Programmer,Biro Perencanaan,Kota Adm. Jakarta Pusat,1 kuota,,"Teknik Informatika, Ilmu Kelautan, Ilmu Komputer, Sistem Informasi, Manajemen Informatika","Sabtu, Minggu",https://maganghub.kemnaker.go.id/magang-nasional/lowongan/programmer-a243f1f0-8636-4dd6-8418-4552c0f2ec0f
949,Data Analyst,Biro Perencanaan,Kota Adm. Jakarta Pusat,1 kuota,,"Teknik Informatika, Ilmu Komputer, Sistem Informasi, Statistika, Matematika","Sabtu, Minggu",https://maganghub.kemnaker.go.id/magang-nasional/lowongan/data-analyst-a243efde-cbcd-41d8-b5b6-78120f9dd865
978,Database Specialist and Application Developer,Biro SDM Aparatur dan Organisasi,Kota Adm. Jakarta Pusat,1 kuota,,"Teknik Informatika, Ilmu Komputer, Rekayasa Perangkat Lunak, Sistem Informasi","Sabtu, Minggu",https://maganghub.kemnaker.go.id/magang-nasional/lowongan/database-specialist-and-application-developer-a243ce66-88b7-440a-8725-e8e90dda2ba4
995,Staf Administrasi Persuratan Menteri,Biro Umum,Kota Adm. Jakarta Selatan,1 kuota,,"Teknik Informatika, Ilmu Komputer, Ilmu Komunikasi, Administrasi Perkantoran, Administrasi Negara","Sabtu, Minggu",https://maganghub.kemnaker.go.id/magang-nasional/lowongan/staf-administrasi-persuratan-menteri-a243a70a-0f02-4350-b5b2-c9535ab3ebc6
996,Penata Kelola Sistem dan Teknologi Informasi,Biro Kerja Sama Kemnaker,Kota Adm. Jakarta Selatan,1 kuota,,"Teknik Informatika, Teknologi Informasi, Ilmu Komputer, Sistem Dan Teknologi Informasi","Sabtu, Minggu",https://maganghub.kemnaker.go.id/magang-nasional/lowongan/penata-kelola-sistem-dan-teknologi-informasi-a243c1eb-412a-4750-ae35-47a131f63e05
1010,"IT Support Intern Subbag TU Sekjen, Staf Ahli dan Staf Khusus",Biro Umum,Kota Adm. Jakarta Selatan,1 kuota,,"Teknik Informatika, Teknologi Informasi, Ilmu Komputer, Sistem Informasi","Sabtu, Minggu","https://maganghub.kemnaker.go.id/magang-nasional/lowongan/it-support-intern-subbag-tu-sekjen,-staf-ahli-dan-staf-khusus-a243a0a8-957a-44d0-9b16-8a89fb114117"
1011,Full Stack Developer Intern,Biro Umum,Kota Adm. Jakarta Selatan,1 kuota,,"Teknik Informatika, Teknologi Informasi, Ilmu Komputer, Sistem informasi","Sabtu, Minggu",https://maganghub.kemnaker.go.id/magang-nasional/lowongan/full-stack-developer-intern-a2439ec0-ced0-4632-80e6-76b9a0a99a35
1014,IT Support Intern Bagian PBJ,Biro Umum,Kota Adm. Jakarta Selatan,1 kuota,,"Teknik Informatika, Teknologi Informasi, Ilmu Komputer, Sistem informasi","Sabtu, Minggu",https://maganghub.kemnaker.go.id/magang-nasional/lowongan/it-support-intern-bagian-pbj-a2439d3b-9032-4bd6-82ee-b1a159af4fcc
1016,IT Support Intern Bagian Rumah Tangga,Biro Umum,Kota Adm. Jakarta Selatan,2 kuota,,"Teknik Informatika, Teknologi Informasi, Ilmu Komputer, Sistem Informasi","Sabtu, Minggu",https://maganghub.kemnaker.go.id/magang-nasional/lowongan/it-support-intern-bagian-rumah-tangga-a24395ea-edfe-49a7-8cc2-06bcb8de9fad
1020,IT Support Intern Bagian Tata Usaha Menteri dan Wakil Menteri,Biro Umum,Kota Adm. Jakarta Selatan,1 kuota,,"Teknik Informatika, Teknologi Informasi, Ilmu Komputer, Sistem informasi","Sabtu, Minggu",https://maganghub.kemnaker.go.id/magang-nasional/lowongan/it-support-intern-bagian-tata-usaha-menteri-dan-wakil-menteri-a2439492-90f5-414b-9b98-bea313367829
1318,PENGELOLA FASILITAS PUBLIK,RUMAH TAHANAN NEGARA KELAS IIB PANGKALAN BRANDAN,Kab. Langkat,1 kuota,,"Teknik Informatika, Ilmu Komputer, Ilmu Komunikasi",Minggu,https://maganghub.kemnaker.go.id/magang-nasional/lowongan/pengelola-fasilitas-publik-a240fa3d-1ac1-4c6b-a82b-5d3c0f0eb314
1512,Pengelola SDM,BALAI PEMASYARAKATAN KELAS II BOGOR,Kota Bogor,1 kuota,,"Ilmu Komputer, Manajemen","Sabtu, Minggu",https://maganghub.kemnaker.go.id/magang-nasional/lowongan/pengelola-sdm-a23f5758-0b4f-490c-bc3f-84b539110135
1514,Pengelola BMN,BALAI PEMASYARAKATAN KELAS II BOGOR,Kota Bogor,1 kuota,,"Ilmu Komputer, Manajemen Aset Publik","Sabtu, Minggu",https://maganghub.kemnaker.go.id/magang-nasional/lowongan/pengelola-bmn-a23f56b1-6f71-4449-b19b-f69cf57d541e
1677,PENGELOLA ADMINISTRASI DAN TATA TERTIB,LEMBAGA PEMASYARAKATAN PEREMPUAN KELAS IIA MALANG,Kota Malang,3 kuota,,"Ilmu Komputer, Ilmu Administrasi Publik, Pemeliharaan Komputer dan Jaringan, Manajemen Administrasi Perkantoran","Sabtu, Minggu",https://maganghub.kemnaker.go.id/magang-nasional/lowongan/pengelola-administrasi-dan-tata-tertib-a240e936-1151-4af7-b631-cd2a7d729afa
1678,PENGELOLA SISTEM DATABASE PEMASYARAKATAN,LEMBAGA PEMASYARAKATAN PEREMPUAN KELAS IIA MALANG,Kota Malang,3 kuota,,"Teknik Informatika, Ilmu Komputer, Rekayasa Perangkat Lunak, Sistem informasi, Teknik Komputer Dan Jaringan","Sabtu, Minggu",https://maganghub.kemnaker.go.id/magang-nasional/lowongan/pengelola-sistem-database-pemasyarakatan-a240ead8-2f13-4d14-8543-e199a80db17f
2219,Pengelola Kehumasan,LEMBAGA PEMASYARAKATAN NARKOTIKA KELAS IIA BANDUNG,Kab. Bandung,1 kuota,,"Informatika, Ilmu Komputer, Hubungan Masyarakat, Ilmu Komunikasi, Hubungan Masyarakat Dan Komunikasi Digital","Sabtu, Minggu",https://maganghub.kemnaker.go.id/magang-nasional/lowongan/pengelola-kehumasan-a2436084-d7fe-4f35-8f1b-54370efaa28a
2234,Pengelola Kehumasan,LEMBAGA PEMASYARAKATAN NARKOTIKA KELAS IIA BANDUNG,Kab. Bandung,1 kuota,,"Informatika, Ilmu Komputer, Hubungan Masyarakat, Ilmu Komunikasi, Hubungan Masyarakat Dan Komunikasi Digital","Sabtu, Minggu",https://maganghub.kemnaker.go.id/magang-nasional/lowongan/pengelola-kehumasan-a2436084-d7fe-4f35-8f1b-54370efaa28a
2969,Development,Rumah Sakit Umum Pusat Surabaya,Kota Surabaya,3 kuota,,"Teknik Informatika, Ilmu Komputer, Teknologi Rekayasa Komputer, Sistem Informasi",Minggu,https://maganghub.kemnaker.go.id/magang-nasional/lowongan/development-a24156da-4790-4966-8e1f-b90558bbacd4
2977,Development,Rumah Sakit Umum Pusat Surabaya,Kota Surabaya,3 kuota,,"Teknik Informatika, Ilmu Komputer, Teknologi Rekayasa Komputer, Sistem Informasi",Minggu,https://maganghub.kemnaker.go.id/magang-nasional/lowongan/development-a24156da-4790-4966-8e1f-b90558bbacd4
3045,Programmer Mobile,Rumah Sakit Umum Pusat Makassar,Kota Makassar,2 kuota,,"Teknik Informatika, Ilmu Komputer, Sistem Informasi","Sabtu, Minggu",https://maganghub.kemnaker.go.id/magang-nasional/lowongan/programmer-mobile-a240d85b-b94c-4b1b-827a-3d3074ec4a4f
3059,Programmer Web,Rumah Sakit Umum Pusat Makassar,Kota Makassar,3 kuota,,"Teknik Informatika, Ilmu Komputer, Sistem Informasi","Sabtu, Minggu",https://maganghub.kemnaker.go.id/magang-nasional/lowongan/programmer-web-a240d756-c3f1-47f4-9e94-a66bbb3ce706
3165,DKRI – Asisten Analisis Perencanaan Data,Deputi Bidang Kebijakan Riset dan Inovasi,Kota Adm. Jakarta Pusat,1 kuota,,"Ekonomi Pembangunan, Sains Data, Ilmu Komputer, Ilmu Administrasi Publik, Statistika","Sabtu, Minggu",https://maganghub.kemnaker.go.id/magang-nasional/lowongan/dkri-–-asisten-analisis-perencanaan-data-a243fa72-23d3-4fa9-ae8c-e6de252f2452
3211,PENGELOLA KEHUMASAN,RUMAH TAHANAN NEGARA PEREMPUAN KELAS IIA MEDAN,Kota Medan,1 kuota,,Ilmu Komputer,Minggu,https://maganghub.kemnaker.go.id/magang-nasional/lowongan/pengelola-kehumasan-a2416a9a-1297-4e14-a794-061e446b70bb
3364,Staf Pengembangan Strategi Layanan,Rumah Sakit Jantung dan Pembuluh Darah Harapan Kita Jakarta,Kota Adm. Jakarta Barat,2 kuota,,"Teknik Informatika, Teknologi Informasi, Ilmu Komputer, Sistem Informasi, Sistem Informasi","Sabtu, Minggu",https://maganghub.kemnaker.go.id/magang-nasional/lowongan/staf-pengembangan-strategi-layanan-a241a14e-afe9-4b68-8cfe-78052afcc1d0
3375,Staf Instalasi Kerjasama Global dan Jejaring,Rumah Sakit Jantung dan Pembuluh Darah Harapan Kita Jakarta,Kota Adm. Jakarta Barat,1 kuota,,"Teknik Informatika, Teknologi Informasi, Ilmu Komputer, Sistem Informasi","Sabtu, Minggu",https://maganghub.kemnaker.go.id/magang-nasional/lowongan/staf-instalasi-kerjasama-global-dan-jejaring-a241a3ec-894a-406c-a12d-3f3cdc8b8d66
3383,Staf Pengembangan Strategi Layanan,Rumah Sakit Jantung dan Pembuluh Darah Harapan Kita Jakarta,Kota Adm. Jakarta Barat,2 kuota,,"Teknik Informatika, Teknologi Informasi, Ilmu Komputer, Sistem Informasi, Sistem Informasi","Sabtu, Minggu",https://maganghub.kemnaker.go.id/magang-nasional/lowongan/staf-pengembangan-strategi-layanan-a241a14e-afe9-4b68-8cfe-78052afcc1d0
3384,Staf Instalasi Kerjasama Global dan Jejaring,Rumah Sakit Jantung dan Pembuluh Darah Harapan Kita Jakarta,Kota Adm. Jakarta Barat,1 kuota,,"Teknik Informatika, Teknologi Informasi, Ilmu Komputer, Sistem Informasi","Sabtu, Minggu",https://maganghub.kemnaker.go.id/magang-nasional/lowongan/staf-instalasi-kerjasama-global-dan-jejaring-a241a3ec-894a-406c-a12d-3f3cdc8b8d66
3408,Pengadministrasian keuangan,Rumah Sakit Anak dan Bunda Harapan Kita Jakarta,Kota Adm. Jakarta Barat,1 kuota,,"Ilmu Komputer, Komputer Akutansi, Akuntansi","Sabtu, Minggu",https://maganghub.kemnaker.go.id/magang-nasional/lowongan/pengadministrasian--keuangan-a2439119-8030-4d4b-8031-7879f6dcd49c
3421,Penata Layanan Operasional,SATPEL MAMUJU,Kab. Mamuju,1 kuota,,"Ilmu Komputer, Manajemen, Administrasi Publik, Administrasi Bisnis","Sabtu, Minggu",https://maganghub.kemnaker.go.id/magang-nasional/lowongan/penata-layanan-operasional-a243b8c4-12dc-47b1-acec-5b9e8225266c
3422,Pengelola data dan Sistem Informasi,SATPEL MAMUJU,Kab. Mamuju,1 kuota,,"Teknik Informatika, Ilmu Komputer, Sistem Informasi, Pendidikan Teknologi Informasi dan Komunikasi","Sabtu, Minggu",https://maganghub.kemnaker.go.id/magang-nasional/lowongan/pengelola-data-dan-sistem-informasi-a243b76f-1a82-49ed-916e-5aa8c866fe40
3458,asisten instruktur,Satpel PALU,Kota Palu,7 kuota,,"Teknik Mesin, Ilmu Komputer, Teknik Listrik, Elektronika, Tata Rias dan Kecantikan","Sabtu, Minggu",https://maganghub.kemnaker.go.id/magang-nasional/lowongan/asisten-instruktur-a243607c-1e7a-4c02-bf5f-f3f29ac7e448
3459,pranata humas,Satpel PALU,Kota Palu,3 kuota,,"Multimedia, Ilmu Komputer, Hubungan Internasional, Manajemen Pemasaran, Desain Grafis","Sabtu, Minggu",https://maganghub.kemnaker.go.id/magang-nasional/lowongan/pranata-humas-a2435f10-996c-41d5-96df-c6504952f0f7
3496,Penata Layanan Operasional,BBPVP Serang,Kota Serang,2 kuota,,"Ekonomi Pembangunan, Ilmu Komputer, Manajemen, Administrasi, Administrasi Negara","Sabtu, Minggu",https://maganghub.kemnaker.go.id/magang-nasional/lowongan/penata-layanan-operasional-a242bb1d-c7e6-418e-adc9-92d7325bc05b
3498,IT Administration Staff,BBPVP Serang,Kota Serang,1 kuota,,"Teknik Informatika, Ilmu Komputer, Rekayasa Perangkat Lunak, Pendidikan Teknik Informatika dan Komputer, manajemen Informasi kesehatan","Sabtu, Minggu",https://maganghub.kemnaker.go.id/magang-nasional/lowongan/it-administration-staff-a242cc95-3ca6-49ec-b927-6d9410042d3f
3499,Penata Layanan Operasional,BBPVP Serang,Kota Serang,2 kuota,,"Teknik Informatika, Teknologi Rekayasa Perangkat Lunak, Ilmu Komputer, Sistem Informasi, Manajemen Informatika","Sabtu, Minggu",https://maganghub.kemnaker.go.id/magang-nasional/lowongan/penata-layanan-operasional-a242beca-7576-4b82-98b4-dc728b7355ec
3506,Penata Kelola Sistem dan Tekenologi Informasi,BBPVP Serang,Kota Serang,3 kuota,,"Teknik Informatika, Ilmu Komputer, Teknik Elektro, Sistem informasi, Pendidikan Teknologi Informasi","Sabtu, Minggu",https://maganghub.kemnaker.go.id/magang-nasional/lowongan/penata-kelola-sistem-dan-tekenologi-informasi-a242cb32-c6d6-4f8a-9157-e39e825700f8
3509,Penata Layanan Operasional,BBPVP Serang,Kota Serang,1 kuota,,"Ekonomi Pembangunan, Pendidikan Tekn. Informasi & Komunikasi, Ilmu Komputer, Manajemen, Akuntansi","Sabtu, Minggu",https://maganghub.kemnaker.go.id/magang-nasional/lowongan/penata-layanan-operasional-a242c8e0-2a99-4cea-a0a5-980e584ba15f
3515,Pengelola Multimedia,BPVP Bantaeng,Kab. Bantaeng,2 kuota,,"Teknik Informatika, Ilmu Komputer, Sistem informasi, Manajemen Informatika, Teknik Komputer","Sabtu, Minggu",https://maganghub.kemnaker.go.id/magang-nasional/lowongan/pengelola-multimedia-a242b1bc-d0aa-4908-a94a-07dcfb934881
3517,Vide editor - TIH,BPVP Bantaeng,Kab. Bantaeng,1 kuota,,"Teknik Informatika, Multimedia, Ilmu Komputer, Desain Komunikasi Visual","Sabtu, Minggu",https://maganghub.kemnaker.go.id/magang-nasional/lowongan/vide-editor---tih-a242b9f8-7d2b-4bd1-9813-90069fc5fd9e
3527,Desainer Multimedia,BBPVP Serang,Kota Serang,1 kuota,,"Multimedia, Ilmu Komputer, Animasi, Desain Komunikasi Visual, Sistem informasi","Sabtu, Minggu",https://maganghub.kemnaker.go.id/magang-nasional/lowongan/desainer-multimedia-a242b047-bcd3-4cc2-98a5-74de13ef8873
3534,Pranata Komputer,BPVP Bantaeng,Kab. Bantaeng,2 kuota,,"Teknik Informatika, Ilmu Komputer, Sistem Informasi, Manajemen Informatika, Teknik Komputer","Sabtu, Minggu",https://maganghub.kemnaker.go.id/magang-nasional/lowongan/pranata-komputer-a242aa3d-6823-4b64-95e0-314638b81365
3536,Vide editor - TIH,BPVP Bantaeng,Kab. Bantaeng,1 kuota,,"Teknik Informatika, Multimedia, Ilmu Komputer, Desain Komunikasi Visual","Sabtu, Minggu",https://maganghub.kemnaker.go.id/magang-nasional/lowongan/vide-editor---tih-a242b9f8-7d2b-4bd1-9813-90069fc5fd9e
3539,Pranata Komputer,BBPVP Semarang,Kota Semarang,3 kuota,,"Ilmu Komputer, Sistem Dan Teknologi Informasi, Sistem Informasi, Teknik informatika, Teknik Komputer","Sabtu, Minggu",https://maganghub.kemnaker.go.id/magang-nasional/lowongan/pranata-komputer-a242066f-b881-47c6-ba45-aa2346f23e87
3543,PENGELOLA KEHUMASAN,LEMBAGA PEMASYARAKATAN KELAS III BANDANAIRA,Kab. Maluku Tengah,2 kuota,,"Teknik Informatika, Ilmu Komputer, Jurnalistik, Hubungan Masyarakat, Ilmu Komunikasi",Minggu,https://maganghub.kemnaker.go.id/magang-nasional/lowongan/pengelola-kehumasan-a243a5ff-add9-4ac1-9448-4d07d0f18c2f
3548,Pengolah Data dan Informasi,Satpel Pekanbaru,Kota Pekanbaru,1 kuota,,"Ilmu Komputer, Pendidikan Sistem dan Teknologi Informasi, Sistem Informasi, Sains Data Terapan, Manajemen Informatika","Sabtu, Minggu",https://maganghub.kemnaker.go.id/magang-nasional/lowongan/pengolah-data-dan-informasi-a243d689-19a6-4dcc-b7c8-3fc9835d4d62
3552,PENGELOLA KEHUMASAN,LEMBAGA PEMASYARAKATAN KELAS III BANDANAIRA,Kab. Maluku Tengah,2 kuota,,"Teknik Informatika, Ilmu Komputer, Jurnalistik, Hubungan Masyarakat, Ilmu Komunikasi",Minggu,https://maganghub.kemnaker.go.id/magang-nasional/lowongan/pengelola-kehumasan-a243a5ff-add9-4ac1-9448-4d07d0f18c2f
3570,Asisten Instruktur Kejuruan TIK,BPVP Ambon,Kota Ambon,1 kuota,,"Teknik Informatika, Teknologi Informasi, Ilmu Komputer, Sistem Informasi, Teknik Komputer","Sabtu, Minggu",https://maganghub.kemnaker.go.id/magang-nasional/lowongan/asisten-instruktur-kejuruan-tik-a243bfab-8f01-4c78-b27a-5241d574e5ad
3576,Penata Kelola Sistem Informasi,BBPVP Makassar,Kota Makassar,4 kuota,,Ilmu Komputer,"Sabtu, Minggu",https://maganghub.kemnaker.go.id/magang-nasional/lowongan/penata-kelola-sistem-informasi-a243b627-8bb4-4023-91c9-9c4758a921cf
3582,Penata Kelola Sistem Informasi,BBPVP Makassar,Kota Makassar,4 kuota,,Ilmu Komputer,"Sabtu, Minggu",https://maganghub.kemnaker.go.id/magang-nasional/lowongan/penata-kelola-sistem-informasi-a243b627-8bb4-4023-91c9-9c4758a921cf
3593,Pranata Komputer,BPVP Kendari,Kota Kendari,5 kuota,,"Teknik Informatika, Ilmu Komputer, Sistem Komputer, Teknik Komputer","Sabtu, Minggu",https://maganghub.kemnaker.go.id/magang-nasional/lowongan/pranata-komputer-a2439cf3-539f-4c95-b94c-48bda3303d3f
3595,Web Developer,BBPVP Serang,Kota Serang,1 kuota,,"Teknik Informatika, Teknologi Informasi, Ilmu Komputer, Rekayasa Perangkat Lunak, Sistem informasi","Sabtu, Minggu",https://maganghub.kemnaker.go.id/magang-nasional/lowongan/web-developer-a2439bac-cfec-44ec-b48a-a26510a6482c
3600,Web Developer,BBPVP Serang,Kota Serang,1 kuota,,"Teknik Informatika, Teknologi Informasi, Ilmu Komputer, Rekayasa Perangkat Lunak, Sistem informasi","Sabtu, Minggu",https://maganghub.kemnaker.go.id/magang-nasional/lowongan/web-developer-a2439bac-cfec-44ec-b48a-a26510a6482c
3604,Pengolah Data dan Informasi,BPVP Kendari,Kota Kendari,4 kuota,,"Informatika, Ilmu Komputer, Manajemen, Statistik, Komputer Akutansi","Sabtu, Minggu",https://maganghub.kemnaker.go.id/magang-nasional/lowongan/pengolah-data-dan-informasi-a2439a05-4d97-414c-a817-ed2982e4aaca
3633,Asisten Instruktur Elektronika,BPVP Padang,Kota Padang,1 kuota,,"Teknik Informatika, Ilmu Komputer, Teknik Elektro, Teknologi Elektronika","Sabtu, Minggu",https://maganghub.kemnaker.go.id/magang-nasional/lowongan/asisten-instruktur-elektronika-a24378f4-800e-48aa-9d3a-d2a6bec8682d
3639,Pengolah Data dan Informasi,BPVP Bandung Barat,Kab. Bandung Barat,1 kuota,,"Ilmu Komputer, Sistem Informasi, Teknik informatika, Statistika, Manajemen Informatika","Sabtu, Minggu",https://maganghub.kemnaker.go.id/magang-nasional/lowongan/pengolah-data-dan-informasi-a24365a2-bfab-4324-920f-24fc63325732
3642,Instruktur Teknologi Informasi dan Komunikasi,BBPVP Medan,Kota Medan,4 kuota,,"Multimedia, Ilmu Komputer, Sistem Dan Teknologi Informasi, Desain Komunikasi Visual, Manajemen Informatika","Sabtu, Minggu",https://maganghub.kemnaker.go.id/magang-nasional/lowongan/instruktur-teknologi-informasi-dan-komunikasi-a24336e4-b36f-4c94-8034-cdf473d193e7
3643,Spesialis Pemasaran,BBPVP Medan,Kota Medan,1 kuota,,"Ilmu Komputer, Ilmu Administrasi Publik, Sistem Informasi, Akuntansi, Manajemen Pemasaran","Sabtu, Minggu",https://maganghub.kemnaker.go.id/magang-nasional/lowongan/spesialis-pemasaran-a2433a94-2575-4330-9909-5033e51b031f
3647,Penata Kelola Sistem dan Teknologi,BBPVP Medan,Kota Medan,2 kuota,,"Teknik Informatika, Ilmu Komputer, Sistem Dan Teknologi Informasi, Teknologi Rekayasa Komputer Jaringan, Teknologi Rekayasa Multimedia Grafis","Sabtu, Minggu",https://maganghub.kemnaker.go.id/magang-nasional/lowongan/penata-kelola-sistem-dan-teknologi-a2433b9f-03a8-4977-9393-514e45e5e6a8
3659,Pranata Komputer,BBPVP Medan,Kota Medan,7 kuota,,"Multimedia, Ilmu Komputer, Desain Komunikasi Visual, Sistem Informasi, Ilmu Informatika","Sabtu, Minggu",https://maganghub.kemnaker.go.id/magang-nasional/lowongan/pranata-komputer-a2430bba-1ee9-474d-b9b1-3a0c377c70e5
3685,Instruktur Ahli Pertama / Asisten Instruktur Kejuruan TIK,BPVP Banyuwangi,Kab. Banyuwangi,1 kuota,,"Ilmu Komputer, Teknik informatika, Sistem informasi, Pendidikan Teknik Informatika, Teknik Komputer","Sabtu, Minggu",https://maganghub.kemnaker.go.id/magang-nasional/lowongan/instruktur-ahli-pertama--asisten-instruktur-kejuruan-tik-a2440b7a-a641-4b2f-aaad-c8625215013e
3688,Arsiparis,BPVP Banyuwangi,Kab. Banyuwangi,1 kuota,,"Teknik Informatika, Ilmu Komputer, Kearsipan, Manajemen, Administrasi","Sabtu, Minggu",https://maganghub.kemnaker.go.id/magang-nasional/lowongan/arsiparis-a2440311-2f3c-4423-b650-ae023d4bc015
3690,Instruktur Ahli Pertama / Asisten Instruktur Kejuruan TIK,BPVP Banyuwangi,Kab. Banyuwangi,1 kuota,,"Ilmu Komputer, Teknik informatika, Sistem informasi, Pendidikan Teknik Informatika, Teknik Komputer","Sabtu, Minggu",https://maganghub.kemnaker.go.id/magang-nasional/lowongan/instruktur-ahli-pertama--asisten-instruktur-kejuruan-tik-a2440b7a-a641-4b2f-aaad-c8625215013e
3701,Web Developer,BPVP Banyuwangi,Kab. Banyuwangi,1 kuota,,"Teknik Informatika, Teknologi Informasi, Ilmu Komputer, Sistem Informasi, Teknik Komputer dan Jaringan","Sabtu, Minggu",https://maganghub.kemnaker.go.id/magang-nasional/lowongan/web-developer-a24407fb-c8ea-4e4f-b5f8-7b6476d8c2b6
3715,Asisten Instruktur Teknologi Informasi & Komunikasi,BBPVP Makassar,Kota Makassar,1 kuota,,"Teknik Informatika, Ilmu Komputer","Sabtu, Minggu",https://maganghub.kemnaker.go.id/magang-nasional/lowongan/asisten-instruktur-teknologi-informasi-&-komunikasi-a243d14b-bfd7-4b4d-a27f-6233d98d91ef
3716,Toolman TIK,BBPVP Bekasi,Kota Bekasi,1 kuota,,"Teknik Informatika, Ilmu Komputer, Sistem informasi","Sabtu, Minggu",https://maganghub.kemnaker.go.id/magang-nasional/lowongan/toolman-tik-a243cc51-4a9d-4472-96d2-be8fd0515585
3724,Pengolah Data dan Informasi,Satpel Sawahlunto,Kota Sawahlunto,1 kuota,,"Ilmu Komputer, sistem informasi, Teknik Komputer","Sabtu, Minggu",https://maganghub.kemnaker.go.id/magang-nasional/lowongan/pengolah-data-dan-informasi-a2437dd7-3e73-461b-ab06-77aa2c235f82
3730,Asisten Instruktur Teknologi Informasi & Komunikasi,BBPVP Makassar,Kota Makassar,1 kuota,,"Teknik Informatika, Ilmu Komputer","Sabtu, Minggu",https://maganghub.kemnaker.go.id/magang-nasional/lowongan/asisten-instruktur-teknologi-informasi-&-komunikasi-a243d14b-bfd7-4b4d-a27f-6233d98d91ef
3784,PENGELOLA RUMAH TANGGA DAN TATA USAHA,Kantor Unit Penyelenggara Bandar Udara Kelas II Mozes Kilangin - Timika,Kab. Mimika,1 kuota,,"Informatika, Ilmu Komputer, Manajemen, sistem informasi, Administrasi Perkantoran","Sabtu, Minggu",https://maganghub.kemnaker.go.id/magang-nasional/lowongan/pengelola-rumah-tangga-dan-tata-usaha-a242d2c3-b80b-4632-80b7-a0192e10fb68
3827,Pranata Komputer,"Kantor Seksi Wilayah I Medan, Balai Penegakan Hukum Lingkungan Hidup Kota Jambi",Kota Medan,1 kuota,,"Teknik Informatika, Ilmu Komputer, Sistem Komputer, Sistem Informasi","Sabtu, Minggu",https://maganghub.kemnaker.go.id/magang-nasional/lowongan/pranata-komputer-a241fb65-fdc7-4d57-a48d-7827f7de76e0
3839,Programmer,Sekretariat Badan Kebijakan Transportasi,Kota Adm. Jakarta Pusat,1 kuota,,"Teknik Informatika, Ilmu Komputer, Rekayasa Perangkat Lunak, Sistem informasi","Sabtu, Minggu",https://maganghub.kemnaker.go.id/magang-nasional/lowongan/programmer-a2441194-18fd-4c51-bad5-5a644b767d0c
3873,Asisten Pengembang Sistem dan Aplikasi Digital (Programmer),Kantor Regional V BKN Jakarta,Kota Adm. Jakarta Timur,2 kuota,,"Teknik Informatika, Teknologi Informasi, Ilmu Komputer, Rekayasa Perangkat Lunak, Sistem Informasi","Sabtu, Minggu",https://maganghub.kemnaker.go.id/magang-nasional/lowongan/asisten-pengembang-sistem-dan-aplikasi-digital-programmer-a2417d82-5357-4ab0-be6f-7c759a977268
3898,Asisten Pengelolaan Data dan Informasi ASN,Kantor Regional XI BKN Manado,Kota Manado,1 kuota,,"Ilmu Komputer, Sistem informasi, Statistika, Matematika","Sabtu, Minggu",https://maganghub.kemnaker.go.id/magang-nasional/lowongan/asisten-pengelolaan-data-dan-informasi-asn-a2416a1e-468a-41d6-8275-ee88e6bd5602
3938,Asisten Pranata Komputer,BPS Provinsi Kalimantan Selatan,Kota Banjarbaru,2 kuota,,"Teknologi Informasi, Ilmu Komputer, Rekayasa Perangkat Lunak, Sistem Informasi, Teknik informatika","Sabtu, Minggu",https://maganghub.kemnaker.go.id/magang-nasional/lowongan/asisten-pranata-komputer-a240bd21-967f-4bd0-924f-56fa0118c4b3
3945,Asisten Pranata Komputer,BPS Provinsi SUMATERA BARAT,Kota Padang,1 kuota,,"Teknik Informatika, Teknologi Informasi, Ilmu Komputer, Sistem informasi, Teknik Komputer","Sabtu, Minggu",https://maganghub.kemnaker.go.id/magang-nasional/lowongan/asisten-pranata-komputer-a23f82d8-e798-4970-bf79-8d4b82ae67ed
3950,Asisten Statistisi,BPS Provinsi SUMATERA SELATAN,Kota Palembang,4 kuota,,"Sains Data, Ilmu Komputer, Sistem Informasi, Statistika, Matematika","Sabtu, Minggu",https://maganghub.kemnaker.go.id/magang-nasional/lowongan/asisten-statistisi-a240e2c7-5020-43aa-985f-e6a39b6bab40
3955,Asisten Statistisi,BPS Provinsi Kalimantan Utara,Kab. Bulungan,5 kuota,,"Sains Data, Ilmu Komputer, Aktuaria, Statistika, Matematika","Sabtu, Minggu",https://maganghub.kemnaker.go.id/magang-nasional/lowongan/asisten-statistisi-a23f45cc-e382-4fc5-8141-78d0fe7bfab9
3959,Asisten Statistisi,BPS Provinsi Maluku,Kota Ambon,6 kuota,,"Sains Data, Ilmu Komputer, Teknik Industri, Ekonomi, Statistika","Sabtu, Minggu",https://maganghub.kemnaker.go.id/magang-nasional/lowongan/asisten-statistisi-a23f7f07-fe14-4a36-ab1b-9ef9ae86e873
3960,Asisten Pranata Komputer,BPS Provinsi Maluku,Kota Ambon,2 kuota,,"Teknik Informatika, Teknologi Informasi, Ilmu Komputer, Sistem Informasi, Teknik Elektro","Sabtu, Minggu",https://maganghub.kemnaker.go.id/magang-nasional/lowongan/asisten-pranata-komputer-a23f8015-a601-4891-b5df-756da94361bf
3962,Asisten Statistisi,BPS Provinsi Maluku,Kota Ambon,6 kuota,,"Sains Data, Ilmu Komputer, Teknik Industri, Ekonomi, Statistika","Sabtu, Minggu",https://maganghub.kemnaker.go.id/magang-nasional/lowongan/asisten-statistisi-a23f7f07-fe14-4a36-ab1b-9ef9ae86e873
3963,Asisten Pranata Komputer,BPS Provinsi Kalimantan Utara,Kab. Bulungan,1 kuota,,"Teknik Informatika, Sains Data, Ilmu Komputer, Keamanan Sistem Informasi, Rekayasa Perangkat Lunak","Sabtu, Minggu",https://maganghub.kemnaker.go.id/magang-nasional/lowongan/asisten-pranata-komputer-a23f452d-e054-4b40-8379-13bd5f560595
3965,Asisten Pranata Komputer,BPS Provinsi Kalimantan Timur,Kota Samarinda,2 kuota,,"Teknik Informatika, Sains Data, Ilmu Komputer, Sistem Informasi, Teknik Komputer Dan Jaringan","Sabtu, Minggu",https://maganghub.kemnaker.go.id/magang-nasional/lowongan/asisten-pranata-komputer-a23f7525-d9b3-496b-b228-e7ca2679b687
3969,Asisten Pranata Komputer,BPS Provinsi Sulawesi Tenggara,"XGHP+3PX, Mokoau, Kec. Kambu, Kota Kendari, Sulawesi Tenggara 93231, Indonesia",3 kuota,,"Teknik Informatika, Teknologi Rekayasa Perangkat Lunak, Sains Data, Ilmu Komputer, Sistem Informasi","Sabtu, Minggu",https://maganghub.kemnaker.go.id/magang-nasional/lowongan/asisten-pranata-komputer-a23f46af-5959-450e-8a96-853c7f4f5b40
3977,Asisten Pranata Komputer,BPS Provinsi Banten,Kota Serang,3 kuota,,"Teknologi Informasi, Ilmu Komputer, Sistem informasi, Teknologi Rekayasa Komputer Jaringan, Teknik Komputer","Minggu, Sabtu",https://maganghub.kemnaker.go.id/magang-nasional/lowongan/asisten-pranata-komputer-a23f083e-34f5-4153-9a09-3975fc7e41cd
3978,Asisten Pranata Komputer,BPS Provinsi Banten,Kota Serang,3 kuota,,"Teknologi Informasi, Ilmu Komputer, Sistem informasi, Teknologi Rekayasa Komputer Jaringan, Teknik Komputer","Minggu, Sabtu",https://maganghub.kemnaker.go.id/magang-nasional/lowongan/asisten-pranata-komputer-a23f083e-34f5-4153-9a09-3975fc7e41cd
3985,Asisten Statistisi,BPS Provinsi Banten,Kota Serang,5 kuota,,"Sains Data, Ilmu Komputer, Statistika, Demografi dan Pencatatan Sipil, Matematika","Minggu, Sabtu",https://maganghub.kemnaker.go.id/magang-nasional/lowongan/asisten-statistisi-a23f0420-8395-4e1d-970b-2a3c59fa00a0
4018,Asisten Pranata Komputer,BPS Provinsi Kalimantan Tengah,Kota Palangkaraya,4 kuota,,"Teknik Informatika, Teknologi Informasi, Ilmu Komputer, Sistem Informasi, Teknik Sipil","Sabtu, Minggu",https://maganghub.kemnaker.go.id/magang-nasional/lowongan/asisten-pranata-komputer-a243ccc2-fe50-4385-b70a-d599f40e12e8
4021,Asisten Pranata Komputer,BPS Provinsi BENGKULU,Kota Bengkulu,2 kuota,,"Teknologi Informasi, Ilmu Komputer, Teknik informatika, Sistem informasi, Teknik Komputer","Minggu, Sabtu",https://maganghub.kemnaker.go.id/magang-nasional/lowongan/asisten-pranata-komputer-a243bcac-0ff3-4719-b4fd-0f0c5c61f30c
4032,Asisten Pranata Komputer,BPS Provinsi DI Yogyakarta,Kab. Bantul,2 kuota,,"Teknik Informatika, Teknologi Informasi, Ilmu Komputer, sistem informasi, Teknik Komputer","Sabtu, Minggu",https://maganghub.kemnaker.go.id/magang-nasional/lowongan/asisten-pranata-komputer-a24340d3-a3cf-4e46-af73-65750fdc1ed9
4033,Asisten Statistisi,BPS Provinsi Gorontalo,Kota Gorontalo,5 kuota,,"Sains Data, Ilmu Komputer, Aktuaria, Statistika, Matematika","Sabtu, Minggu",https://maganghub.kemnaker.go.id/magang-nasional/lowongan/asisten-statistisi-a242f521-2c29-43ed-88fc-ceb463c5d61e
4039,Asisten Pranata Komputer,BPS Provinsi Gorontalo,Kota Gorontalo,1 kuota,,"Teknik Informatika, Teknologi Informasi, Ilmu Komputer, Rekayasa Perangkat Lunak, Sistem Informasi","Sabtu, Minggu",https://maganghub.kemnaker.go.id/magang-nasional/lowongan/asisten-pranata-komputer-a242fa71-dd00-4a13-a342-d009668e7649
4052,Asisten Pranata Komputer,BPS Provinsi Sulawesi Barat,Kab. Mamuju,2 kuota,,"Teknik Informatika, Teknologi Rekayasa Perangkat Lunak, Sains Data, Ilmu Komputer, Sistem informasi","Sabtu, Minggu",https://maganghub.kemnaker.go.id/magang-nasional/lowongan/asisten-pranata-komputer-a242d193-7122-43d4-99eb-9c377bf93e9d
4063,Asisten Pranata Komputer,BPS Provinsi Nusa Tenggara Barat,Kota Mataram,2 kuota,,"Teknik Informatika, Teknologi Informasi, Ilmu Komputer, Rekayasa Perangkat Lunak, Sistem Informasi","Sabtu, Minggu",https://maganghub.kemnaker.go.id/magang-nasional/lowongan/asisten-pranata-komputer-a242c462-371b-4b31-9523-0cc98a1e278f
4068,Asisten Pranata Komputer,BPS Provinsi Nusa Tenggara Barat,Kota Mataram,2 kuota,,"Teknik Informatika, Teknologi Informasi, Ilmu Komputer, Rekayasa Perangkat Lunak, Sistem Informasi","Sabtu, Minggu",https://maganghub.kemnaker.go.id/magang-nasional/lowongan/asisten-pranata-komputer-a242c462-371b-4b31-9523-0cc98a1e278f
4072,Asisten Pranata Komputer,BPS Provinsi KEPULAUAN BANGKA BELITUNG,Kota Pangkal Pinang,5 kuota,,"Teknologi Informasi, Ilmu Komputer, Teknologi Rekayasa Komputer, Teknik informatika, Teknik Komputer","Sabtu, Minggu",https://maganghub.kemnaker.go.id/magang-nasional/lowongan/asisten-pranata-komputer-a241fe7a-9505-4543-ac6a-59b14c377abf
4076,Asisten Pranata Komputer,BPS Provinsi Jawa Timur,Kota Surabaya,1 kuota,,"Ilmu Komputer, Sistem Informasi, Teknik informatika, Teknik Komputer","Sabtu, Minggu",https://maganghub.kemnaker.go.id/magang-nasional/lowongan/asisten-pranata-komputer-a24189f1-c739-424a-b35d-6d5e642cab68
4078,Asisten Pranata Komputer,BPS Provinsi Sulawesi Utara,Kota Manado,1 kuota,,"Teknik Informatika, Sains Data, Ilmu Komputer, Rekayasa Perangkat Lunak, Pemeliharaan Komputer dan Jaringan","Sabtu, Minggu",https://maganghub.kemnaker.go.id/magang-nasional/lowongan/asisten-pranata-komputer-a24166d3-2e3f-4b92-8d2a-c16474e71456
4081,Asisten Statistisi,BPS Provinsi LAMPUNG,Kota Bandar Lampung,3 kuota,,"Sains Data, Ilmu Komputer, Ekonomi, Statistika, Matematika","Sabtu, Minggu",https://maganghub.kemnaker.go.id/magang-nasional/lowongan/asisten-statistisi-a242aafd-6e3d-4c5e-ac96-3d06e510c5d8
4083,Asisten Pranata Komputer,BPS Provinsi LAMPUNG,Kota Bandar Lampung,1 kuota,,"Teknik Informatika, Sains Data, Ilmu Komputer, Rekayasa Perangkat Lunak, Sistem informasi","Sabtu, Minggu",https://maganghub.kemnaker.go.id/magang-nasional/lowongan/asisten-pranata-komputer-a242b868-09d9-418d-9a5a-2ed8c162f533
4087,Asisten Pranata Komputer,BPS Provinsi KEPULAUAN BANGKA BELITUNG,Kota Pangkal Pinang,5 kuota,,"Teknologi Informasi, Ilmu Komputer, Teknologi Rekayasa Komputer, Teknik informatika, Teknik Komputer","Sabtu, Minggu",https://maganghub.kemnaker.go.id/magang-nasional/lowongan/asisten-pranata-komputer-a241fe7a-9505-4543-ac6a-59b14c377abf
4091,Asisten Pranata Komputer,BPS Provinsi SUMATERA UTARA,Kota Medan,1 kuota,,"Teknik Informatika, Ilmu Komputer, Rekayasa Perangkat Lunak, sistem informasi, Teknik Komputer","Sabtu, Minggu",https://maganghub.kemnaker.go.id/magang-nasional/lowongan/asisten-pranata-komputer-a241e3ce-63aa-4e23-8277-f942744ac496
4092,Asisten Statistisi,BPS Provinsi Sulawesi Utara,Kota Manado,3 kuota,,"Teknologi Industri Pertanian, Ilmu Komputer, Ilmu Ekonomi, Statistik, Matematika","Sabtu, Minggu",https://maganghub.kemnaker.go.id/magang-nasional/lowongan/asisten-statistisi-a2416432-197a-43c9-973d-a3057f527fa9
4096,Asisten Pranata Komputer,BPS Provinsi Jawa Barat,Kota Bandung,2 kuota,,"Teknik Informatika, Ilmu Komputer, Rekayasa Perangkat Lunak, Sistem Informasi, Teknik Komputer Dan Jaringan","Sabtu, Minggu",https://maganghub.kemnaker.go.id/magang-nasional/lowongan/asisten-pranata-komputer-a240fe40-ba4c-43f0-aeec-69e098ecf7ac
4099,Asisten Statistisi,BPS Provinsi DKI Jakarta,Kota Adm. Jakarta Pusat,8 kuota,,"Sains Data, Ilmu Komputer, Aktuaria, Statistika, Matematika","Sabtu, Minggu",https://maganghub.kemnaker.go.id/magang-nasional/lowongan/asisten-statistisi-a24151f5-b802-4eff-8cce-d6909dcd6c84
4101,Asisten Statistisi,BPS Provinsi Sulawesi Barat,Kab. Mamuju,4 kuota,,"Sains Data, Ilmu Komputer, Sistem informasi, Statistika, Matematika","Sabtu, Minggu",https://maganghub.kemnaker.go.id/magang-nasional/lowongan/asisten-statistisi-a24150a4-ae08-4601-88d0-7d5ccfcf3169
4103,Asisten Pranata Komputer,BPS Provinsi DKI Jakarta,Kota Adm. Jakarta Pusat,7 kuota,,"Teknik Informatika, Teknologi Informasi, Ilmu Komputer, Rekayasa Perangkat Lunak, Sistem Informasi","Sabtu, Minggu",https://maganghub.kemnaker.go.id/magang-nasional/lowongan/asisten-pranata-komputer-a24154fb-f0ad-4d24-a6b7-8489a01eb2e3
4104,Asisten Statistisi,BPS Provinsi Sulawesi Barat,Kab. Mamuju,4 kuota,,"Sains Data, Ilmu Komputer, Sistem informasi, Statistika, Matematika","Sabtu, Minggu",https://maganghub.kemnaker.go.id/magang-nasional/lowongan/asisten-statistisi-a24150a4-ae08-4601-88d0-7d5ccfcf3169
4108,Asisten Pranata Komputer,BPS Provinsi DKI Jakarta,Kota Adm. Jakarta Pusat,7 kuota,,"Teknik Informatika, Teknologi Informasi, Ilmu Komputer, Rekayasa Perangkat Lunak, Sistem Informasi","Sabtu, Minggu",https://maganghub.kemnaker.go.id/magang-nasional/lowongan/asisten-pranata-komputer-a24154fb-f0ad-4d24-a6b7-8489a01eb2e3
4131,Sistem Analis Teknologi Informasi,Kantor Pusat BPJS Kesehatan Jakarta,Kota Adm. Jakarta Pusat,1 kuota,,"Teknik Informatika, Ilmu Komputer, Rekayasa Perangkat Lunak, Sistem Informasi","Sabtu, Minggu",https://maganghub.kemnaker.go.id/magang-nasional/lowongan/sistem-analis-teknologi-informasi-a23f92f7-9d13-4f5d-a295-4bc57f490d85
4132,Programmer,Kantor Pusat BPJS Kesehatan Jakarta,Kota Adm. Jakarta Pusat,2 kuota,,"Teknik Informatika, Ilmu Komputer, Rekayasa Perangkat Lunak, Sistem Informasi","Sabtu, Minggu",https://maganghub.kemnaker.go.id/magang-nasional/lowongan/programmer-a23f924f-0a49-4c99-a0cd-831be09618b0
4143,Asisten Pengelola Administrasi dan Komunikasi,Pusat Sosial Ekonomi dan Kebijakan Pertanian,Kota Bogor,4 kuota,,"Teknologi Informasi, Ilmu Komputer, Manajemen, Administrasi, Kearsipan Digital","Sabtu, Minggu",https://maganghub.kemnaker.go.id/magang-nasional/lowongan/asisten-pengelola-administrasi-dan-komunikasi-a2419308-17c7-45b5-8123-1d249538f330
4195,3. Asisten Publisitas dan Kehumasan,BPS Kota Padang Panjang,Kota Padang Panjang,1 kuota,,"Teknik Informatika, Ilmu Komputer, PJJ Ilmu Komunikasi, Sistem Informasi, Desain Grafis","Sabtu, Minggu",https://maganghub.kemnaker.go.id/magang-nasional/lowongan/3.-asisten-publisitas-dan-kehumasan-a240e817-8b3f-4720-946a-25a25b584964
4210,Asisten Pranata Komputer,BPS Kota Tangerang Selatan,Kota Tangerang Selatan,1 kuota,,"Teknik Informatika, Teknologi Informasi, Ilmu Komputer, Sistem informasi, Teknik Komputer","Sabtu, Minggu",https://maganghub.kemnaker.go.id/magang-nasional/lowongan/asisten-pranata-komputer-a240d114-9332-4741-af18-18e40b55a1d3
4214,Asisten Pranata Komputer,BPS Kota Pagar Alam,Kota Pagar Alam,1 kuota,,"Teknik Informatika, Teknologi Informasi, Ilmu Komputer, Rekayasa Perangkat Lunak, Sistem Informasi","Sabtu, Minggu",https://maganghub.kemnaker.go.id/magang-nasional/lowongan/asisten-pranata-komputer-a240cf7c-3465-40ee-8046-21993d1f2bff
4216,Asisten Pranata Komputer,BPS Kota Padang,Kota Padang,1 kuota,,"Teknologi Informasi, Ilmu Komputer, Sistem Informasi, Teknik informatika, Teknik Komputer","Sabtu, Minggu",https://maganghub.kemnaker.go.id/magang-nasional/lowongan/asisten-pranata-komputer-a23fa430-db6b-4a91-91b8-8c77dfc04619
4238,Asisten Pranata Komputer,BPS Kota Pagar Alam,Kota Pagar Alam,1 kuota,,"Teknik Informatika, Teknologi Informasi, Ilmu Komputer, Rekayasa Perangkat Lunak, Sistem Informasi","Sabtu, Minggu",https://maganghub.kemnaker.go.id/magang-nasional/lowongan/asisten-pranata-komputer-a240cf7c-3465-40ee-8046-21993d1f2bff
4246,Asisten Pranata Komputer,BPS Kota Cilegon,Kota Cilegon,1 kuota,,"Teknik Informatika, Teknologi Informasi, Ilmu Komputer, Sistem informasi, Teknik Komputer","Sabtu, Minggu",https://maganghub.kemnaker.go.id/magang-nasional/lowongan/asisten-pranata-komputer-a23f4fb8-6cac-458a-8ca6-81d68c5566b3
4252,Asisten Pranata Komputer,BPS Kota Baubau,Kota Bau Bau,3 kuota,,"Teknik Informatika, Sains Data, Ilmu Komputer, Sistem informasi, Teknologi Rekayasa Komputer Jaringan","Sabtu, Minggu",https://maganghub.kemnaker.go.id/magang-nasional/lowongan/asisten-pranata-komputer-a23f4dc5-278b-4c87-8951-f46eaf3105c1
4254,Bidang Teknologi Informatika,Kantor Pencarian dan Pertolongan Kelas A Manado,Kab. Minahasa Utara,2 kuota,,"Teknologi Informasi, Ilmu Komputer, Teknik informatika, Sistem informasi, Pendidikan Teknologi Informatika dan Komputer","Sabtu, Minggu",https://maganghub.kemnaker.go.id/magang-nasional/lowongan/bidang-teknologi-informatika-a243a6cd-760f-4b85-8a1b-8c9f03ab4d89
4256,Asisten Statistisi,BPS Kota Pariaman,Kota Pariaman,3 kuota,,"Sains Data, Ilmu Komputer, Aktuaria, Statistika, Matematika","Sabtu, Minggu",https://maganghub.kemnaker.go.id/magang-nasional/lowongan/asisten-statistisi-a23f52f2-37c4-404e-83a2-5fce1bedc598
4264,Asisten Pranata Komputer,BPS Kota Pariaman,Kota Pariaman,2 kuota,,"Teknik Informatika, Teknologi Informasi, Ilmu Komputer, Rekayasa Perangkat Lunak, Sistem informasi","Sabtu, Minggu",https://maganghub.kemnaker.go.id/magang-nasional/lowongan/asisten-pranata-komputer-a23f51bb-c254-4a10-b14a-06d0474490f0
4267,Asisten Pranata Komputer,BPS Kota Solok,Kota Solok,1 kuota,,"Teknik Informatika, Teknologi Informasi, Sains Data, Ilmu Komputer, Sistem informasi","Sabtu, Minggu",https://maganghub.kemnaker.go.id/magang-nasional/lowongan/asisten-pranata-komputer-a23f51a5-11e0-4a38-832b-e6b8b0a7a9c1
4268,Asisten Pranata Komputer,BPS Kota Pariaman,Kota Pariaman,2 kuota,,"Teknik Informatika, Teknologi Informasi, Ilmu Komputer, Rekayasa Perangkat Lunak, Sistem informasi","Sabtu, Minggu",https://maganghub.kemnaker.go.id/magang-nasional/lowongan/asisten-pranata-komputer-a23f51bb-c254-4a10-b14a-06d0474490f0
4270,Asisten Pranata Komputer,BPS Kota Cilegon,Kota Cilegon,1 kuota,,"Teknik Informatika, Teknologi Informasi, Ilmu Komputer, Sistem informasi, Teknik Komputer","Sabtu, Minggu",https://maganghub.kemnaker.go.id/magang-nasional/lowongan/asisten-pranata-komputer-a23f4fb8-6cac-458a-8ca6-81d68c5566b3
4272,Asisten Pranata Komputer,BPS Kota Bukittinggi,Kota Bukittinggi,1 kuota,,"Teknologi Informasi, Sains Data, Ilmu Komputer, Teknik informatika, Sistem informasi","Sabtu, Minggu",https://maganghub.kemnaker.go.id/magang-nasional/lowongan/asisten-pranata-komputer-a23f762e-f527-4c57-931b-a5edc6d23529
4277,Bidang Kepegawaian,Kantor Pencarian dan Pertolongan Kelas B Manokwari,Kab. Manokwari,1 kuota,,"Teknik Informatika, Ilmu Komputer, Manajemen, Psikologi, Administrasi","Sabtu, Minggu",https://maganghub.kemnaker.go.id/magang-nasional/lowongan/bidang-kepegawaian-a24398e9-b725-46c2-8315-bcc7e6b6c354
4278,Teknologi Informasi,Kantor Pencarian dan Pertolongan Kelas B Palangkaraya,Kota Palangkaraya,1 kuota,,"Teknik Informatika, Teknologi Informasi, Ilmu Komputer, Sistem Informasi, Teknik Telekomunikasi","Sabtu, Minggu",https://maganghub.kemnaker.go.id/magang-nasional/lowongan/teknologi-informasi-a2439a81-9c09-41f4-a069-5697501d2340
4280,Bidang Teknologi Informatika,Kantor Pencarian dan Pertolongan Kelas A Manado,Kab. Minahasa Utara,2 kuota,,"Teknologi Informasi, Ilmu Komputer, Teknik informatika, Sistem informasi, Pendidikan Teknologi Informatika dan Komputer","Sabtu, Minggu",https://maganghub.kemnaker.go.id/magang-nasional/lowongan/bidang-teknologi-informatika-a243a6cd-760f-4b85-8a1b-8c9f03ab4d89
4299,Asisten Statistisi,BPS Kota Ambon,Kota Ambon,2 kuota,,"Sains Data, Ilmu Komputer, Ilmu Ekonomi, Komputasi Statistik, Statistika","Sabtu, Minggu",https://maganghub.kemnaker.go.id/magang-nasional/lowongan/asisten-statistisi-a23ecb64-2af2-449d-97ef-a8e200f7629d
4302,Bidang Pranata Komputer (Pengelolaan Jaringan),Kantor Pencarian dan Pertolongan Kelas A Balikpapan,Kota Balikpapan,1 kuota,,"Teknik Informatika, Teknologi Informasi, Ilmu Komputer, Sistem Komputer, Sistem Informasi","Sabtu, Minggu",https://maganghub.kemnaker.go.id/magang-nasional/lowongan/bidang-pranata-komputer-pengelolaan-jaringan-a24366f1-68ed-452f-92fe-152408382e92
4306,Asisten Pranata Komputer,BPS Kota Bontang,Kota Bontang,2 kuota,,"Teknologi Informasi, Ilmu Komputer, Teknik informatika, sistem informasi, Teknik Komputer","Sabtu, Minggu",https://maganghub.kemnaker.go.id/magang-nasional/lowongan/asisten-pranata-komputer-a23f17d2-9a69-44e9-9025-af63f15cb041
4314,Bidang Pusat Data dan Informasi,Kantor Pencarian dan Pertolongan Kelas A Banjarmasin,Kota Banjarbaru,1 kuota,,"Teknik Informatika, Ilmu Komputer, Teknologi Rekayasa Komputer Jaringan, Manajemen Informatika, Teknik Komputer","Sabtu, Minggu",https://maganghub.kemnaker.go.id/magang-nasional/lowongan/bidang-pusat-data-dan-informasi-a2435597-761f-4abe-bda3-33ac6655834f
4316,Bidang Pranata Komputer (sistem Informasi),Kantor Pencarian dan Pertolongan Kelas A Balikpapan,Kota Balikpapan,1 kuota,,"Teknik Informatika, Teknologi Informasi, Ilmu Komputer, Rekayasa Perangkat Lunak, Sistem informasi","Sabtu, Minggu",https://maganghub.kemnaker.go.id/magang-nasional/lowongan/bidang-pranata-komputer-sistem-informasi-a24367d9-0864-4038-b995-89d5c628f12d
4317,Bidang Teknologi Informasi,Kantor Pencarian dan Pertolongan Kelas A Tanjung Pinang,Kota Tanjung Pinang,1 kuota,,"Teknik Informatika, Informatika, Ilmu Komputer, Sistem Informasi, Pendidikan Teknik Informatika dan Komputer","Sabtu, Minggu",https://maganghub.kemnaker.go.id/magang-nasional/lowongan/bidang-teknologi-informasi-a2436bf3-beec-4663-a029-d68eb527757f
4319,Asisten Statistisi,BPS Kota Ambon,Kota Ambon,2 kuota,,"Sains Data, Ilmu Komputer, Ilmu Ekonomi, Komputasi Statistik, Statistika","Sabtu, Minggu",https://maganghub.kemnaker.go.id/magang-nasional/lowongan/asisten-statistisi-a23ecb64-2af2-449d-97ef-a8e200f7629d
4354,Pengolah Data,Pusat Penyuluhan Kelautan dan Perikanan,Kota Adm. Jakarta Utara,1 kuota,,"Ilmu Komputer, Manajemen Informatika","Sabtu, Minggu",https://maganghub.kemnaker.go.id/magang-nasional/lowongan/pengolah-data-a243ad84-dd7b-4be8-8ae5-faa236d8586c
4362,Asisten Pranata Komputer,BPS Kota Kotamobagu,Kota Kotamobagu,1 kuota,,"Teknik Informatika, Sains Data, Ilmu Komputer, Rekayasa Perangkat Lunak, Sistem Informasi","Sabtu, Minggu",https://maganghub.kemnaker.go.id/magang-nasional/lowongan/asisten-pranata-komputer-a2419560-1d38-49da-b768-e4897782d562
4372,Asisten Pranata Komputer,BPS Kota Surabaya,Kota Surabaya,6 kuota,,"Sains Data, Ilmu Komputer, Teknik informatika, Sistem Informasi","Sabtu, Minggu",https://maganghub.kemnaker.go.id/magang-nasional/lowongan/asisten-pranata-komputer-a241b0fa-6cf3-4ea3-8b69-cb9050b98fb8
4374,Asisten Pranata Komputer,BPS Kota Surabaya,Kota Surabaya,6 kuota,,"Sains Data, Ilmu Komputer, Teknik informatika, Sistem Informasi","Sabtu, Minggu",https://maganghub.kemnaker.go.id/magang-nasional/lowongan/asisten-pranata-komputer-a241b0fa-6cf3-4ea3-8b69-cb9050b98fb8
4376,Asisten Pranata Komputer,BPS Kota Tanjung Balai,Kota Tanjung Balai,2 kuota,,"Teknik Informatika, Sains Data, Ilmu Komputer, Teknologi Rekayasa Komputer, Sistem Informasi","Sabtu, Minggu",https://maganghub.kemnaker.go.id/magang-nasional/lowongan/asisten-pranata-komputer-a242c968-7a6e-4075-bd73-8e11d7c51b53
4377,Asisten Pranata Komputer,BPS Kota Tangerang,Kota Tangerang,1 kuota,,"Teknik Informatika, Teknologi Informasi, Ilmu Komputer, Sistem informasi, Teknik Komputer","Sabtu, Minggu",https://maganghub.kemnaker.go.id/magang-nasional/lowongan/asisten-pranata-komputer-a241e824-97d3-4469-9bb2-a3a7d333145b
4378,Asisten Pranata Komputer,BPS Kota Kotamobagu,Kota Kotamobagu,1 kuota,,"Teknik Informatika, Sains Data, Ilmu Komputer, Rekayasa Perangkat Lunak, Sistem Informasi","Sabtu, Minggu",https://maganghub.kemnaker.go.id/magang-nasional/lowongan/asisten-pranata-komputer-a2419560-1d38-49da-b768-e4897782d562
4383,Asisten Statistisi,BPS Kota Metro,Kota Metro,1 kuota,,"Sains Data, Ilmu Komputer, Aktuaria, Statistika, Matematika","Sabtu, Minggu",https://maganghub.kemnaker.go.id/magang-nasional/lowongan/asisten-statistisi-a2417611-fe5e-4c0a-b8c4-8cc341657a1b
4389,Asisten Pranata Komputer,BPS Kota Probolinggo,Kota Probolinggo,2 kuota,,"Teknik Informatika, Ilmu Komputer, Rekayasa Perangkat Lunak, Rekayasa Keamanan Siber, Teknik Robotika dan Kecerdasan Buatan","Sabtu, Minggu",https://maganghub.kemnaker.go.id/magang-nasional/lowongan/asisten-pranata-komputer-a2417ab1-8b3d-4e13-be46-8d7c8799b1a8
4390,Asisten Pranata Komputer,BPS Kota Jakarta Pusat,Kota Adm. Jakarta Pusat,1 kuota,,"Ilmu Komputer, Teknologi Komputer, Sistem Informasi, Teknik informatika, Teknik Komputer","Sabtu, Minggu",https://maganghub.kemnaker.go.id/magang-nasional/lowongan/asisten-pranata-komputer-a2418a33-5eca-4df0-86d2-9987068acbcc
4395,Asisten Pranata Komputer,BPS Kota Prabumulih,Kota Prabumulih,2 kuota,,"Teknik Informatika, Teknologi Informasi, Sains Data, Ilmu Komputer, Sistem Informasi","Minggu, Sabtu",https://maganghub.kemnaker.go.id/magang-nasional/lowongan/asisten-pranata-komputer-a241706d-9b18-4e95-9c1c-32948035b3c4
4397,Asisten Pranata Komputer,BPS Kota Jakarta Pusat,Kota Adm. Jakarta Pusat,1 kuota,,"Ilmu Komputer, Teknologi Komputer, Sistem Informasi, Teknik informatika, Teknik Komputer","Sabtu, Minggu",https://maganghub.kemnaker.go.id/magang-nasional/lowongan/asisten-pranata-komputer-a2418a33-5eca-4df0-86d2-9987068acbcc
4399,Asisten Pranata Komputer,BPS Kota Probolinggo,Kota Probolinggo,2 kuota,,"Teknik Informatika, Ilmu Komputer, Rekayasa Perangkat Lunak, Rekayasa Keamanan Siber, Teknik Robotika dan Kecerdasan Buatan","Sabtu, Minggu",https://maganghub.kemnaker.go.id/magang-nasional/lowongan/asisten-pranata-komputer-a2417ab1-8b3d-4e13-be46-8d7c8799b1a8
4402,Asisten Statistisi,BPS Kota Metro,Kota Metro,1 kuota,,"Sains Data, Ilmu Komputer, Aktuaria, Statistika, Matematika","Sabtu, Minggu",https://maganghub.kemnaker.go.id/magang-nasional/lowongan/asisten-statistisi-a2417611-fe5e-4c0a-b8c4-8cc341657a1b
4407,Asisten Pranata Komputer,BPS Kota Sungai Penuh,Kota Sungai Penuh,2 kuota,,"Teknik Informatika, Teknologi Informasi, Sains Data, Ilmu Komputer, Sistem Informasi","Sabtu, Minggu",https://maganghub.kemnaker.go.id/magang-nasional/lowongan/asisten-pranata-komputer-a24167d7-e080-432b-ab54-ab305bbf8457
4409,Asisten Pranata Komputer,BPS Kota Kendari,Kota Kendari,4 kuota,,"Teknologi Informasi, Ilmu Komputer, Teknik informatika, Sistem informasi, Teknik Komputer","Sabtu, Minggu",https://maganghub.kemnaker.go.id/magang-nasional/lowongan/asisten-pranata-komputer-a2413a7c-d076-4b55-a140-067934e16d44
4410,Asisten Pranata Komputer,BPS Kota Pekalongan,Kota Pekalongan,1 kuota,,"Teknik Informatika, Teknologi Informasi, Ilmu Komputer, Rekayasa Perangkat Lunak, Sistem Informasi","Sabtu, Minggu",https://maganghub.kemnaker.go.id/magang-nasional/lowongan/asisten-pranata-komputer-a2415443-f470-4462-af1c-dc249a997c22
4415,Asisten Pranata Komputer,BPS Kota Sungai Penuh,Kota Sungai Penuh,2 kuota,,"Teknik Informatika, Teknologi Informasi, Sains Data, Ilmu Komputer, Sistem Informasi","Sabtu, Minggu",https://maganghub.kemnaker.go.id/magang-nasional/lowongan/asisten-pranata-komputer-a24167d7-e080-432b-ab54-ab305bbf8457
4428,Informatika dan Komputer,BPS Kota Sukabumi,Kota Sukabumi,3 kuota,,"Informatika, Ilmu Komputer, Komputasi Statistik","Sabtu, Minggu",https://maganghub.kemnaker.go.id/magang-nasional/lowongan/informatika-dan-komputer-a2410a61-73fc-4e73-8e6a-258c00a5dcdb
4429,Asisten Pranata Komputer,BPS Kota Bandung,Kota Bandung,1 kuota,,"Teknik Informatika, Sains Data, Ilmu Komputer, Sistem dan Teknologi Informasi, Teknik Komputer Dan Jaringan","Sabtu, Minggu",https://maganghub.kemnaker.go.id/magang-nasional/lowongan/asisten-pranata-komputer-a241288f-9a99-49a4-a1ea-094eb63673ab
4430,Asisten Pranata Komputer,BPS Kota Blitar,Kota Blitar,1 kuota,,"Informatika, Rekayasa Perangkat Lunak Aplikasi, Ilmu Komputer, Rekayasa Perangkat Lunak, Teknik Komputer","Sabtu, Minggu",https://maganghub.kemnaker.go.id/magang-nasional/lowongan/asisten-pranata-komputer-a2413881-fb6f-4917-986c-d2dea2eb22b6
4431,Asisten Pranata Komputer,BPS Kota Sawah Lunto,Kota Sawahlunto,1 kuota,,"Teknologi Informasi, Ilmu Komputer, Teknik informatika, Sistem informasi","Sabtu, Minggu",https://maganghub.kemnaker.go.id/magang-nasional/lowongan/asisten-pranata-komputer-a2410a89-1506-4f15-a4f0-4499d1671beb
4432,Asisten Pranata Komputer,BPS Kota Jambi,Kota Jambi,1 kuota,,"Teknik Informatika, Ilmu Komputer, Sistem informasi","Sabtu, Minggu",https://maganghub.kemnaker.go.id/magang-nasional/lowongan/asisten-pranata-komputer-a2411e15-9add-4d11-95c0-afdf75cb630f
4444,Asisten Pranata Komputer,BPS Kota Lubuklinggau,Kota Lubuk Linggau,2 kuota,,"Teknik Informatika, Teknologi Informasi, Ilmu Komputer, Rekayasa Perangkat Lunak, Sistem Informasi","Sabtu, Minggu",https://maganghub.kemnaker.go.id/magang-nasional/lowongan/asisten-pranata-komputer-a2410555-3025-4715-8f68-3f0908a62ad5
4449,Asisten Pranata Komputer,BPS Kota Depok,Kota Depok,1 kuota,,"Teknik Informatika, Teknologi Informasi, Sains Data, Ilmu Komputer, Sistem Informasi","Sabtu, Minggu",https://maganghub.kemnaker.go.id/magang-nasional/lowongan/asisten-pranata-komputer-a240fd10-f8a4-45c9-9fab-965a6c8b56d8
4469,Staf Bidang Informasi Publik dan Hubungan Masyarakat,Sekretariat Badan Pengembangan Sumber Daya Manusia Perdagangan,Kota Adm. Jakarta Pusat,1 kuota,,"Ilmu Komputer, Ilmu Komunikasi, Desain Komunikasi Visual, Desain Grafis","Sabtu, Minggu",https://maganghub.kemnaker.go.id/magang-nasional/lowongan/staf-bidang-informasi-publik-dan-hubungan-masyarakat-a2416387-56c0-4cd3-8b25-ac1be2f39fe6
4470,4. Asisten Pranata Komputer,BPS Kota Pontianak,Kota Pontianak,3 kuota,,"Teknik Informatika, Ilmu Komputer, Sistem informasi","Sabtu, Minggu",https://maganghub.kemnaker.go.id/magang-nasional/lowongan/4.-asisten-pranata-komputer-a243f014-5411-4b49-8c8c-542bcc211d17
4473,Asisten Pranata Komputer,BPS Kota Gorontalo,Kota Gorontalo,1 kuota,,"Teknologi Informasi, Ilmu Komputer, Teknik informatika, Pendidikan Komputer, Teknik Komputer Dan Jaringan","Sabtu, Minggu",https://maganghub.kemnaker.go.id/magang-nasional/lowongan/asisten-pranata-komputer-a243f6f5-9ddb-43b1-b7ed-f1486e3f4302
4485,Asisten Pranata Komputer,BPS Kota Palu,Kota Palu,3 kuota,,"Teknologi Informasi, Sains Data, Ilmu Komputer, Teknik informatika, Teknik Komputer","Sabtu, Minggu",https://maganghub.kemnaker.go.id/magang-nasional/lowongan/asisten-pranata-komputer-a243e1d8-ef5c-4add-b673-69d2ef0a2f8a
4505,Asisten Pranata Komputer,BPS Kota Blitar,Kota Blitar,1 kuota,,"Informatika, Rekayasa Perangkat Lunak Aplikasi, Ilmu Komputer, Rekayasa Perangkat Lunak, Teknik Komputer","Sabtu, Minggu",https://maganghub.kemnaker.go.id/magang-nasional/lowongan/asisten-pranata-komputer-a2435e88-0d2b-43ce-9682-4c48bb278ab1
4506,Asisten Pranata Komputer,BPS Kota Jakarta Utara,Kota Adm. Jakarta Utara,1 kuota,,"Teknik Informatika, Teknologi Informasi, Ilmu Komputer, Keamanan Sistem Informasi, Teknik Komputer","Sabtu, Minggu",https://maganghub.kemnaker.go.id/magang-nasional/lowongan/asisten-pranata-komputer-a2435bc6-074e-46be-bde4-252e42a3133a
4513,Asisten Pranata Komputer,BPS Kota Bekasi,Kota Bekasi,1 kuota,,"Rekayasa Sistem Komputer, Ilmu Komputer, Komputasi Statistik, Teknik Komputer Dan Jaringan, Teknik Komputer","Sabtu, Minggu",https://maganghub.kemnaker.go.id/magang-nasional/lowongan/asisten-pranata-komputer-a2436a38-6456-438e-b500-c5f4f2c86b18
4517,Asisten Pranata Komputer,BPS Kota Malang,Kota Malang,1 kuota,,"Teknik Informatika, Ilmu Komputer, Komunikasi, Sistem informasi, Teknik Komputer","Sabtu, Minggu",https://maganghub.kemnaker.go.id/magang-nasional/lowongan/asisten-pranata-komputer-a243535b-e755-42bc-8c50-01c088945914
4521,Asisten Pranata Komputer,BPS Kota Bekasi,Kota Bekasi,1 kuota,,"Rekayasa Sistem Komputer, Ilmu Komputer, Komputasi Statistik, Teknik Komputer Dan Jaringan, Teknik Komputer","Sabtu, Minggu",https://maganghub.kemnaker.go.id/magang-nasional/lowongan/asisten-pranata-komputer-a2436a38-6456-438e-b500-c5f4f2c86b18
4535,Asisten Pranata Komputer,BPS Kota Jakarta Barat,Kota Adm. Jakarta Barat,2 kuota,,"Teknik Informatika, Teknologi Informasi, Ilmu Komputer, Sistem Informasi, Teknik Komputer","Sabtu, Minggu",https://maganghub.kemnaker.go.id/magang-nasional/lowongan/asisten-pranata-komputer-a242fc63-06ee-44c9-8e34-2133a932dfce
4538,Asisten Pranata Komputer,BPS Kota Gunungsitoli,Kota Gunungsitoli,2 kuota,,"Teknik Informatika, Teknologi Informasi, Sains Data, Ilmu Komputer, Sistem informasi","Sabtu, Minggu",https://maganghub.kemnaker.go.id/magang-nasional/lowongan/asisten-pranata-komputer-a242fe2c-afcd-476e-a3a1-fcbbb06b71ef
4542,Asisten Pranata Komputer,BPS Kota Parepare,Kota Pare Pare,1 kuota,,"Teknik Informatika, Sains Data, Ilmu Komputer, Komputasi Statistik, Sistem Informasi","Sabtu, Minggu",https://maganghub.kemnaker.go.id/magang-nasional/lowongan/asisten-pranata-komputer-a242f975-55c9-405d-8e46-f281debc9790
4543,Asisten Pranata Komputer,BPS Kota Jakarta Barat,Kota Adm. Jakarta Barat,2 kuota,,"Teknik Informatika, Teknologi Informasi, Ilmu Komputer, Sistem Informasi, Teknik Komputer","Sabtu, Minggu",https://maganghub.kemnaker.go.id/magang-nasional/lowongan/asisten-pranata-komputer-a242fc63-06ee-44c9-8e34-2133a932dfce
4547,Asisten Pranata Komputer,BPS Kota Jakarta Timur,Kota Adm. Jakarta Timur,1 kuota,,"Teknik Informatika, Sains Data, Ilmu Komputer, Rekayasa Perangkat Lunak, Sistem Informasi","Sabtu, Minggu",https://maganghub.kemnaker.go.id/magang-nasional/lowongan/asisten-pranata-komputer-a242e666-4c09-461e-88f1-02e3e6a6eadd
4550,Asisten Pranata Komputer,BPS Kota Jakarta Selatan,Kota Adm. Jakarta Selatan,2 kuota,,"Teknik Informatika, Teknologi Informasi, Ilmu Komputer, Rekayasa Perangkat Lunak, Sistem Informasi","Sabtu, Minggu",https://maganghub.kemnaker.go.id/magang-nasional/lowongan/asisten-pranata-komputer-a242f52f-0789-42d1-a666-a6d2f29c4341
4552,Asisten Statistisi,BPS Kota Jakarta Selatan,Kota Adm. Jakarta Selatan,1 kuota,,"Sains Data, Ilmu Komputer, Aktuaria, Statistika, Matematika","Sabtu, Minggu",https://maganghub.kemnaker.go.id/magang-nasional/lowongan/asisten-statistisi-a242f1bb-8799-4e7e-92a3-6eca15d075e9
4563,Asisten Statistisi,BPS Kota Jakarta Selatan,Kota Adm. Jakarta Selatan,1 kuota,,"Sains Data, Ilmu Komputer, Aktuaria, Statistika, Matematika","Sabtu, Minggu",https://maganghub.kemnaker.go.id/magang-nasional/lowongan/asisten-statistisi-a242f1bb-8799-4e7e-92a3-6eca15d075e9
4565,Asisten Pranata Komputer,BPS Kota Tarakan,Kota Tarakan,1 kuota,,"Teknik Informatika, Ilmu Komputer, Rekayasa Perangkat Lunak, Sistem Informasi, Teknik Robotika dan Kecerdasan Buatan","Sabtu, Minggu",https://maganghub.kemnaker.go.id/magang-nasional/lowongan/asisten-pranata-komputer-a242d982-2da3-4a8c-8178-2f1b32b78fb4
4566,Asisten Pranata Komputer,BPS Kota Padangsidimpuan,Kota Padangsidimpuan,1 kuota,,"Teknik Informatika, Ilmu Komputer, Rekayasa Perangkat Lunak, Sistem Informasi, Teknik Komputer Dan Jaringan","Sabtu, Minggu",https://maganghub.kemnaker.go.id/magang-nasional/lowongan/asisten-pranata-komputer-a242e1b5-abef-45d2-a4bd-b05168242741
4575,Asisten Pranata Komputer,BPS Kota Tarakan,Kota Tarakan,1 kuota,,"Teknik Informatika, Ilmu Komputer, Rekayasa Perangkat Lunak, Sistem Informasi, Teknik Robotika dan Kecerdasan Buatan","Sabtu, Minggu",https://maganghub.kemnaker.go.id/magang-nasional/lowongan/asisten-pranata-komputer-a242d982-2da3-4a8c-8178-2f1b32b78fb4
4578,Pengolah Data dan Informasi,Kantor Kesyahbandaran dan Otoritas Pelabuhan Utama Belawan,Kota Medan,1 kuota,,"Ilmu Komputer, Administrasi Publik, Administrasi Perkantoran","Sabtu, Minggu",https://maganghub.kemnaker.go.id/magang-nasional/lowongan/pengolah-data-dan-informasi-a243a753-9c01-4f7f-b69f-51c10b60b8ca
4579,Pengolah Data dan Informasi,Kantor Kesyahbandaran dan Otoritas Pelabuhan Utama Belawan,Kota Medan,2 kuota,,"Ilmu Komputer, Administrasi Publik, Administrasi Perkantoran","Sabtu, Minggu",https://maganghub.kemnaker.go.id/magang-nasional/lowongan/pengolah-data-dan-informasi-a243b260-1619-44d2-9164-6bc7fb02148d
4598,Asisten Pranata Komputer,BPS Kabupaten Solok,Kab. Solok,1 kuota,,"Teknik Informatika, Teknologi Rekayasa Perangkat Lunak, Teknologi Informasi, Ilmu Komputer, Sistem informasi","Sabtu, Minggu",https://maganghub.kemnaker.go.id/magang-nasional/lowongan/asisten-pranata-komputer-a23f6f96-e6c1-4183-9772-bb6481e6cf05
4603,Asisten Pranata komputer,BPS Kabupaten Tanah Datar,Kab. Tanah Datar,2 kuota,,"Teknik Informatika, Teknologi Informasi, Sains Data, Ilmu Komputer, Teknik Komputer Dan Jaringan","Sabtu, Minggu",https://maganghub.kemnaker.go.id/magang-nasional/lowongan/asisten-pranata-komputer-a23f6bf1-1fdf-48a3-b5e0-41022e60cdf6
4607,Asisten Publisitas dan Kehumasan,BPS Kabupaten Sikka,Kab. Sikka,1 kuota,,"Multimedia, Ilmu Komputer, Ilmu Komunikasi, Desain Komunikasi Visual, Hubungan Masyarakat Dan Komunikasi Digital","Sabtu, Minggu",https://maganghub.kemnaker.go.id/magang-nasional/lowongan/asisten-publisitas-dan-kehumasan-a23f5013-8866-4c4d-b580-4cdb2590b076
4611,Asisten Publisitas dan Kehumasan,BPS Kabupaten Sikka,Kab. Sikka,1 kuota,,"Multimedia, Ilmu Komputer, Ilmu Komunikasi, Desain Komunikasi Visual, Hubungan Masyarakat Dan Komunikasi Digital","Sabtu, Minggu",https://maganghub.kemnaker.go.id/magang-nasional/lowongan/asisten-publisitas-dan-kehumasan-a23f5013-8866-4c4d-b580-4cdb2590b076
4616,Asisten Pranata Komputer,BPS Kabupaten Sikka,Kab. Sikka,1 kuota,,"Teknik Informatika, Teknologi Informasi, Ilmu Komputer, Sistem Informasi","Sabtu, Minggu",https://maganghub.kemnaker.go.id/magang-nasional/lowongan/asisten-pranata-komputer-a23f50f0-7326-4bd9-9594-14391d6815f3
4623,Asisten Pranata Komputer,BPS Kabupaten Tanah Bumbu,Kab. Tanah Bumbu,1 kuota,,"Teknik Informatika, Teknologi Informasi, Ilmu Komputer, Sistem Informasi, Teknik Robotika dan Kecerdasan Buatan","Sabtu, Minggu",https://maganghub.kemnaker.go.id/magang-nasional/lowongan/asisten-pranata-komputer-a23f6051-70ab-4b75-9108-d98c274c8710
4626,Asisten Publisitas dan Kehumasan,BPS Kabupaten Sikka,Kab. Sikka,1 kuota,,"Multimedia, Ilmu Komputer, Ilmu Komunikasi, Desain Komunikasi Visual, Hubungan Masyarakat Dan Komunikasi Digital","Sabtu, Minggu",https://maganghub.kemnaker.go.id/magang-nasional/lowongan/asisten-publisitas-dan-kehumasan-a23f5013-8866-4c4d-b580-4cdb2590b076
4627,Asisten Pranata Komputer,BPS Kabupaten Sikka,Kab. Sikka,1 kuota,,"Teknik Informatika, Teknologi Informasi, Ilmu Komputer, Sistem Informasi","Sabtu, Minggu",https://maganghub.kemnaker.go.id/magang-nasional/lowongan/asisten-pranata-komputer-a23f50f0-7326-4bd9-9594-14391d6815f3
4631,Asisten Statistisi,BPS Kabupaten Tanah Laut,Kab. Tanah Laut,2 kuota,,"Sains Data, Ilmu Komputer, Aktuaria, Statistika, Matematika","Sabtu, Minggu",https://maganghub.kemnaker.go.id/magang-nasional/lowongan/asisten-statistisi-a23f4883-d5ff-4320-8c41-97aedb351e23
4634,Asisten Pranata Komputer,BPS Kabupaten Sikka,Kab. Sikka,1 kuota,,"Teknik Informatika, Teknologi Informasi, Ilmu Komputer, Sistem Informasi, Pendidikan Teknologi Informasi","Sabtu, Minggu",https://maganghub.kemnaker.go.id/magang-nasional/lowongan/asisten-pranata-komputer-a23f42e1-3273-44fa-8abe-8045f1c70e45
4636,Asisten Pranata Komputer,BPS Kabupaten Kolaka Timur,Kab. Kolaka Timur,4 kuota,,"Teknik Informatika, Ilmu Komputer, Sistem Komputer, Teknik Komputer Dan Jaringan, Teknik Komputer","Sabtu, Minggu",https://maganghub.kemnaker.go.id/magang-nasional/lowongan/asisten-pranata-komputer-a23f4982-ffdd-4ce6-86d8-8b7cc711bd4b
4639,Asisten Pranata Komputer,BPS Kabupaten Konawe Selatan,Kab. Konawe Selatan,1 kuota,,"Teknik Informatika, Teknologi Informasi, Ilmu Komputer, Rekayasa Perangkat Lunak, Sistem informasi","Sabtu, Minggu",https://maganghub.kemnaker.go.id/magang-nasional/lowongan/asisten-pranata-komputer-a23f4520-79d3-444e-813b-72885e6e72d3
4642,Asisten Pranata Komputer,BPS Kabupaten Sigi,Kab. Sigi,1 kuota,,"Teknik Informatika, Informatika, Ilmu Komputer, Teknologi Komputer, Sistem Informasi","Sabtu, Minggu",https://maganghub.kemnaker.go.id/magang-nasional/lowongan/asisten-pranata-komputer-a23f4bc0-7c51-4ee6-9391-570d271229ed
4653,Asisten Pranata Komputer,BPS Kabupaten Sanggau,Kab. Sanggau,1 kuota,,"Teknik Informatika, Sains Data, Ilmu Komputer, Sistem Informasi, Administrasi Jaringan Komputer","Minggu, Sabtu",https://maganghub.kemnaker.go.id/magang-nasional/lowongan/asisten-pranata-komputer-a23f0c89-6324-4778-8964-9feca6328c78
4656,Asisten Pranata Komputer,BPS Kabupaten Kolaka Utara,Kab. Kolaka Utara,4 kuota,,"Teknik Informatika, Teknologi Informasi, Ilmu Komputer, Sistem informasi, Teknik Komputer","Sabtu, Minggu",https://maganghub.kemnaker.go.id/magang-nasional/lowongan/asisten-pranata-komputer-a23f1d6e-a653-4f5f-8ff6-81b1f5ba5e50
4659,Asisten Pranata Komputer,BPS Kabupaten Kolaka,Kab. Kolaka,2 kuota,,"Teknik Informatika, Teknologi rekayasa Perangkat Lunak, Ilmu Komputer, Sistem Informasi, Teknik Komputer Dan Jaringan","Sabtu, Minggu",https://maganghub.kemnaker.go.id/magang-nasional/lowongan/asisten-pranata-komputer-a23f388a-035c-4172-8574-deff0ab7032e
4661,Asisten Statistisi,BPS Kabupaten Maluku Tengah,Kab. Maluku Tengah,4 kuota,,"Sains Data, Ilmu Komputer, Teknik lndustri, Ekonomi, Statistika","Sabtu, Minggu",https://maganghub.kemnaker.go.id/magang-nasional/lowongan/asisten-statistisi-a23f29c9-71c2-4fb5-9527-5ed1db572649
4678,Asisten Statistisi,BPS Kabupaten Maluku Tenggara,Kab. Maluku Tenggara,2 kuota,,"Sains Data, Ilmu Komputer, Teknik Industri, Ekonomi, Statistika","Sabtu, Minggu",https://maganghub.kemnaker.go.id/magang-nasional/lowongan/asisten-statistisi-a23ef9a8-3beb-4c2b-8e04-0454c3cb0332
4680,Asisten Statistisi,BPS Kabupaten Maluku Tenggara,Kab. Maluku Tenggara,2 kuota,,"Sains Data, Ilmu Komputer, Teknik Industri, Ekonomi, Statistika","Sabtu, Minggu",https://maganghub.kemnaker.go.id/magang-nasional/lowongan/asisten-statistisi-a23ef9a8-3beb-4c2b-8e04-0454c3cb0332
4721,Web Developer (Full-Stack),Sekretariat Badan Penyuluhan dan Pengembangan SDM Kelautan dan Perikanan,Kota Adm. Jakarta Pusat,1 kuota,,"Teknik Informatika, Ilmu Komputer, Rekayasa Perangkat Lunak, Sistem Informasi","Sabtu, Minggu",https://maganghub.kemnaker.go.id/magang-nasional/lowongan/web-developer-full-stack-a243e041-9b44-49e3-be0e-7d3457a08865
4730,Asisten Pranata Komputer,BPS Kabupaten Langkat,Kab. Langkat,1 kuota,,"Teknik Informatika, Sains Data, Ilmu Komputer, Sistem Informasi, Teknik Komputer","Sabtu, Minggu",https://maganghub.kemnaker.go.id/magang-nasional/lowongan/asisten-pranata-komputer-a240e2ac-f3d5-4721-8d8a-c4497e4c0ddb
4740,Asisten Pranata Komputer,BPS Kabupaten Langkat,Kab. Langkat,1 kuota,,"Teknik Informatika, Sains Data, Ilmu Komputer, Sistem Informasi, Teknik Komputer","Sabtu, Minggu",https://maganghub.kemnaker.go.id/magang-nasional/lowongan/asisten-pranata-komputer-a240e2ac-f3d5-4721-8d8a-c4497e4c0ddb
4744,Asisten Statistisi,BPS Kabupaten Tulangbawang,Kab. Tulang Bawang,2 kuota,,"Sains Data, Ilmu Komputer, Ekonomi, Sistem Informasi, Statistika","Sabtu, Minggu",https://maganghub.kemnaker.go.id/magang-nasional/lowongan/asisten-statistisi-a240dfad-5e64-408f-a594-245bb7fed8bc
4747,Asisten Pranata Komputer,BPS Kabupaten Pesisir Barat,Kab. Pesisir Barat,3 kuota,,"Teknik Informatika, Teknologi Informasi, Ilmu Komputer, Sistem Informasi, Teknik Komputer","Sabtu, Minggu",https://maganghub.kemnaker.go.id/magang-nasional/lowongan/asisten-pranata-komputer-a240e08e-f8b3-424e-b62f-fb37201fe153
4761,Asisten Pranata Komputer,BPS Kabupaten Kerinci,Kab. Kerinci,2 kuota,,"Teknik Informatika, Teknologi Informasi, Ilmu Komputer, Rekayasa Perangkat Lunak, Sistem Informasi","Minggu, Sabtu",https://maganghub.kemnaker.go.id/magang-nasional/lowongan/asisten-pranata-komputer-a240d601-123c-4409-8ab8-1c8401336fd3
4765,Asisten Statistisi,BPS Kabupaten Pesisir Barat,Kab. Pesisir Barat,3 kuota,,"Sains Data, Ilmu Komputer, Aktuaria, Statistika, Matematika","Sabtu, Minggu",https://maganghub.kemnaker.go.id/magang-nasional/lowongan/asisten-statistisi-a240d9d7-36e4-4493-a53e-19b36e4e69f6
4771,Asisten Publisitas dan Kehumasan,BPS Kabupaten Hulu Sungai Tengah,Kab. Hulu Sungai Tengah,1 kuota,,"Teknologi Informasi, Ilmu Komputer, Jurnalistik, Ilmu Komunikasi, Desain Grafis","Sabtu, Minggu",https://maganghub.kemnaker.go.id/magang-nasional/lowongan/asisten-publisitas-dan-kehumasan-a240b8e1-e6c9-468a-8a22-43f93ea6cc50
4778,Asisten Statistisi,BPS Kabupaten Hulu Sungai Tengah,Kab. Hulu Sungai Tengah,3 kuota,,"Teknologi Informasi, Ilmu Komputer, Ekonomi, Statistika, Matematika","Sabtu, Minggu",https://maganghub.kemnaker.go.id/magang-nasional/lowongan/asisten-statistisi-a240cb83-8c65-4ee8-9250-7527e947907d
4782,Asisten Pengelola BMN,BPS Kabupaten Hulu Sungai Tengah,Kab. Hulu Sungai Tengah,1 kuota,,"Ilmu Komputer, Manajemen, Administrasi, Manajemen Aset Publik, Akuntansi","Sabtu, Minggu",https://maganghub.kemnaker.go.id/magang-nasional/lowongan/asisten-pengelola-bmn-a240caac-81bd-4b02-a299-2462db8c4b70
4783,Asisten Pranata Komputer,BPS Kabupaten Minahasa Tenggara,Kab. Minahasa Tenggara,2 kuota,,"Ilmu Komputer, Teknologi Rekayasa Komputer, Rekayasa Perangkat Lunak, Sistem Informasi, Teknik informatika","Sabtu, Minggu",https://maganghub.kemnaker.go.id/magang-nasional/lowongan/asisten-pranata-komputer-a23fd68f-ba70-44d9-9542-57aef139105b
4794,Asisten Pranata Komputer,BPS Kabupaten Minahasa Tenggara,Kab. Minahasa Tenggara,2 kuota,,"Ilmu Komputer, Teknologi Rekayasa Komputer, Rekayasa Perangkat Lunak, Sistem Informasi, Teknik informatika","Sabtu, Minggu",https://maganghub.kemnaker.go.id/magang-nasional/lowongan/asisten-pranata-komputer-a23fd68f-ba70-44d9-9542-57aef139105b
4802,Asisten Pranata Komputer,BPS Kabupaten Serang,Kab. Serang,3 kuota,,"Teknik Informatika, Teknologi Informasi, Ilmu Komputer, Sistem informasi, Teknik Komputer","Sabtu, Minggu",https://maganghub.kemnaker.go.id/magang-nasional/lowongan/asisten-pranata-komputer-a23f8de1-e97e-4432-8c20-aae73eb8a8d4
4803,Staf Umum,BPS Kabupaten Musi Banyuasin,Kab. Musi Banyuasin,2 kuota,,"Ekonomi Pembangunan, Ilmu Komputer, Manajemen, Psikologi, Ilmu Pemerintahan","Sabtu, Minggu",https://maganghub.kemnaker.go.id/magang-nasional/lowongan/staf-umum-a23f8e93-bc94-46f2-817e-c4a124fe17ff
4807,Staf Umum,BPS Kabupaten Musi Banyuasin,Kab. Musi Banyuasin,2 kuota,,"Ekonomi Pembangunan, Ilmu Komputer, Manajemen, Psikologi, Ilmu Pemerintahan","Sabtu, Minggu",https://maganghub.kemnaker.go.id/magang-nasional/lowongan/staf-umum-a23f8e93-bc94-46f2-817e-c4a124fe17ff
4821,Asisten Pengelola BMN,BPS Kabupaten Musi Banyuasin,Kab. Musi Banyuasin,2 kuota,,"Ilmu Komputer, Manajemen, Administrasi Publik, Akuntansi, Manajemen Informatika","Sabtu, Minggu",https://maganghub.kemnaker.go.id/magang-nasional/lowongan/asisten-pengelola-bmn-a23f8d43-4d3b-4051-965d-4576862cf638
4826,Asisten Pranata Komputer,BPS Kabupaten Serang,Kab. Serang,3 kuota,,"Teknik Informatika, Teknologi Informasi, Ilmu Komputer, Sistem informasi, Teknik Komputer","Sabtu, Minggu",https://maganghub.kemnaker.go.id/magang-nasional/lowongan/asisten-pranata-komputer-a23f8de1-e97e-4432-8c20-aae73eb8a8d4
4827,Asisten Pranata Komputer,BPS Kabupaten Nunukan,Kab. Nunukan,1 kuota,,"Teknik Informatika, Teknologi Informasi, Sains Data, Ilmu Komputer, Sistem Informasi","Sabtu, Minggu",https://maganghub.kemnaker.go.id/magang-nasional/lowongan/asisten-pranata-komputer-a23fc461-abe3-40e8-99be-e8d7c54659ef
4836,Asisten Pranata Komputer,BPS Kabupaten Pesisir Selatan,Kab. Pesisir Selatan,2 kuota,,"Teknik Informatika, Sains Data, Ilmu Komputer, Rekayasa Perangkat Lunak, Sistem Informasi Geografis","Sabtu, Minggu",https://maganghub.kemnaker.go.id/magang-nasional/lowongan/asisten-pranata-komputer-a23f7d32-0e68-4fef-b04f-3786b5dedc5f
4843,Asisten Statistisi,BPS Kabupaten Solok,Kab. Solok,1 kuota,,"Sains Data, Ilmu Komputer, Aktuaria, Statistika, Matematika","Sabtu, Minggu",https://maganghub.kemnaker.go.id/magang-nasional/lowongan/asisten-statistisi-a23f70b0-fb4e-489a-bc44-893a31ddde95
4858,Asisten Pranata Komputer,BPS Kabupaten Pesisir Selatan,Kab. Pesisir Selatan,2 kuota,,"Teknik Informatika, Sains Data, Ilmu Komputer, Rekayasa Perangkat Lunak, Sistem Informasi Geografis","Sabtu, Minggu",https://maganghub.kemnaker.go.id/magang-nasional/lowongan/asisten-pranata-komputer-a23f7d32-0e68-4fef-b04f-3786b5dedc5f
4866,Asisten Pranata Komputer,BPS Kabupaten Pesisir Selatan,Kab. Pesisir Selatan,2 kuota,,"Teknik Informatika, Sains Data, Ilmu Komputer, Rekayasa Perangkat Lunak, Sistem Informasi Geografis","Sabtu, Minggu",https://maganghub.kemnaker.go.id/magang-nasional/lowongan/asisten-pranata-komputer-a23f7d32-0e68-4fef-b04f-3786b5dedc5f
4886,Programmer / Software Develope,Sekretariat BPSDM,Kota Adm. Jakarta Selatan,3 kuota,,"Teknik Informatika, Ilmu Komputer, Rekayasa Perangkat Lunak, Sistem Informasi","Sabtu, Minggu",https://maganghub.kemnaker.go.id/magang-nasional/lowongan/programmer--software-develope-a243ad8c-c202-4cba-b885-67e5bbb42359
4888,Data Science / Data Analyst,Sekretariat BPSDM,Kota Adm. Jakarta Selatan,1 kuota,,"Teknik Informatika, Ilmu Komputer, Sistem informasi, Statistika, Sains Data Terapan","Sabtu, Minggu",https://maganghub.kemnaker.go.id/magang-nasional/lowongan/data-science--data-analyst-a243ac03-3b3f-45d7-9cf7-40e1257fafa5
4891,Cyber Security Analyst,Sekretariat BPSDM,Kota Adm. Jakarta Selatan,1 kuota,,"Informatika, Teknologi Informasi, Ilmu Komputer, Keamanan Sistem Informasi, Sistem informasi","Sabtu, Minggu",https://maganghub.kemnaker.go.id/magang-nasional/lowongan/cyber-security-analyst-a243aacb-87db-4b92-8329-5f90dfe33c4d
4892,Analis SDM Aparatur,Sekretariat BPSDM,Kota Adm. Jakarta Selatan,5 kuota,,"Ilmu Komputer, Manajemen, Ilmu Administrasi Negara, Administrasi Publik, Hukum","Sabtu, Minggu",https://maganghub.kemnaker.go.id/magang-nasional/lowongan/analis-sdm-aparatur-a243af41-22d1-4261-b02e-3503f2654ead
4897,Staf IT,Kantor Balai Penegakan Hukum Lingkungan Hidup Kota Jambi,Kota Jambi,1 kuota,,"Teknik Informatika, Ilmu Komputer","Sabtu, Minggu",https://maganghub.kemnaker.go.id/magang-nasional/lowongan/staf-it-a241d417-e962-4117-9800-375ab9e48268
4903,Asisten Pranata Komputer,BPS Kabupaten Mojokerto,Kab. Mojokerto,1 kuota,,"Teknologi Rekayasa Perangkat Lunak, Informatika, Ilmu Komputer, Sistem Komputer, Teknik Komputer","Sabtu, Minggu",https://maganghub.kemnaker.go.id/magang-nasional/lowongan/asisten-pranata-komputer-a2412f7b-f549-4d4c-a8ac-c3f231055fe8
4925,Asisten Pranata Komputer,BPS Kabupaten Tulang Bawang Barat,Kab. Tulang Bawang Barat,2 kuota,,"Teknik Informatika, Sains Data, Ilmu Komputer, Sistem Informasi, Teknik Komputer Dan Jaringan","Minggu, Sabtu",https://maganghub.kemnaker.go.id/magang-nasional/lowongan/asisten-pranata-komputer-a2412b29-3670-474d-b55a-4261105bd1eb
4932,Asisten Pranata Komputer,BPS Kabupaten Situbondo,Kab. Situbondo,1 kuota,,"Ilmu Komputer, Rekayasa Perangkat Lunak, Sistem Komputer, Teknik Komputer","Sabtu, Minggu",https://maganghub.kemnaker.go.id/magang-nasional/lowongan/asisten-pranata-komputer-a2411734-bc1b-420f-9d89-2d459206d73d
4935,Asisten Pranata Komputer,BPS Kabupaten Merangin,Kab. Merangin,1 kuota,,"Teknik Informatika, Sains Data, Ilmu Komputer, Komputasi Statistik, Sistem Informasi","Sabtu, Minggu",https://maganghub.kemnaker.go.id/magang-nasional/lowongan/asisten-pranata-komputer-a2411791-61da-496f-838b-0c26f7cef6b6
4955,Asisten Statistisi,BPS Kabupaten Merangin,Kab. Merangin,1 kuota,,"Sains Data, Ilmu Komputer, Aktuaria, Statistika, Matematika","Minggu, Sabtu",https://maganghub.kemnaker.go.id/magang-nasional/lowongan/asisten-statistisi-a24115ad-737d-4fd9-964d-8a0d6d0f7304
4958,Asisten Statistisi,BPS Kabupaten Manggarai,Kab. Manggarai,2 kuota,,"Sains Data, Ilmu Komputer, Aktuaria, Statistika, Matematika","Sabtu, Minggu",https://maganghub.kemnaker.go.id/magang-nasional/lowongan/asisten-statistisi-a2411318-e84c-46be-8b19-02b8b64e093c
4960,Asisten Pranata Komputer,BPS Kabupaten Tangerang,Kab. Tangerang,1 kuota,,"Teknologi Informasi, Ilmu Komputer, Teknik informatika, sistem informasi, Teknik Komputer dan Jaringan","Sabtu, Minggu",https://maganghub.kemnaker.go.id/magang-nasional/lowongan/asisten-pranata-komputer-a240fc9a-05ad-429c-97e4-9f33478667ce
4976,Asisten Statistisi,BPS Kabupaten Tangerang,Kab. Tangerang,4 kuota,,"Sains Data, Ilmu Komputer, Ilmu Ekonomi, Statistika, Matematika","Sabtu, Minggu",https://maganghub.kemnaker.go.id/magang-nasional/lowongan/asisten-statistisi-a240f864-381e-44f8-8f6c-161e089ca5ab
4980,Asisten Statistisi,BPS Kabupaten Malaka,Kab. Malaka,1 kuota,,"Ilmu Komputer, Ekonomi, Teknik informatika, Statistika, Matematika","Sabtu, Minggu",https://maganghub.kemnaker.go.id/magang-nasional/lowongan/asisten-statistisi-a240f931-745b-4cb8-a4c6-08d5c28ba0e9
4982,Asisten Pranata Komputer,BPS Kabupaten Konawe Utara,Kab. Konawe Utara,1 kuota,,"Teknik Informatika, Teknologi Informasi, Ilmu Komputer, Sistem Informasi, Teknik Komputer","Sabtu, Minggu",https://maganghub.kemnaker.go.id/magang-nasional/lowongan/asisten-pranata-komputer-a240f017-7278-4f95-9769-d58d37e97fd8
4987,Asisten Pranata Komputer,BPS Kabupaten Ogan Komering Ulu Selatan,Kab. Ogan Komering Ulu Selatan,1 kuota,,"Teknik Informatika, Ilmu Komputer, Sistem dan Teknologi Informasi, Sistem Informasi, Teknik Komputer Dan Jaringan","Sabtu, Minggu",https://maganghub.kemnaker.go.id/magang-nasional/lowongan/asisten-pranata-komputer-a240e50c-31b0-4282-8159-0e4186680aeb
5026,Staf IT,Pusat Pengembangan Sumber Daya Manusia Ekspor dan Jasa Perdagangan,Kota Adm. Jakarta Barat,1 kuota,,"Informatika, Ilmu Komputer, Teknologi Pendidikan, Sistem Informasi, Pendidikan Informatika","Sabtu, Minggu",https://maganghub.kemnaker.go.id/magang-nasional/lowongan/staf-it-a241726c-a9ee-454e-b1d3-090cd0630e2d
5029,Asisten Pengelolaan Sistem Informasi,Pusat Pengembangan Sumber Daya Manusia,Kab. Bogor,1 kuota,,"Teknik Informatika, Ilmu Komputer, Rekayasa Perangkat Lunak, Sistem Informasi, Manajemen Informatika","Sabtu, Minggu",https://maganghub.kemnaker.go.id/magang-nasional/lowongan/asisten-pengelolaan-sistem-informasi-a2431861-ac02-454d-b3ee-24f12d7f2c30
5031,Staf Bidang Informasi Publik dan Hubungan Masyarakat,Pusat Pengembangan Sumber Daya Manusia Ekspor dan Jasa Perdagangan,Kota Adm. Jakarta Barat,4 kuota,,"Ilmu Komputer, Ilmu Komunikasi, Desain Komunikasi Visual, Desain Grafis","Sabtu, Minggu",https://maganghub.kemnaker.go.id/magang-nasional/lowongan/staf-bidang-informasi-publik-dan-hubungan-masyarakat-a2417a77-ddb0-4b05-9dc9-d70f04dce1fe
5037,Asisten Penelaah Teknis Kebijakan pada Subpokja Standarisasi Pengembangan SDM,Pusat Pengembangan Sumber Daya Manusia Minyak dan Gas Bumi,Kab. Blora,2 kuota,,"Multimedia, Ilmu Komputer, Teknologi Pendidikan, Desain Komunikasi Visual, Pendidikan Teknologi Informasi","Sabtu, Minggu",https://maganghub.kemnaker.go.id/magang-nasional/lowongan/asisten-penelaah-teknis-kebijakan-pada-subpokja-standarisasi-pengembangan-sdm-a2415d3a-e609-4afb-8639-d4984891b22b
5040,"Staf Bidang Pengembangan Program, Kurikulum dan Evaluasi Pelatihan","Balai Pelatihan Sumber Daya Manusia Metrologi, Mutu, dan Jasa Perdagangan",Kab. Bandung Barat,2 kuota,,"Informatika, Ilmu Komputer, Teknologi Pendidikan, Sistem Informasi, Desain Komunikasi Visual","Sabtu, Minggu","https://maganghub.kemnaker.go.id/magang-nasional/lowongan/staf-bidang-pengembangan-program,-kurikulum-dan-evaluasi-pelatihan-a2420a60-4439-43ed-ac75-2122447ac637"
5061,Asisten Pranata Komputer,BPS Kabupaten Ogan Ilir,Kab. Ogan Ilir,2 kuota,,"Teknik Informatika, Teknologi Informasi, Ilmu Komputer, Sistem informasi, Teknik Komputer","Sabtu, Minggu",https://maganghub.kemnaker.go.id/magang-nasional/lowongan/asisten-pranata-komputer-a2416e41-bfc1-423e-a61d-373319903f81
5068,Asisten Pranata Komputer,BPS Kabupaten Pulang Pisau,Kab. Pulang Pisau,2 kuota,,"Teknik Informatika, Sains Data, Ilmu Komputer, Sistem informasi, Teknik Sipil","Minggu, Sabtu",https://maganghub.kemnaker.go.id/magang-nasional/lowongan/asisten-pranata-komputer-a2415ef0-048e-4b75-a1b2-c965d2d56cfe
5071,Asisten Pranata Komputer,BPS Kabupaten Pulang Pisau,Kab. Pulang Pisau,1 kuota,,"Teknik Informatika, Sains Data, Ilmu Komputer, Teknik Sipil, Sistem Informasi","Sabtu, Minggu",https://maganghub.kemnaker.go.id/magang-nasional/lowongan/asisten-pranata-komputer-a2415e25-1dd1-450b-889e-da47c24bdd1a
5072,Asisten Pranata Komputer,BPS Kabupaten Pringsewu,Kab. Pringsewu,1 kuota,,"Teknik Informatika, Teknologi Informasi, Ilmu Komputer, Rekayasa Keamanan Siber, Teknik Komputer","Sabtu, Minggu",https://maganghub.kemnaker.go.id/magang-nasional/lowongan/asisten-pranata-komputer-a2415dc3-3fab-4c55-8fa5-762024b7ad38
5078,Asisten Pranata Komputer,BPS Kabupaten Pringsewu,Kab. Pringsewu,1 kuota,,"Teknik Informatika, Teknologi Informasi, Ilmu Komputer, Rekayasa Keamanan Siber, Teknik Komputer","Sabtu, Minggu",https://maganghub.kemnaker.go.id/magang-nasional/lowongan/asisten-pranata-komputer-a2415dc3-3fab-4c55-8fa5-762024b7ad38
5090,Asisten Statistisi,BPS Kabupaten Padang Pariaman,Kab. Padang Pariaman,2 kuota,,"Sains Data, Ilmu Komputer, sistem informasi, Statistika, Matematika","Sabtu, Minggu",https://maganghub.kemnaker.go.id/magang-nasional/lowongan/asisten-statistisi-a241563a-9643-40c7-a65a-740b97efe514
5091,Asisten Statistisi,BPS Kabupaten Pringsewu,Kab. Pringsewu,1 kuota,,"Sains Data, Ilmu Komputer, Ekonomi, Statistika, Matematika","Sabtu, Minggu",https://maganghub.kemnaker.go.id/magang-nasional/lowongan/asisten-statistisi-a241588b-6734-4f86-b998-6beeeaf058e1
5104,Asisten Pranata Komputer,BPS Kabupaten Mesuji,Kab. Mesuji,2 kuota,,"Teknik Informatika, Sains Data, Ilmu Komputer, Sistem informasi, Teknik Robotika dan Kecerdasan Buatan","Sabtu, Minggu",https://maganghub.kemnaker.go.id/magang-nasional/lowongan/asisten-pranata-komputer-a241440e-061b-44bd-9c1a-0df0d613fbb1
5106,Asisten Statistisi,BPS Kabupaten Kutai Timur,Kab. Kutai Timur,5 kuota,,"Ilmu Komputer, Ekonomi, sistem informasi, Statistika, Matematika","Sabtu, Minggu",https://maganghub.kemnaker.go.id/magang-nasional/lowongan/asisten-statistisi-a2414d5a-936f-436d-9d71-70e8f26c7cf2
5109,Asisten Statistisi,BPS Kabupaten Mesuji,Kab. Mesuji,2 kuota,,"Informatika, Ilmu Komputer, Ekonomi, Statistika, Matematika","Sabtu, Minggu",https://maganghub.kemnaker.go.id/magang-nasional/lowongan/asisten-statistisi-a241438b-a404-4fca-8772-fe613b9857da
5112,Asisten Statistisi,BPS Kabupaten Mesuji,Kab. Mesuji,2 kuota,,"Informatika, Ilmu Komputer, Ekonomi, Statistika, Matematika","Sabtu, Minggu",https://maganghub.kemnaker.go.id/magang-nasional/lowongan/asisten-statistisi-a241438b-a404-4fca-8772-fe613b9857da
5116,Asisten Statistisi,BPS Kabupaten Kutai Timur,Kab. Kutai Timur,5 kuota,,"Ilmu Komputer, Ekonomi, sistem informasi, Statistika, Matematika","Sabtu, Minggu",https://maganghub.kemnaker.go.id/magang-nasional/lowongan/asisten-statistisi-a2414d5a-936f-436d-9d71-70e8f26c7cf2
5124,Asisten Publisitas dan Kehumasan,BPS Kabupaten Mesuji,Kab. Mesuji,2 kuota,,"Multimedia, Ilmu Komputer, Komunikasi, Jurnalistik, Desain Grafis","Sabtu, Minggu",https://maganghub.kemnaker.go.id/magang-nasional/lowongan/asisten-publisitas-dan-kehumasan-a2413e02-f1d3-4b03-befa-61dd1c97d6d0
5126,Asisten Statistisi,BPS Kabupaten Hulu Sungai Selatan,Kab. Hulu Sungai Selatan,1 kuota,,"Sains Data, Ilmu Komputer, Sistem Informasi, Statistika, Matematika","Sabtu, Minggu",https://maganghub.kemnaker.go.id/magang-nasional/lowongan/asisten-statistisi-a2413f0d-fcff-46e7-b373-d8e5c4a0291a
5130,Staf Umum,BPS Kabupaten Mesuji,Kab. Mesuji,1 kuota,,"Ilmu Komputer, Komunikasi, Manajemen, Administrasi, Teknik Elektro","Sabtu, Minggu",https://maganghub.kemnaker.go.id/magang-nasional/lowongan/staf-umum-a2413ff9-49b0-4e4d-aeac-d2c9b6c93105
5131,Asisten Statistisi,BPS Kabupaten Hulu Sungai Selatan,Kab. Hulu Sungai Selatan,1 kuota,,"Sains Data, Ilmu Komputer, Sistem Informasi, Statistika, Matematika","Sabtu, Minggu",https://maganghub.kemnaker.go.id/magang-nasional/lowongan/asisten-statistisi-a2413f0d-fcff-46e7-b373-d8e5c4a0291a
5132,Asisten Pranata Komputer,BPS Kabupaten Takalar,Kab. Takalar,2 kuota,,"Teknik Informatika, Ilmu Komputer, Teknik Elektro, Rekayasa Keamanan Siber, Teknik Komputer","Sabtu, Minggu",https://maganghub.kemnaker.go.id/magang-nasional/lowongan/asisten-pranata-komputer-a2413e91-1eec-486b-8a69-74bd4a454292
5133,Asisten Pranata Komputer,BPS Kabupaten Gunungkidul,Kab. Gunungkidul,1 kuota,,"Teknik Informatika, Ilmu Komputer, Teknologi Rekayasa Komputer, Sistem informasi, Teknik Komputer","Sabtu, Minggu",https://maganghub.kemnaker.go.id/magang-nasional/lowongan/asisten-pranata-komputer-a2413dd4-9379-4706-b83a-983c9baaf065
5145,Asisten Statistisi,BPS Kabupaten Sukamara,Kab. Sukamara,2 kuota,,"Informatika, Ilmu Komputer, Ekonomi, Statistika, Matematika","Sabtu, Minggu",https://maganghub.kemnaker.go.id/magang-nasional/lowongan/asisten-statistisi-a241325d-d05b-45c9-9dc3-e19c9d555696
5148,Asisten Pranata Komputer,BPS Kabupaten Sukamara,Kab. Sukamara,1 kuota,,"Teknik Informatika, Teknologi Informasi, Sains Data, Ilmu Komputer, Teknik Komputer","Sabtu, Minggu",https://maganghub.kemnaker.go.id/magang-nasional/lowongan/asisten-pranata-komputer-a2413344-d28f-43b1-9551-8e25de91a7b8
5288,Asisten Pranata Komputer,BPS Kabupaten Musi Rawas Utara,Kab. Musi Rawas Utara,2 kuota,,"Teknik Informatika, Teknologi Informasi, Ilmu Komputer, Sistem informasi, Teknik Komputer","Sabtu, Minggu",https://maganghub.kemnaker.go.id/magang-nasional/lowongan/asisten-pranata-komputer-a24210eb-5756-4ac4-b8ee-6f4c99b77041
5296,Asisten Statistisi,BPS Kabupaten Wakatobi,Kab. Wakatobi,2 kuota,,"Sains Data, Ilmu Komputer, Statistik, Sistem informasi, Matematika","Sabtu, Minggu",https://maganghub.kemnaker.go.id/magang-nasional/lowongan/asisten-statistisi-a241d0c5-1a23-4a0d-a0ea-36a997578591
5301,Asisten Pranata Komputer,BPS Kabupaten Konawe,Kab. Konawe,2 kuota,,"Teknik Informatika, Teknologi Informasi, Ilmu Komputer, Rekayasa Perangkat Lunak, Teknik Robotika dan Kecerdasan Buatan","Sabtu, Minggu",https://maganghub.kemnaker.go.id/magang-nasional/lowongan/asisten-pranata-komputer-a241de02-67ca-4f67-a1e2-9b3d0a4d6f1b
5305,Asisten Pranata Komputer,BPS Kabupaten Wakatobi,Kab. Wakatobi,2 kuota,,"Sains Data, Ilmu Komputer, Teknik informatika, Sistem informasi, Teknik Robotika dan Kecerdasan Buatan","Sabtu, Minggu",https://maganghub.kemnaker.go.id/magang-nasional/lowongan/asisten-pranata-komputer-a241cfde-19a5-4f43-a85d-e52ded25e0c4
5307,Asisten Pranata Komputer,BPS Kabupaten Sampang,Kab. Sampang,1 kuota,,"Informatika, Ilmu Komputer, Rekayasa Perangkat Lunak, Sistem Komputer, Teknik Komputer","Sabtu, Minggu",https://maganghub.kemnaker.go.id/magang-nasional/lowongan/asisten-pranata-komputer-a241d3f7-8be2-46ba-aad1-378640bd416d
5312,Asisten Statistisi,BPS Kabupaten Wakatobi,Kab. Wakatobi,2 kuota,,"Sains Data, Ilmu Komputer, Statistik, Sistem informasi, Matematika","Sabtu, Minggu",https://maganghub.kemnaker.go.id/magang-nasional/lowongan/asisten-statistisi-a241d0c5-1a23-4a0d-a0ea-36a997578591
5314,Asisten Pranata Komputer,BPS Kabupaten Konawe,Kab. Konawe,2 kuota,,"Teknik Informatika, Teknologi Informasi, Ilmu Komputer, Rekayasa Perangkat Lunak, Teknik Robotika dan Kecerdasan Buatan","Sabtu, Minggu",https://maganghub.kemnaker.go.id/magang-nasional/lowongan/asisten-pranata-komputer-a241de02-67ca-4f67-a1e2-9b3d0a4d6f1b
5327,Asisten Pranata Komputer,BPS Kabupaten Enrekang,Kab. Enrekang,2 kuota,,"Teknologi Informasi, Ilmu Komputer, Teknologi Rekayasa Komputer, Sistem Informasi","Sabtu, Minggu",https://maganghub.kemnaker.go.id/magang-nasional/lowongan/asisten-pranata-komputer-a241b7fb-8b92-42ed-8011-73fbb1eec0f3
5332,Asisten Pranata Komputer,BPS Kabupaten Ngada,Kab. Ngada,1 kuota,,"Teknik Informatika, Teknologi Informasi, Ilmu Komputer, Teknik Komputer","Sabtu, Minggu",https://maganghub.kemnaker.go.id/magang-nasional/lowongan/asisten-pranata-komputer-a241a0b6-6490-44b3-9254-1ddb2244be31
5337,Asisten Statistisi,BPS Kabupaten Pohuwato,Kab. Pahuwato,3 kuota,,"Sains Data, Ilmu Komputer, Sistem Informasi, Statistika, Matematika","Sabtu, Minggu",https://maganghub.kemnaker.go.id/magang-nasional/lowongan/asisten-statistisi-a241934a-4fdf-4035-803a-70cf14745298
5343,Asisten Pranata Komputer,BPS Kabupaten Pohuwato,Kab. Pahuwato,1 kuota,,"Teknik Informatika, Teknologi Informasi, Ilmu Komputer, Sistem Informasi, Teknik Elektro","Minggu, Sabtu",https://maganghub.kemnaker.go.id/magang-nasional/lowongan/asisten-pranata-komputer-a24194ee-4e27-444b-9c47-8ee29bb41e27
5344,Asisten Pranata Komputer,BPS Kabupaten Pandeglang,Kab. Pandeglang,1 kuota,,"Teknologi Informasi, Ilmu Komputer, Teknik informatika, Sistem informasi, Teknik Komputer","Sabtu, Minggu",https://maganghub.kemnaker.go.id/magang-nasional/lowongan/asisten-pranata-komputer-a2417e3a-4b69-4fe2-9ecf-789895f02ceb
5347,Asisten Pranata Komputer,BPS Kabupaten Ngada,Kab. Ngada,1 kuota,,"Teknik Informatika, Teknologi Informasi, Ilmu Komputer, Teknik Komputer","Sabtu, Minggu",https://maganghub.kemnaker.go.id/magang-nasional/lowongan/asisten-pranata-komputer-a241a0b6-6490-44b3-9254-1ddb2244be31
5350,Asisten Statistisi,BPS Kabupaten Paser,Kab. Paser,3 kuota,,"Informatika, Ilmu Komputer, Ekonomi, Statistika, Matematika","Sabtu, Minggu",https://maganghub.kemnaker.go.id/magang-nasional/lowongan/asisten-statistisi-a24171cc-ef16-4a1b-ba6f-d699c6aff97d
5351,Asisten Statistisi,BPS Kabupaten Pandeglang,Kab. Pandeglang,1 kuota,,"Ilmu Komputer, Statistika, Demografi dan Pencatatan Sipil, Matematika","Sabtu, Minggu",https://maganghub.kemnaker.go.id/magang-nasional/lowongan/asisten-statistisi-a2417b78-4089-4d69-9690-b6dde08df520
5378,PRANATA KOMPUTER,Balai Pelatihan Hukum Semarang,Kota Semarang,1 kuota,,"Teknik Informatika, Ilmu Komputer, Sistem informasi","Sabtu, Minggu",https://maganghub.kemnaker.go.id/magang-nasional/lowongan/pranata-komputer-a23eda16-01af-4033-a623-6e12dbca7df2
5460,Asisten Pranata Komputer,BPS Kabupaten Lampung Utara,Kab. Lampung Utara,1 kuota,,"Teknik Informatika, Teknologi Informasi, Ilmu Komputer, Rekayasa Perangkat Lunak, Teknik Komputer","Sabtu, Minggu",https://maganghub.kemnaker.go.id/magang-nasional/lowongan/asisten-pranata-komputer-a242fb52-e035-4eb9-94ca-05783a8a728b
5504,Programmer,Pusat Pengembangan Kompetensi Manajemen,Kota Adm. Jakarta Selatan,1 kuota,,"Teknik Informatika, Informatika, Ilmu Komputer, Ilmu Informatika, Teknik Komputer","Sabtu, Minggu",https://maganghub.kemnaker.go.id/magang-nasional/lowongan/programmer-a243c9ce-c643-41dc-9284-95beeb1da4cb
5525,Asisten Pranata Komputer,BPS Kabupaten Lebong,Kab. Lebong,1 kuota,,"Teknik Informatika, Teknologi Informasi, Ilmu Komputer, Sistem informasi, Teknik Komputer","Sabtu, Minggu",https://maganghub.kemnaker.go.id/magang-nasional/lowongan/asisten-pranata-komputer-a242ef9c-27f0-4c8e-950b-77222cd37d5f
5539,Asisten Pranata Komputer,BPS Kabupaten Jombang,Kab. Jombang,1 kuota,,"Teknik Informatika, Ilmu Komputer, Sistem informasi","Sabtu, Minggu",https://maganghub.kemnaker.go.id/magang-nasional/lowongan/asisten-pranata-komputer-a242e5fc-c0db-4ad0-be0a-663da70b3ab5
5540,Asisten Pranata Komputer,BPS Kabupaten Pasangkayu,Kab. Mamuju Utara,2 kuota,,"Teknik Informatika, Teknologi Informasi, Sains Data, Ilmu Komputer, Sistem informasi","Minggu, Sabtu",https://maganghub.kemnaker.go.id/magang-nasional/lowongan/asisten-pranata-komputer-a242e345-684c-432a-8c25-5e4b2d843d43
5543,Asisten Pranata Komputer,BPS Kabupaten Trenggalek,Kab. Trenggalek,1 kuota,,"Teknik Informatika, Sains Data, Ilmu Komputer, Sistem Informasi, Teknik Robotika dan Kecerdasan Buatan","Sabtu, Minggu",https://maganghub.kemnaker.go.id/magang-nasional/lowongan/asisten-pranata-komputer-a242e3fb-6777-4b05-844f-840c96ba5347
5544,Asisten Statistisi,BPS Kabupaten Mamuju,Kab. Mamuju,4 kuota,,"Sains Data, Ilmu Komputer, Sistem informasi, Statistika, Matematika","Sabtu, Minggu",https://maganghub.kemnaker.go.id/magang-nasional/lowongan/asisten-statistisi-a242ea96-f44e-426b-964d-4c911e845bb1
5550,Asisten Pranata Komputer,BPS Kabupaten Pasangkayu,Kab. Mamuju Utara,2 kuota,,"Teknik Informatika, Teknologi Informasi, Sains Data, Ilmu Komputer, Sistem informasi","Minggu, Sabtu",https://maganghub.kemnaker.go.id/magang-nasional/lowongan/asisten-pranata-komputer-a242e345-684c-432a-8c25-5e4b2d843d43
5552,Asisten Pranata Komputer,BPS Kabupaten Jombang,Kab. Jombang,1 kuota,,"Teknik Informatika, Ilmu Komputer, Sistem informasi","Sabtu, Minggu",https://maganghub.kemnaker.go.id/magang-nasional/lowongan/asisten-pranata-komputer-a242e5fc-c0db-4ad0-be0a-663da70b3ab5
5568,Asisten Statistisi,BPS Kabupaten Maros,Kab. Maros,3 kuota,,"Sains Data, Ilmu Komputer, Statistik, Matematika","Sabtu, Minggu",https://maganghub.kemnaker.go.id/magang-nasional/lowongan/asisten-statistisi-a242da9e-b221-4b31-95c6-a1b6fb425e4c
5574,Asisten Pranata Komputer,BPS Kabupaten Nagan Raya,Kab. Nagan Raya,3 kuota,,"Teknik Informatika, Teknologi Informasi, Ilmu Komputer, Sistem informasi, Teknik Komputer","Sabtu, Minggu",https://maganghub.kemnaker.go.id/magang-nasional/lowongan/asisten-pranata-komputer-a242dc31-4877-4d3c-9c70-86dad361d087
5577,Asisten Statistisi,BPS Kabupaten Tana Toraja,Kab. Tana Toraja,2 kuota,,"Ilmu Komputer, Statistika, Matematika","Sabtu, Minggu",https://maganghub.kemnaker.go.id/magang-nasional/lowongan/asisten-statistisi-a242b679-c47a-4d0c-965f-dd2686f583ce
5581,Asisten Statistisi,BPS Kabupaten Seram Bagian Barat,Kab. Seram Bagian Barat,1 kuota,,"Sains Data, Ilmu Komputer, Teknik Industri, Ilmu Ekonomi, Statistika","Sabtu, Minggu",https://maganghub.kemnaker.go.id/magang-nasional/lowongan/asisten-statistisi-a242ce66-14e0-488a-b1f6-c97c3970a797
5585,Asisten Pengelola BMN,BPS Kabupaten Tana Toraja,Kab. Tana Toraja,1 kuota,,"Ilmu Komputer, Manajemen, Administrasi","Sabtu, Minggu",https://maganghub.kemnaker.go.id/magang-nasional/lowongan/asisten-pengelola-bmn-a242b55a-255e-40ea-8f95-2575cce6b0de
5586,Asisten Pranata Komputer,BPS Kabupaten Seram Bagian Barat,Kab. Seram Bagian Barat,1 kuota,,"Teknik Informatika, Ilmu Komputer, Pendidikan Sistem dan Teknologi Informasi, Teknik Elektronika, Sistem informasi","Sabtu, Minggu",https://maganghub.kemnaker.go.id/magang-nasional/lowongan/asisten-pranata-komputer-a242cd49-98b8-44fd-8599-8609186ff29d
5589,Asisten Arsiparis,BPS Kabupaten Tana Toraja,Kab. Tana Toraja,1 kuota,,"Ilmu Komputer, Kearsipan, Manajemen, Administrasi","Sabtu, Minggu",https://maganghub.kemnaker.go.id/magang-nasional/lowongan/asisten-arsiparis-a242bdb2-2834-48fe-87eb-e8700237dce5
5590,Asisten Pranata Komputer,BPS Kabupaten Kepulauan Talaud,Kab. Kepulauan Talaud,2 kuota,,"Teknik Informatika, Teknologi Informasi, Ilmu Komputer, Sistem Informasi, Teknik Komputer","Sabtu, Minggu",https://maganghub.kemnaker.go.id/magang-nasional/lowongan/asisten-pranata-komputer-a242cdd0-14b4-4814-8fce-0e9a61bb207c
5593,Asisten Statistisi,BPS Kabupaten Maluku Barat Daya,Kab. Maluku Barat Daya,1 kuota,,"Sains Data, Ilmu Komputer, Teknik Industri, Ekonomi, Statistika","Sabtu, Minggu",https://maganghub.kemnaker.go.id/magang-nasional/lowongan/asisten-statistisi-a242b7c2-93b6-4cf6-a77e-cdc80fac7b70
5595,Asisten Statistisi,BPS Kabupaten Tana Toraja,Kab. Tana Toraja,2 kuota,,"Ilmu Komputer, Statistika, Matematika","Sabtu, Minggu",https://maganghub.kemnaker.go.id/magang-nasional/lowongan/asisten-statistisi-a242b679-c47a-4d0c-965f-dd2686f583ce
5629,Pengelola Kesisteman,KANIM KELAS I NON TPI DEPOK,Kota Depok,1 kuota,,"Teknik Informatika, Ilmu Komputer, Teknik Komputer dan Jaringan","Sabtu, Minggu",https://maganghub.kemnaker.go.id/magang-nasional/lowongan/pengelola-kesisteman-a2414a72-8cba-442c-899c-8e578ee9bcb2
5741,PENGELOLA KEHUMASAN,KANIM KELAS II TPI BIAK,Kab. Biak Numfor,4 kuota,,"Teknik Informatika, Ilmu Komputer, Hubungan Internasional, Ilmu Komunikasi, Desain Komunikasi Visual","Sabtu, Minggu",https://maganghub.kemnaker.go.id/magang-nasional/lowongan/pengelola-kehumasan-a240f18a-0c9b-4955-a52e-64121b0f0557
5771,Asisten Pranta Komputer,BPS Kabupaten Labuhan Batu Utara,Kab. Labuhanbatu Utara,2 kuota,,"Teknik Informatika, Teknologi Informasi, Ilmu Komputer, Rekayasa Perangkat Lunak, Sistem Informasi","Sabtu, Minggu",https://maganghub.kemnaker.go.id/magang-nasional/lowongan/asisten-pranta-komputer-a2436fa1-8108-4fc9-973b-5e0a608faf7b
5773,Asisten Pranata Komputer,BPS Kabupaten Seluma,Kab. Seluma,1 kuota,,"Teknik Informatika, Ilmu Komputer, Komputasi Statistik, Sistem dan Teknologi Informasi, Sistem Informasi","Sabtu, Minggu",https://maganghub.kemnaker.go.id/magang-nasional/lowongan/asisten-pranata-komputer-a2436ba9-008a-4e39-92a5-a2c017e54028
5774,Asisten Statistisi,BPS Kabupaten Seluma,Kab. Seluma,3 kuota,,"Ilmu Komputer, Ekonomi, Sistem Informasi, Statistika, Matematika","Sabtu, Minggu",https://maganghub.kemnaker.go.id/magang-nasional/lowongan/asisten-statistisi-a243688e-cba7-4ffd-973a-0f135444bc06
5775,Asisten Pranata Komputer,BPS Kabupaten Tojo Una-Una,Kab. Tojo Una Una,1 kuota,,"Sains Data, Ilmu Komputer, Teknologi Komputer, Sistem Informasi, Teknik informatika","Sabtu, Minggu",https://maganghub.kemnaker.go.id/magang-nasional/lowongan/asisten-pranata-komputer-a2436df5-5df3-4b93-aaf8-0fb4463e1542
5783,Asisten Statistisi,BPS Kabupaten Hulu Sungai Utara,Kab. Hulu Sungai Utara,2 kuota,,"Ilmu Komputer, Statistika dan Sains Data, Statistika, Ilmu Informatika, Matematika","Sabtu, Minggu",https://maganghub.kemnaker.go.id/magang-nasional/lowongan/asisten-statistisi-a243455f-322d-4966-bb0f-76f0b72a070b
5799,Asisten Pranata Komputer,BPS Kabupaten Luwu Utara,Kab. Luwu Utara,1 kuota,,"Teknologi Informasi, Ilmu Komputer, Teknik informatika, Sistem informasi, Teknik Komputer","Sabtu, Minggu",https://maganghub.kemnaker.go.id/magang-nasional/lowongan/asisten-pranata-komputer-a24308ab-d036-4d2b-b238-1eed55ab0f9b
5805,Asisten Statistisi,BPS Kabupaten Lahat,Kab. Lahat,4 kuota,,"Ilmu Komputer, Statistika, Sistem Informasi, Ilmu Informatika, Matematika","Sabtu, Minggu",https://maganghub.kemnaker.go.id/magang-nasional/lowongan/asisten-statistisi-a243334e-f74f-43b2-990d-f4a4702ef205
5807,Asisten Pranata Komputer,BPS Kabupaten Jember,Kab. Jember,1 kuota,,"Informatika, Ilmu Komputer, Rekayasa Perangkat Lunak, Teknik Komputer Dan Jaringan, Teknik Komputer","Sabtu, Minggu",https://maganghub.kemnaker.go.id/magang-nasional/lowongan/asisten-pranata-komputer-a2430d27-3e2f-4d90-ae36-4115a8b0ed44
5810,Asisten Pranata Komputer,BPS Kabupaten Kupang,Kab. Kupang,4 kuota,,"Teknologi rekayasa Perangkat Lunak, Ilmu Komputer, Teknik informatika, Teknik Komputer, Teknologi Informatika Multimedia Digital","Sabtu, Minggu",https://maganghub.kemnaker.go.id/magang-nasional/lowongan/asisten-pranata-komputer-a243321c-54cf-41e5-9253-11d2af228d21
5815,Asisten Pranata Komputer,BPS Kabupaten Luwu Utara,Kab. Luwu Utara,1 kuota,,"Teknologi Informasi, Ilmu Komputer, Teknik informatika, Sistem informasi, Teknik Komputer","Sabtu, Minggu",https://maganghub.kemnaker.go.id/magang-nasional/lowongan/asisten-pranata-komputer-a24308ab-d036-4d2b-b238-1eed55ab0f9b
5828,Asisten Pranata Komputer,BPS Kabupaten Mukomuko,Kab. Muko Muko,3 kuota,,"Ilmu Komputer, Rekayasa Perangkat Keras Kriptografi, Sistem dan Teknologi Informasi, Rekayasa Keamanan Siber, Teknik Perangkat Lunak","Sabtu, Minggu",https://maganghub.kemnaker.go.id/magang-nasional/lowongan/asisten-pranata-komputer-a242fded-a531-4f6c-b063-1ec6d99ac348
5977,Pengelola Infrastruktur TIK,"Pusat Pengelolaan Talenta, BPSDM",Kota Adm. Jakarta Selatan,1 kuota,,"Ilmu Komputer, Rekayasa Perangkat Lunak, Sistem Informasi, Teknik informatika, Manajemen Informatika","Sabtu, Minggu",https://maganghub.kemnaker.go.id/magang-nasional/lowongan/pengelola-infrastruktur-tik-a243d269-260c-4005-ad53-6bf2d960862c
5983,Pranata Komputer,Balai Laboratorium Kesehatan Masyarakat Medan,Kota Medan,1 kuota,,Ilmu Komputer,"Sabtu, Minggu",https://maganghub.kemnaker.go.id/magang-nasional/lowongan/pranata-komputer-a2415e0f-ac05-4d07-9b67-21f588d24337
6000,Asisten Pranata Komputer,BPS Kabupaten Rokan Hulu,Kab. Rokan Hulu,1 kuota,,"Teknologi Informasi, Sains Data, Ilmu Komputer, Rekayasa Perangkat Lunak, Sistem Informasi","Sabtu, Minggu",https://maganghub.kemnaker.go.id/magang-nasional/lowongan/asisten-pranata-komputer-a243a40d-59b3-4982-a875-92fc3e14296d
6003,Asisten Pranata Komputer,BPS Kabupaten Sumba Barat Daya,Kab. Sumba Barat Daya,5 kuota,,"Teknik Informatika, Teknologi Informasi, Sains Data, Ilmu Komputer, Teknik Komputer","Sabtu, Minggu",https://maganghub.kemnaker.go.id/magang-nasional/lowongan/asisten-pranata-komputer-a2439e17-54b2-4673-b3f5-8b07397d117c
6004,Asisten Pranata Komputer,BPS Kabupaten Sijunjung,Kab. Sijunjung,1 kuota,,"Teknik Informatika, Ilmu Komputer, Sistem Informasi, Manajemen Informatika, Teknik Komputer","Sabtu, Minggu",https://maganghub.kemnaker.go.id/magang-nasional/lowongan/asisten-pranata-komputer-a2439f76-235e-4964-9e70-b34d1705f185
6005,Asisten Publisitas dan Kehumasan,BPS Kabupaten Sijunjung,Kab. Sijunjung,1 kuota,,"Multimedia, Ilmu Komputer, Hubungan Masyarakat, Ilmu Komunikasi, Desain Komunikasi Visual","Minggu, Sabtu",https://maganghub.kemnaker.go.id/magang-nasional/lowongan/asisten-publisitas-dan-kehumasan-a2439b95-76ee-4082-abd9-9f638b366698
6013,Asisten Pranata Komputer,BPS Kabupaten Rokan Hilir,Kab. Rokan Hilir,1 kuota,,"Teknik Informatika, Teknologi Informasi, Ilmu Komputer, Statistika dan Sains Data, Sistem Informasi","Sabtu, Minggu",https://maganghub.kemnaker.go.id/magang-nasional/lowongan/asisten-pranata-komputer-a2438c71-0b6c-47e3-a898-7db3ac9ccb9a
6018,Asisten Pranata Komputer,BPS Kabupaten Kayong Utara,Kab. Kayong Utara,2 kuota,,"Teknik Informatika, Teknologi Informasi, Ilmu Komputer, Sistem Informasi, Teknik Komputer Dan Jaringan","Sabtu, Minggu",https://maganghub.kemnaker.go.id/magang-nasional/lowongan/asisten-pranata-komputer-a24383a7-d33b-4d5d-9123-c93d05feca14
6021,Asisten Statistisi,BPS Kabupaten Tapin,Kab. Tapin,1 kuota,,"Sains Data, Ilmu Komputer, Aktuaria, Statistika, Matematika","Sabtu, Minggu",https://maganghub.kemnaker.go.id/magang-nasional/lowongan/asisten-statistisi-a2438630-aa2d-492c-a736-a5689b5c014c
6028,Asisten Pranata Komputer,BPS Kabupaten Karanganyar,Kab. Karanganyar,1 kuota,,"Teknik Informatika, Ilmu Komputer","Sabtu, Minggu",https://maganghub.kemnaker.go.id/magang-nasional/lowongan/asisten-pranata-komputer-a24382d4-5912-4b1f-8f31-cc577927906e
6034,Analis Data dan Informasi,Pusat Pendidikan Kelautan dan Perikanan,Kota Adm. Jakarta Pusat,1 kuota,,"Ilmu Komputer, Statistik, Sistem Informasi, Matematika","Sabtu, Minggu",https://maganghub.kemnaker.go.id/magang-nasional/lowongan/analis-data-dan-informasi-a243af66-99cd-43e7-b630-90cc35887827
6080,PENGELOLA DAN PENYUSUN LAPORAN,KANIM KELAS I TPI POLONIA,Kota Medan,2 kuota,,"Ilmu Komputer, Manajemen, Ilmu Politik, Akuntansi, Hukum","Sabtu, Minggu",https://maganghub.kemnaker.go.id/magang-nasional/lowongan/pengelola-dan-penyusun-laporan-a243794f-421a-430a-9b24-62fefbd3ca00
6088,PENGELOLA DAN PENYUSUN LAPORAN,KANIM KELAS I TPI POLONIA,Kota Medan,2 kuota,,"Ilmu Komputer, Manajemen, Ilmu Politik, Akuntansi, Hukum","Sabtu, Minggu",https://maganghub.kemnaker.go.id/magang-nasional/lowongan/pengelola-dan-penyusun-laporan-a243794f-421a-430a-9b24-62fefbd3ca00
6108,ASISTEN PENGEMBANGAN WEB,KANIM KELAS I NON TPI PATI,Kab. Pati,1 kuota,,"Teknik Informatika, Ilmu Komputer, Sistem dan Teknologi Informasi","Sabtu, Minggu",https://maganghub.kemnaker.go.id/magang-nasional/lowongan/asisten-pengembangan-web-a242ffe3-7310-4649-97d5-b8e8730c11d5
6129,Pengelola Kehumasan,KANIM KELAS II TPI TANJUNG BALAI ASAHAN,Kota Tanjung Balai,3 kuota,,"Ilmu Komputer, Ilmu Komunikasi, Desain Komunikasi Visual, Hubungan Masyarakat Dan Komunikasi Digital","Minggu, Sabtu",https://maganghub.kemnaker.go.id/magang-nasional/lowongan/pengelola-kehumasan-a242e9f3-1cbd-4bdd-aa3f-5590ea15c925
6142,Pranata Komputer (Staf IT),Balai Konservasi Air Tanah,Kota Adm. Jakarta Utara,1 kuota,,"Teknik Informatika, Teknologi Informasi, Ilmu Komputer, Sistem informasi, Manajemen Informatika","Sabtu, Minggu",https://maganghub.kemnaker.go.id/magang-nasional/lowongan/pranata-komputer-staf-it-a24306b8-8496-459c-80c8-8510bf064936
6152,Asisten Pengelolaan Sistem Informasi Kepegawaian,Sekretariat Direktorat Jenderal Penataan Ruang Laut,Kota Adm. Jakarta Pusat,1 kuota,,"Informatika, Ilmu Komputer, Sistem dan Teknologi Informasi, Sistem Informasi, Manajemen Informatika","Sabtu, Minggu",https://maganghub.kemnaker.go.id/magang-nasional/lowongan/asisten-pengelolaan-sistem-informasi-kepegawaian-a2436b12-1b06-4ea8-8dce-d6a31f6dfddc
6177,Staf Pengolah Data dan Informasi,Sekretariat Direktorat Jenderal Pengawasan Sumber Daya Kelautan dan Perikanan,Kota Adm. Jakarta Pusat,1 kuota,,"Ilmu Kelautan, Ilmu Komputer, Geografi, Perikanan","Sabtu, Minggu",https://maganghub.kemnaker.go.id/magang-nasional/lowongan/staf-pengolah-data-dan-informasi-a243f162-f7d5-40ce-a334-972527be3f51
6184,Staff IT,Pusat Pembinaan Jabatan Fungsional Perdagangan,Kab. Bandung Barat,2 kuota,,"Teknik Informatika, Ilmu Komputer, Desain Komunikasi Visual, Sistem informasi","Sabtu, Minggu",https://maganghub.kemnaker.go.id/magang-nasional/lowongan/staff-it-a2417abd-6cee-427f-9af0-66d15d02cc83
6195,Staff Analisa Data,Sekretariat Direktorat Jenderal Pengelolaan Kelautan,Kota Adm. Jakarta Pusat,2 kuota,,"Ilmu Komputer, Statistik","Sabtu, Minggu",https://maganghub.kemnaker.go.id/magang-nasional/lowongan/staff-analisa-data-a243e70e-b331-4868-8603-e8fcd78bb821
6208,Asisten Statistisi,BPS Kabupaten Tebo,Kab. Tebo,2 kuota,,"Sains Data, Ilmu Komputer, Aktuaria, Statistika, Matematika","Sabtu, Minggu",https://maganghub.kemnaker.go.id/magang-nasional/lowongan/asisten-statistisi-a243f951-0de9-4496-a42b-d76d5d6490c6
6219,Pengolah Data dan Informasi,Pusat Pembiayaan Infrastruktur Transportasi,Kota Adm. Jakarta Pusat,2 kuota,,"Informatika, Ilmu Komputer, Manajemen, Sistem Informasi, Teknik Komputer","Minggu, Sabtu",https://maganghub.kemnaker.go.id/magang-nasional/lowongan/pengolah-data-dan-informasi-a243b0c8-b1f3-48e0-96ec-468371bf8390
6224,Asisten Pranata Komputer,BPS Kabupaten Tebo,Kab. Tebo,1 kuota,,"Teknik Informatika, Ilmu Komputer, Rekayasa Perangkat Lunak, Sistem Informasi, Pendidikan Teknologi Informasi","Sabtu, Minggu",https://maganghub.kemnaker.go.id/magang-nasional/lowongan/asisten-pranata-komputer-a243f81e-8005-4e1b-8e9a-bd7e1db60e8b
6229,Asisten Pranata Komputer,BPS Kabupaten Muara Enim,Kab. Muara Enim,1 kuota,,"Ilmu Komputer, Rekayasa Perangkat Lunak, Sistem dan Teknologi Informasi, Teknik informatika, Pengembangan Perangkat (Piranti) Lunak Situs","Minggu, Sabtu",https://maganghub.kemnaker.go.id/magang-nasional/lowongan/asisten-pranata-komputer-a243d4c0-7690-43c5-b911-2d81eb148602
6258,Statistisi/ Data Analis,Pusat Pembelajaran Dan Strategi Kebijakan Pelayanan Publik,Kota Samarinda,2 kuota,,"Teknik Informatika, Ilmu Komputer, Manajemen, Statistik, Matematika","Sabtu, Minggu",https://maganghub.kemnaker.go.id/magang-nasional/lowongan/statistisi-data-analis-a243bda5-ec7e-4fd1-bdee-cb45d2b986d8
6290,Analis Data dan Informasi,Pusat Pembelajaran dan Strategi Kebijakan Manajemen Kinerja,Kab. Aceh Besar,1 kuota,,"Teknik Informatika, Informatika, Ilmu Komputer, Sistem informasi, Teknik Komputer","Sabtu, Minggu",https://maganghub.kemnaker.go.id/magang-nasional/lowongan/analis-data-dan-informasi-a243f7f5-31ad-4736-95d4-03e478885c7b
6305,Pranata Komputer,Balai Kekarantinaan Kesehatan Kelas I Dumai,Kota Dumai,2 kuota,,"Informatika, Ilmu Komputer, Teknik informatika, Sistem Informasi","Sabtu, Minggu",https://maganghub.kemnaker.go.id/magang-nasional/lowongan/pranata-komputer-a2437ec7-118c-4ba4-8612-12d46e4401e0
6319,Pranata Komputer,Balai Kekarantinaan Kesehatan Kelas II Biak,Kab. Biak Numfor,2 kuota,,"Teknik Informatika, Ilmu Komputer, Sistem Informasi, Manajemen Informatika","Sabtu, Minggu",https://maganghub.kemnaker.go.id/magang-nasional/lowongan/pranata-komputer-a243b4ef-bfb2-4d36-a1d2-bd5dfe17388c
6320,Pranata Komputer,Balai Kekarantinaan Kesehatan Kelas I Dumai,Kota Dumai,2 kuota,,"Informatika, Ilmu Komputer, Teknik informatika, Sistem Informasi","Sabtu, Minggu",https://maganghub.kemnaker.go.id/magang-nasional/lowongan/pranata-komputer-a2437ec7-118c-4ba4-8612-12d46e4401e0
6342,Administrasi,Balai Kekarantinaan Kesehatan Kelas I Manado,Kota Manado,3 kuota,,"Ilmu Komputer, Manajemen Sumber Daya Manusia, Manajemen, Administrasi Perkantoran, Hukum","Minggu, Sabtu",https://maganghub.kemnaker.go.id/magang-nasional/lowongan/administrasi-a24237ff-a4c3-4058-80b1-d42d11e68e5c
6348,Pranata Komputer,Balai Kekarantinaan Kesehatan Kelas I Pontianak,Kab. Kubu Raya,1 kuota,,"Teknik Informatika, Ilmu Komputer, Sistem Informasi","Minggu, Sabtu",https://maganghub.kemnaker.go.id/magang-nasional/lowongan/pranata-komputer-a24169d4-44d1-4325-8c2a-3bab0b2bea1c
6350,Pranata/Analis Sumber Daya Manusia Aparatur,Balai Kekarantinaan Kesehatan Kelas I Pontianak,Kab. Kubu Raya,1 kuota,,"Ilmu Komputer, Psikologi, Sistem Informasi, Hukum","Sabtu, Minggu",https://maganghub.kemnaker.go.id/magang-nasional/lowongan/pranataanalis-sumber-daya-manusia-aparatur-a241682a-82cf-41d7-a117-71509bb44374
6389,Asisten Pengelolaan Sistem Informasi,Pusat Pelindungan Varietas Tanaman dan Perizinan Pertanian,Kota Adm. Jakarta Selatan,2 kuota,,"Teknik Informatika, Informatika, Teknologi Informasi, Ilmu Komputer, Sistem Informasi","Sabtu, Minggu",https://maganghub.kemnaker.go.id/magang-nasional/lowongan/asisten-pengelolaan-sistem-informasi-a241d95e-527f-4bc5-bc53-a5b1ed0d0b6f
6392,Asisten Pengelolaan Sistem Informasi,Pusat Pelindungan Varietas Tanaman dan Perizinan Pertanian,Kota Adm. Jakarta Selatan,2 kuota,,"Teknik Informatika, Informatika, Teknologi Informasi, Ilmu Komputer, Sistem Informasi","Sabtu, Minggu",https://maganghub.kemnaker.go.id/magang-nasional/lowongan/asisten-pengelolaan-sistem-informasi-a241d95e-527f-4bc5-bc53-a5b1ed0d0b6f
6437,Data Analyst,Sekretariat Badan Kebijakan Transportasi,Kota Adm. Jakarta Pusat,1 kuota,,"Ilmu Komputer, Statistik","Sabtu, Minggu",https://maganghub.kemnaker.go.id/magang-nasional/lowongan/data-analyst-a2441883-e768-4a9c-a440-01712b7d3255
6459,Asisten Statistisi,BPS Kabupaten Gorontalo,Kab. Gorontalo,3 kuota,,"Informatika, Ilmu Komputer, Statistik, Ekonomi, Matematika","Sabtu, Minggu",https://maganghub.kemnaker.go.id/magang-nasional/lowongan/asisten-statistisi-a241ed94-3a51-4681-ac36-df8350ba2935
6485,Asisten Pranata Komputer,BPS Kabupaten Garut,Kab. Garut,1 kuota,,"Teknik Informatika, Teknologi Informasi, Ilmu Komputer, Sistem informasi, Teknik Komputer","Sabtu, Minggu",https://maganghub.kemnaker.go.id/magang-nasional/lowongan/asisten-pranata-komputer-a241ad79-2196-41f0-8015-5a81157b88a3
6488,Pranata Komputer,Balai Harta Peninggalan Medan,Kota Medan,3 kuota,,"Rekayasa Sistem Komputer, Ilmu Komputer, Teknologi Komputer, Teknik Komputer Dan Jaringan, Teknik Komputer","Sabtu, Minggu",https://maganghub.kemnaker.go.id/magang-nasional/lowongan/pranata-komputer-a2415c6b-7b69-487d-b5e2-0f27372bd8da
6493,Pranata Komputer,Balai Harta Peninggalan Jakarta,Kota Adm. Jakarta Timur,1 kuota,,"Teknologi Informasi, Ilmu Komputer, Sistem informasi, Ilmu Informatika, Teknik Komputer","Sabtu, Minggu",https://maganghub.kemnaker.go.id/magang-nasional/lowongan/pranata-komputer-a241564d-e3a7-4a4f-934c-58843034c7af
6502,Pranata Komputer,Balai Harta Peninggalan Surabaya,Kab. Sidoarjo,1 kuota,,"Informatika, Ilmu Komputer, Sistem Informasi, Pemeliharaan Komputer dan Jaringan","Sabtu, Minggu",https://maganghub.kemnaker.go.id/magang-nasional/lowongan/pranata-komputer-a2416c0e-3a75-403e-841b-db4990604dc4
6547,Asisten Pengelola Data,Sekretariat Direktorat Jenderal Perkebunan,Kota Adm. Jakarta Selatan,2 kuota,,"Teknologi Informasi, Ilmu Komputer, Administrasi, Sistem Informasi","Sabtu, Minggu",https://maganghub.kemnaker.go.id/magang-nasional/lowongan/asisten-pengelola-data-a2417ba8-7860-45d3-8df1-fe66171db09d
6552,Asisten Pengelola Data,Sekretariat Direktorat Jenderal Perkebunan,Kota Ambon,1 kuota,,"Teknologi Informasi, Ilmu Komputer, Administrasi, Sistem Informasi","Sabtu, Minggu",https://maganghub.kemnaker.go.id/magang-nasional/lowongan/asisten-pengelola-data-a24184cc-759e-411b-8582-075e9900d31e
6577,Asisten Pranata Komputer,BPS Kabupaten Empat Lawang,Kab. Empat Lawang,2 kuota,,"Teknik Informatika, Teknologi Rekayasa Perangkat Lunak, Ilmu Komputer, Sistem Informasi, Teknik Komputer Dan Jaringan","Sabtu, Minggu",https://maganghub.kemnaker.go.id/magang-nasional/lowongan/asisten-pranata-komputer-a242f75b-bc0d-4b20-8e6e-af3df3187282
6579,Data Engineer,Pusat Pasar Kerja,Kota Adm. Jakarta Selatan,1 kuota,,"Teknik Informatika, Ilmu Komputer, Sistem informasi","Sabtu, Minggu",https://maganghub.kemnaker.go.id/magang-nasional/lowongan/data-engineer-a243e8a5-8546-42f7-91a8-bdb2c26a720d
6586,Business Intelligence (BI) Specialist,Pusat Pasar Kerja,Kota Adm. Jakarta Selatan,1 kuota,,"Teknik Informatika, Ilmu Komputer, sistem informasi, Statistika","Sabtu, Minggu",https://maganghub.kemnaker.go.id/magang-nasional/lowongan/business-intelligence-bi-specialist-a243eb9d-da49-4a02-b1ac-73e86c365646
6587,Quality Assurance (QA),Pusat Pasar Kerja,Kota Adm. Jakarta Selatan,1 kuota,,"Ilmu Komputer, Teknik informatika, Sistem Informasi, Manajemen Informatika","Sabtu, Minggu",https://maganghub.kemnaker.go.id/magang-nasional/lowongan/quality-assurance-qa-a243ed48-19e4-4d6a-903a-72269100687e
6590,Data Analyst,Pusat Pasar Kerja,Kota Adm. Jakarta Selatan,1 kuota,,"Teknik Informatika, Ilmu Komputer, Sistem Informasi, Statistika, Matematika","Sabtu, Minggu",https://maganghub.kemnaker.go.id/magang-nasional/lowongan/data-analyst-a243e78d-6a02-42d1-b1ea-e337d852b9d3
6644,Perograman,Balai Diklat Industri Medan,Kota Medan,2 kuota,,"Teknologi Informasi, Ilmu Komputer, Teknologi Komputer, Sistem informasi, Teknik Komputer dan Jaringan","Sabtu, Minggu",https://maganghub.kemnaker.go.id/magang-nasional/lowongan/perograman-a23b0b0b-09df-4efa-a792-2caf1a6aedba
6649,Asisten Pranata Komputer,BPS Kabupaten Deli Serdang,Kab. Deli Serdang,2 kuota,,"Teknik Informatika, Teknologi Informasi, Ilmu Komputer, Sistem informasi, Teknik Komputer","Sabtu, Minggu",https://maganghub.kemnaker.go.id/magang-nasional/lowongan/asisten-pranata-komputer-a243532f-394c-43d9-9370-a75d12263ffc
6730,PENGELOLA KEHUMASAN,KANIM KELAS III NON TPI MANDAILING NATAL,Kab. Mandailing Natal,3 kuota,,"Ilmu Komputer, Sistem dan Teknologi Informasi, Hubungan Masyarakat, Desain Komunikasi Visual, Desain Grafis","Sabtu, Minggu",https://maganghub.kemnaker.go.id/magang-nasional/lowongan/pengelola-kehumasan-a23f4c69-da64-4128-9b17-01d1f1885c15
6741,Pengolah Data dan Informasi,Sekretariat Direktorat Jenderal Prasarana dan Sarana Pertanian,Kota Adm. Jakarta Selatan,1 kuota,,"Teknologi Informasi, Ilmu Komputer, Sistem dan Teknologi Informasi, Sistem informasi","Sabtu, Minggu",https://maganghub.kemnaker.go.id/magang-nasional/lowongan/pengolah-data-dan-informasi-a2417e1e-ebb6-48fe-bfa1-255c6b62a614
6753,Asisten Pranata Komputer,BPS Kabupaten Buton Utara,Kab. Buton Utara,1 kuota,,"Teknik Informatika, Ilmu Komputer, Sistem Informasi, Teknik Elektro, Pendidikan Teknologi Informasi","Sabtu, Minggu",https://maganghub.kemnaker.go.id/magang-nasional/lowongan/asisten-pranata-komputer-a241c118-df85-473c-84a1-bef2c043da97
6771,Pengolah Layanan Operasional,Pusat Kebijakan Keselamatan dan Keamanan Transportasi,Kota Adm. Jakarta Pusat,1 kuota,,"Ilmu Komputer, Ilmu Administrasi Publik, Statistik, Desain Komunikasi Visual, Administrasi Perkantoran","Sabtu, Minggu",https://maganghub.kemnaker.go.id/magang-nasional/lowongan/pengolah-layanan-operasional-a24352fc-ac78-4261-9da2-8bc6ae31718e
6772,Asisten Pengelola Arsip Digital,Sekretariat Direktorat Jenderal Tanaman Pangan,Kota Adm. Jakarta Selatan,1 kuota,,"Ilmu Komputer, Hukum","Sabtu, Minggu",https://maganghub.kemnaker.go.id/magang-nasional/lowongan/asisten-pengelola-arsip-digital-a241b013-83e3-464e-b342-1d6b367c9c8e
6774,Penata Kelola Sistem dan Teknologi Informasi,Sekretariat Direktorat Jenderal Tanaman Pangan,Kota Adm. Jakarta Selatan,1 kuota,,"Teknik Informatika, Teknologi Rekayasa Perangkat Lunak, Ilmu Komputer, Sistem dan Teknologi Informasi, Teknik Komputer","Sabtu, Minggu",https://maganghub.kemnaker.go.id/magang-nasional/lowongan/penata-kelola-sistem-dan-teknologi-informasi-a241c512-66ef-4579-8f27-4eef23823f35
6776,Penata Kelola Sistem dan Teknologi Informasi,Sekretariat Direktorat Jenderal Tanaman Pangan,Kota Adm. Jakarta Selatan,1 kuota,,"Teknik Informatika, Ilmu Komputer, Komputasi Statistik, Statistika dan Sains Data, Ilmu Informatika","Sabtu, Minggu",https://maganghub.kemnaker.go.id/magang-nasional/lowongan/penata-kelola-sistem-dan-teknologi-informasi-a241c147-4611-4bc7-99cf-56da88502e0c
6780,Asisten Pranata Komputer,BPS Kabupaten Buton Tengah,Kab. Buton Tengah,1 kuota,,"Teknik Informatika, Ilmu Komputer, Teknik Elektronika, Sistem informasi, Teknologi Sains Data","Sabtu, Minggu",https://maganghub.kemnaker.go.id/magang-nasional/lowongan/asisten-pranata-komputer-a241b254-7209-410f-be33-c349e2aedf21
6848,Asisten Pranata Komputer,BPS Kabupaten Buton Selatan,Kab. Buton Selatan,1 kuota,,"Teknik Informatika, Ilmu Komputer, Sistem Informasi, Teknik Elektro, Pendidikan Teknologi Informasi dan Komunikasi","Sabtu, Minggu",https://maganghub.kemnaker.go.id/magang-nasional/lowongan/asisten-pranata-komputer-a2437671-bf0a-4195-bb0c-75373a2e55c2
6894,Asisten Pengelola Pertanian,Pusat Data dan Sistem Informasi Pertanian,Kota Adm. Jakarta Selatan,2 kuota,,"Ilmu Komputer, Keamanan Sistem Informasi, Teknik informatika, sistem informasi","Sabtu, Minggu",https://maganghub.kemnaker.go.id/magang-nasional/lowongan/asisten-pengelola-pertanian-a241b6d6-34f3-42e3-befb-ebb7d7577312
6895,Staf IT,Pusat Data dan Sistem Informasi,Kota Adm. Jakarta Pusat,2 kuota,,"Teknik Informatika, Teknologi Informasi, Ilmu Komputer, Sistem Informasi, Teknik Komputer","Sabtu, Minggu",https://maganghub.kemnaker.go.id/magang-nasional/lowongan/staf-it-a2416877-08eb-46c3-9ff8-2c5c8b451d69
6907,Asisten Pranata Komputer,BPS Kabupaten Bungo,Kab. Bungo,2 kuota,,"Ilmu Komputer, Sistem Informasi, Teknik informatika, Rekayasa Keamanan Siber, Jaringan Telekomunikasi Digital","Sabtu, Minggu",https://maganghub.kemnaker.go.id/magang-nasional/lowongan/asisten-pranata-komputer-a2417bf9-bab3-4d4d-85ee-c0457fb95612
6918,Pusdatin – Pengembang Sistem Informasi 3 (Software Engineer Intern),Pusat Data dan Informasi,Kota Adm. Jakarta Pusat,3 kuota,,"Informatika, Teknologi Informasi, Ilmu Komputer, Rekayasa Perangkat Lunak, Sistem Informasi","Sabtu, Minggu",https://maganghub.kemnaker.go.id/magang-nasional/lowongan/pusdatin-–-pengembang-sistem-informasi-3-software-engineer-intern-a243f2fc-d8f9-4fd2-9fcc-1ea71b122511
6919,Pusdatin - Pengelola Layanan TI,Pusat Data dan Informasi,Kota Adm. Jakarta Selatan,1 kuota,,"Teknologi Rekayasa Perangkat Lunak, Informatika, Teknologi Informasi, Ilmu Komputer, Sistem informasi","Sabtu, Minggu",https://maganghub.kemnaker.go.id/magang-nasional/lowongan/pusdatin---pengelola-layanan-ti-a243f8dd-41bb-4b66-9861-43326ed3bae6
6920,Pusdatin - Pengelola Layanan TI,Pusat Data dan Informasi,Kota Adm. Jakarta Selatan,2 kuota,,"Informatika, Ilmu Komputer, Rekayasa Perangkat Lunak, Sistem Informasi, Teknik informatika","Sabtu, Minggu",https://maganghub.kemnaker.go.id/magang-nasional/lowongan/pusdatin---pengelola-layanan-ti-a243f6fb-1d8a-418b-8b82-20f3005df083
6921,Pusdatin – Pengembang Sistem Informasi 1 (Software Engineer Intern),Pusat Data dan Informasi,Kota Adm. Jakarta Pusat,3 kuota,,"Informatika, Teknologi Informasi, Ilmu Komputer, Rekayasa Perangkat Lunak, Sistem informasi","Minggu, Sabtu",https://maganghub.kemnaker.go.id/magang-nasional/lowongan/pusdatin-–-pengembang-sistem-informasi-1-software-engineer-intern-a243f515-b79d-438d-a34c-61cdc7361f4d
6922,Pusdatin - Pengelola Layanan TI,Pusat Data dan Informasi,Kota Adm. Jakarta Pusat,2 kuota,,"Informatika, Teknologi Informasi, Ilmu Komputer, Rekayasa Perangkat Lunak, Sistem Informasi","Sabtu, Minggu",https://maganghub.kemnaker.go.id/magang-nasional/lowongan/pusdatin---pengelola-layanan-ti-a243f62c-8bf6-49a4-8c77-b83a828b84b0
6924,Pusdatin – Pengembang Sistem Informasi 4 (Software Engineer Intern),Pusat Data dan Informasi,Kota Adm. Jakarta Pusat,3 kuota,,"Informatika, Teknologi Informasi, Ilmu Komputer, Rekayasa Perangkat Lunak, Sistem informasi","Sabtu, Minggu",https://maganghub.kemnaker.go.id/magang-nasional/lowongan/pusdatin-–-pengembang-sistem-informasi-4-software-engineer-intern-a243f499-93fd-4f37-96e7-b30fc006fcb6
6925,Pusdatin – Pengembang Sistem Informasi 2 (Software Engineer Intern),Pusat Data dan Informasi,Kota Adm. Jakarta Pusat,3 kuota,,"Informatika, Teknologi Informasi, Ilmu Komputer, Rekayasa Perangkat Lunak, Sistem informasi","Sabtu, Minggu",https://maganghub.kemnaker.go.id/magang-nasional/lowongan/pusdatin-–-pengembang-sistem-informasi-2-software-engineer-intern-a243f1bb-9bb8-419d-a375-39b7745eeee9
6950,Penyajian data dan Informasi,Balai Besar Standardisasi dan Pelayanan Jasa Industri Selulosa,Kab. Bandung,3 kuota,,"Rekayasa Perangkat Lunak Aplikasi, Ilmu Komputer, Rekayasa Perangkat Lunak, Teknik informatika, Teknik Perangkat Lunak","Sabtu, Minggu",https://maganghub.kemnaker.go.id/magang-nasional/lowongan/penyajian-data-dan-informasi-a23f48b6-b414-45a6-a3b5-5e3c0ce4add7
6956,Asisten Statistisi,BPS Kabupaten Bulungan,Kab. Bulungan,3 kuota,,"Sains Data, Ilmu Komputer, Aktuaria, Statistika, Matematika","Sabtu, Minggu",https://maganghub.kemnaker.go.id/magang-nasional/lowongan/asisten-statistisi-a24145f2-5b97-42a0-bac5-49ea6b34bcc2
6957,Penyajian data dan Informasi,Balai Besar Standardisasi dan Pelayanan Jasa Industri Selulosa,Kab. Bandung,1 kuota,,"Ilmu Komputer, PJJ Sistem Informasi, Sistem Informasi, Sistem Informasi, Pengembangan Perangkat (Piranti) Lunak Situs","Sabtu, Minggu",https://maganghub.kemnaker.go.id/magang-nasional/lowongan/penyajian-data-dan-informasi-a23f49f7-5e48-441b-84e8-c0b63059f186
6959,Giatja dan Binadik,LEMBAGA PEMASYARAKATAN KELAS IIB TABANAN,Kab. Tabanan,5 kuota,,"Ilmu Komputer, Ilmu Pendidikan Agama Islam, Ilmu Hukum, Hukum","Minggu, Sabtu",https://maganghub.kemnaker.go.id/magang-nasional/lowongan/giatja-dan-binadik-a242e2a7-7337-401d-82ef-4bc9d56d2e43
7015,Asisten Pranata Komputer,BPS Kabupaten Boyolali,Kab. Boyolali,2 kuota,,"Ilmu Komputer, Teknik informatika","Minggu, Sabtu",https://maganghub.kemnaker.go.id/magang-nasional/lowongan/asisten-pranata-komputer-a2430677-9ab3-48ec-901c-46c4067c74cb
7066,Pranata Komputer,Inspektorat,Kota Adm. Jakarta Pusat,2 kuota,,"Teknik Informatika, Ilmu Komputer, Sistem Informasi, Pendidikan Teknik Informatika","Sabtu, Minggu",https://maganghub.kemnaker.go.id/magang-nasional/lowongan/pranata-komputer-a243531a-1b4c-436b-97b0-a0d0cec2d4a6
7093,Asisten Pranata Komputer,BPS Kabupaten Bone Bolango,Kab. Bone Bolango,1 kuota,,"Teknik Informatika, Teknologi Informasi, Ilmu Komputer, Sistem Informasi, Teknik Komputer","Sabtu, Minggu",https://maganghub.kemnaker.go.id/magang-nasional/lowongan/asisten-pranata-komputer-a243b4bc-a711-40d9-bb06-c95cc3e2a53f
7129,Junior Frontend Web Developer,Direktorat Usaha Penangkapan Ikan,Kota Adm. Jakarta Pusat,1 kuota,,"Teknik Informatika, Rekayasa Perangkat Lunak Aplikasi, Ilmu Komputer, Rekayasa Perangkat Lunak, Sistem informasi","Sabtu, Minggu",https://maganghub.kemnaker.go.id/magang-nasional/lowongan/junior-frontend-web-developer-a243e025-d1a3-47d0-9a65-bb0eb492d5c2
7130,Junior Data Analyst,Direktorat Usaha Penangkapan Ikan,Kota Adm. Jakarta Pusat,1 kuota,,"Sains Data, Ilmu Komputer, Sistem Informasi, Statistika, Matematika","Sabtu, Minggu",https://maganghub.kemnaker.go.id/magang-nasional/lowongan/junior-data-analyst-a243e7d7-31da-4d45-a20f-5ce376b20f8b
7135,Junior Android Developer,Direktorat Usaha Penangkapan Ikan,Kota Adm. Jakarta Pusat,1 kuota,,"Teknik Informatika, Teknologi Rekayasa Perangkat Lunak, Rekayasa Perangkat Lunak Aplikasi, Ilmu Komputer, Sistem informasi","Sabtu, Minggu",https://maganghub.kemnaker.go.id/magang-nasional/lowongan/junior-android-developer-a243dbc9-0627-46df-8cda-165de47fd1e1
7139,Asisten Pranata Komputer,BPS Kabupaten Bondowoso,Kab. Bondowoso,1 kuota,,"Teknik Informatika, Teknologi Informasi, Ilmu Komputer, Sistem Informasi, Teknik Komputer","Sabtu, Minggu",https://maganghub.kemnaker.go.id/magang-nasional/lowongan/asisten-pranata-komputer-a24317b6-42f1-465a-b934-ed0643284882
7149,asisten pranata komputer,BPS Kabupaten Bombana,Kab. Bombana,1 kuota,,"Teknik Informatika, Teknologi Informasi, Ilmu Komputer, Sistem informasi, Teknik Komputer Dan Jaringan","Sabtu, Minggu",https://maganghub.kemnaker.go.id/magang-nasional/lowongan/asisten-pranata-komputer-a241b5b4-62f9-4291-b393-9210e5fd3644
7152,Asisten Pengelola Data,Direktorat Tanaman Semusim dan Tahunan,Kota Adm. Jakarta Selatan,1 kuota,,"Teknologi Informasi, Ilmu Komputer, Sistem informasi, Ilmu Administrasi Negara","Sabtu, Minggu",https://maganghub.kemnaker.go.id/magang-nasional/lowongan/asisten-pengelola-data-a2416eba-916a-46bc-b1d6-a12466ac63ec
7153,Asisten Pengelola Data,Direktorat Tanaman Kelapa Sawit dan Aneka Palma,Kota Adm. Jakarta Selatan,1 kuota,,"Teknologi Informasi, Ilmu Komputer, Ilmu Administrasi Negara, Ilmu Administrasi Publik, Sistem Informasi","Sabtu, Minggu",https://maganghub.kemnaker.go.id/magang-nasional/lowongan/asisten-pengelola-data-a24195a8-9b32-4022-9897-7b2698903db6
7166,Staf IT,Sekretariat Inspektorat Jenderal,Kota Adm. Jakarta Pusat,1 kuota,,"Teknik Informatika, Ilmu Komputer, Sistem Informasi, Teknik Komputer","Sabtu, Minggu",https://maganghub.kemnaker.go.id/magang-nasional/lowongan/staf-it-a241d453-5460-4b9d-9bcc-ab1ebdb4d6c5
7167,Asisten Pengelola Pertanian,Sekretariat Inspektorat Jenderal,Kota Adm. Jakarta Selatan,5 kuota,,"Ilmu Komputer, Manajemen, Administrasi Publik, Ilmu Komunikasi, Agribisnis","Sabtu, Minggu",https://maganghub.kemnaker.go.id/magang-nasional/lowongan/asisten-pengelola-pertanian-a24158ac-b55b-4d10-b725-a31dd1c81f66
7169,Asisten Pranata Komputer,BPS Kabupaten Bolaang Mongondow Timur,Kab. Bolaang Mongondow Timur,2 kuota,,"Teknik Informatika, Teknologi Informasi, Ilmu Komputer, Sistem Informasi, Teknik Komputer","Sabtu, Minggu",https://maganghub.kemnaker.go.id/magang-nasional/lowongan/asisten-pranata-komputer-a242dbd2-f7e5-4c22-86df-8eaf88c6e4aa
7181,Asisten Pranata Komputer,BPS Kabupaten Bolaang Mongondow,Kab. Bolaang Mongondow,1 kuota,,"Teknik Informatika, Sains Data, Ilmu Komputer, Sistem Informasi, Teknologi Rekayasa Komputer Jaringan","Sabtu, Minggu",https://maganghub.kemnaker.go.id/magang-nasional/lowongan/asisten-pranata-komputer-a240fcf4-6737-463b-ae51-6fce75ae1745
7191,Asisten Pranata Komputer,BPS Kabupaten Bojonegoro,Kab. Bojonegoro,1 kuota,,"Teknik Informatika, Ilmu Komputer, Rekayasa Perangkat Lunak, Sistem Komputer, Teknik Komputer","Sabtu, Minggu",https://maganghub.kemnaker.go.id/magang-nasional/lowongan/asisten-pranata-komputer-a2434f83-d1a1-4122-9616-ec1d1269dc8f
7209,Asisten Hubungan Masyarakat,Sekretariat Jenderal,Kota Adm. Jakarta Pusat,9 kuota,,"Ilmu Komputer, Jurnalistik, Desain Komunikasi Visual, Ilmu Hukum, Desain Produk","Sabtu, Minggu",https://maganghub.kemnaker.go.id/magang-nasional/lowongan/asisten-hubungan-masyarakat-a241eeb4-2339-40e3-b6c3-0da7ab864bf0
7233,Asisten Pranata Komputer,BPS Kabupaten Bogor,Kab. Bogor,1 kuota,,"Teknik Informatika, Teknologi Informasi, Sains Data, Ilmu Komputer, Rekayasa Perangkat Lunak","Sabtu, Minggu",https://maganghub.kemnaker.go.id/magang-nasional/lowongan/asisten-pranata-komputer-a23f7f33-e4c1-48e2-bf44-9a31d5897d3f
7234,Asisten Statistisi,BPS Kabupaten Bogor,Kab. Bogor,1 kuota,,"Informatika, Sains Data, Ilmu Komputer, Statistika, Matematika","Sabtu, Minggu",https://maganghub.kemnaker.go.id/magang-nasional/lowongan/asisten-statistisi-a23f7d17-8ae3-40b7-814d-dfc36abe5767
7235,Asisten Statistisi,BPS Kabupaten Bogor,Kab. Bogor,3 kuota,,"Informatika, Sains Data, Ilmu Komputer, Statistika, Matematika","Sabtu, Minggu",https://maganghub.kemnaker.go.id/magang-nasional/lowongan/asisten-statistisi-a243ad58-fe49-46af-8fc3-420ad2702bf6
7240,Pelaksana / Administrasi,Direktorat Serealia,Kota Adm. Jakarta Selatan,1 kuota,,"Ilmu Komputer, Ilmu Pertanian","Sabtu, Minggu",https://maganghub.kemnaker.go.id/magang-nasional/lowongan/pelaksana--administrasi-a2417c29-6b2f-4aa8-b40d-0bd4920364a1
7242,Asisten Pranata Komputer,BPS Kabupaten Boalemo,Kab. Boalemo,1 kuota,,"Teknik Informatika, Teknologi Informasi, Ilmu Komputer, Sistem Informasi, Teknik Komputer","Sabtu, Minggu",https://maganghub.kemnaker.go.id/magang-nasional/lowongan/asisten-pranata-komputer-a242d72f-5d5b-402a-8600-a442402cde4d
7244,Asisten Statistisi,BPS Kabupaten Boalemo,Kab. Boalemo,3 kuota,,"Sains Data, Ilmu Komputer, Sistem informasi, Statistika, Matematika","Sabtu, Minggu",https://maganghub.kemnaker.go.id/magang-nasional/lowongan/asisten-statistisi-a242d530-5e19-425a-aff4-c31485907055
7292,Asisten Pranata Komputer,BPS Kabupaten Bireuen,Kab. Bireuen,3 kuota,,"Teknik Informatika, Teknologi Informasi, Ilmu Komputer, Rekayasa Perangkat Lunak, sistem informasi","Sabtu, Minggu",https://maganghub.kemnaker.go.id/magang-nasional/lowongan/asisten-pranata-komputer-a2419144-d2ab-4a79-a5fd-2b2985dcf03f
7336,Asisten Pranata Komputer,BPS Kabupaten Bengkulu Tengah,Kab. Bengkulu Tengah,2 kuota,,"Teknik Informatika, Informatika, Ilmu Komputer, Sistem Informasi, Teknik Robotika dan Kecerdasan Buatan","Sabtu, Minggu",https://maganghub.kemnaker.go.id/magang-nasional/lowongan/asisten-pranata-komputer-a2436e26-c1ba-461e-b7a5-12b80ff9430a
7370,Asisten Statistisi,BPS Kabupaten Bengkulu Selatan,Kab. Bengkulu Selatan,3 kuota,,"Sains Data, Ilmu Komputer, Sistem informasi, Statistika, Matematika","Sabtu, Minggu",https://maganghub.kemnaker.go.id/magang-nasional/lowongan/asisten-statistisi-a242dfeb-213d-4501-bdad-14643afe88d3
7373,Asisten Pranata Komputer,BPS Kabupaten Bengkulu Selatan,Kab. Bengkulu Selatan,3 kuota,,"Teknik Informatika, Sains Data, Ilmu Komputer, sistem informasi, Teknik Komputer","Sabtu, Minggu",https://maganghub.kemnaker.go.id/magang-nasional/lowongan/asisten-pranata-komputer-a242e333-7b46-4cdc-97a6-04ed6840b856
7399,Humas,PERWAKILAN SULAWESI BARAT,Kab. Mamuju,2 kuota,,"Akuntansi Manajemen, Ilmu Komputer, ILMU PEMERINTAHAN, Ilmu Komunikasi, Administrasi Negara","Sabtu, Minggu",https://maganghub.kemnaker.go.id/magang-nasional/lowongan/humas-a243a45e-1754-4fa3-a033-0b36f2e7b553
7400,Pencegahan,PERWAKILAN SULAWESI BARAT,Kab. Mamuju,2 kuota,,"Ilmu Komputer, Manajemen, ILMU PEMERINTAHAN, Ilmu Kesehatan Masyarakat, Administrasi Publik","Sabtu, Minggu",https://maganghub.kemnaker.go.id/magang-nasional/lowongan/pencegahan-a243a58a-3a9c-4d0a-9aa5-b28e16abc1a5
7424,Asisten Pranata Komputer,BPS Kabupaten Bener Meriah,Kab. Bener Meriah,1 kuota,,"Teknik Informatika, Teknologi Informasi, Ilmu Komputer, Rekayasa Perangkat Lunak, Sistem Informasi","Sabtu, Minggu",https://maganghub.kemnaker.go.id/magang-nasional/lowongan/asisten-pranata-komputer-a2440450-dc6e-4f0d-98f0-c34dabe17745
7425,Staff Keasistenan Pencegahan Maladministrasi,PERWAKILAN PAPUA,Kota Jayapura,1 kuota,,"Ilmu Komputer, Ilmu Komunikasi, Ilmu Informatika, Ilmu Pemerintahan","Minggu, Sabtu",https://maganghub.kemnaker.go.id/magang-nasional/lowongan/staff-keasistenan-pencegahan-maladministrasi-a24361dc-d1db-4890-89c8-10c443467fef
7428,Staf Bidang Humas,PERWAKILAN PAPUA BARAT,Kab. Manokwari,1 kuota,,"Teknik Informatika, Informatika, Ilmu Komputer, Ilmu Komunikasi, Desain Grafis","Sabtu, Minggu",https://maganghub.kemnaker.go.id/magang-nasional/lowongan/staf-bidang-humas-a243817a-efdb-4aa0-833c-282ca5edc3f5
7461,Analis Data dan Informasi (IT),Balai Besar Standardisasi dan Pelayanan Jasa Industri Bahan dan Barang Teknik,Kota Bandung,2 kuota,,"Teknik Informatika, Ilmu Komputer, Sistem informasi","Sabtu, Minggu",https://maganghub.kemnaker.go.id/magang-nasional/lowongan/analis-data-dan-informasi-it-a23fb83b-b4d8-400a-9f77-e73c5b97ef21
7477,IT,Direktorat Penjaminan Mutu Pengembangan Kapasitas,Kota Adm. Jakarta Pusat,1 kuota,,"Teknik Informatika, Teknologi Informasi, Ilmu Komputer, Rekayasa Perangkat Lunak, Sistem Informasi","Sabtu, Minggu",https://maganghub.kemnaker.go.id/magang-nasional/lowongan/it-a24380aa-fc28-4d71-afcc-52637ff57426
7480,Asisten Pranata Komputer,BPS Kabupaten Batu Bara,Kab. Batu Bara,1 kuota,,"Teknologi Informasi, Ilmu Komputer, Sistem Informasi, Teknik Komputer, Teknologi Informatika Multimedia Digital","Sabtu, Minggu",https://maganghub.kemnaker.go.id/magang-nasional/lowongan/asisten-pranata-komputer-a242dd4f-fb8b-41a8-a823-97c70913600e
7481,Asisten UI/UX Designer,Direktorat Penjaminan Mutu Pembelajaran,Kota Adm. Jakarta Pusat,1 kuota,,"Teknik Informatika, Ilmu Komputer, Sistem Informasi","Sabtu, Minggu",https://maganghub.kemnaker.go.id/magang-nasional/lowongan/asisten-uiux-designer-a2438abb-3e63-4f5a-a776-d883233917af
7482,Asisten Pengembang Aplikasi,Direktorat Penjaminan Mutu Pembelajaran,Kota Adm. Jakarta Pusat,1 kuota,,"Teknik Informatika, Ilmu Komputer, Rekayasa Perangkat Lunak, Sistem Informasi","Sabtu, Minggu",https://maganghub.kemnaker.go.id/magang-nasional/lowongan/asisten-pengembang-aplikasi-a243893d-55f0-47cc-ab91-2f0130f30bdf
7611,PENGELOLA SDM,LEMBAGA PEMASYARAKATAN KELAS IIB SELONG,Kab. Lombok Timur,2 kuota,,"Ilmu Komputer, Manajemen Sumber Daya Manusia, Ilmu Komunikasi, Teknik Komputer Dan Jaringan, Hukum","Sabtu, Minggu",https://maganghub.kemnaker.go.id/magang-nasional/lowongan/pengelola-sdm-a240de98-0cbd-4274-a85a-0d00052ce5cd
7615,PENGELOLA SDM,LEMBAGA PEMASYARAKATAN KELAS IIB SELONG,Kab. Lombok Timur,2 kuota,,"Ilmu Komputer, Manajemen Sumber Daya Manusia, Ilmu Komunikasi, Teknik Komputer Dan Jaringan, Hukum","Sabtu, Minggu",https://maganghub.kemnaker.go.id/magang-nasional/lowongan/pengelola-sdm-a240de98-0cbd-4274-a85a-0d00052ce5cd
7656,Staf Teknologi dan Informasi,PERWAKILAN LAMPUNG,Kota Bandar Lampung,1 kuota,,"Teknik Informatika, Teknologi Informasi, Sains Data, Ilmu Komputer, Pendidikan Teknologi Informasi dan Komunikasi","Sabtu, Minggu",https://maganghub.kemnaker.go.id/magang-nasional/lowongan/staf-teknologi-dan-informasi-a242e9c0-432e-4bfb-a838-5b2db6cc2bf0
7657,Analis Data dan Informasi,Direktorat Pengendalian Operasi Armada,Kota Adm. Jakarta Pusat,2 kuota,,"Ilmu Komputer, Teknik informatika, sistem informasi","Sabtu, Minggu",https://maganghub.kemnaker.go.id/magang-nasional/lowongan/analis-data-dan-informasi-a24402f4-e0f0-4a03-ad27-ca96428efa7d
7658,Staf Pengolah Data dan Informasi,Direktorat Pengendalian Operasi Armada,Kota Adm. Jakarta Pusat,2 kuota,,"Informatika, Ilmu Komputer, Ilmu Perikanan, ilmu Kelautan","Sabtu, Minggu",https://maganghub.kemnaker.go.id/magang-nasional/lowongan/staf-pengolah-data-dan-informasi-a24401db-089a-48a0-b49c-dd4e798f7285
7674,Asisten Pranata Komputer,BPS Kabupaten Batang,Kab. Batang,2 kuota,,"Teknik Informatika, Ilmu Komputer, Rekayasa Perangkat Lunak, Sistem Informasi, Teknik Komputer","Sabtu, Minggu",https://maganghub.kemnaker.go.id/magang-nasional/lowongan/asisten-pranata-komputer-a243539b-5ed5-485f-8825-54877de43771
7678,Asisten Pranata Komputer,BPS Kabupaten Batang Hari,Kab. Batanghari,2 kuota,,"Teknik Informatika, Ilmu Komputer, Rekayasa Perangkat Lunak, Sistem Informasi, Teknik Komputer","Minggu, Sabtu",https://maganghub.kemnaker.go.id/magang-nasional/lowongan/asisten-pranata-komputer-a23faf50-de59-4373-aa3f-2c44b939a712
7707,Software Developer (Full Stack Dev),Direktorat Pengawasan Sumber Daya Perikanan,Kota Adm. Jakarta Pusat,1 kuota,,"Teknik Informatika, Teknologi Informasi, Ilmu Komputer, Sistem Informasi","Sabtu, Minggu",https://maganghub.kemnaker.go.id/magang-nasional/lowongan/software-developer-full-stack-dev-a2440035-7ce3-461b-aa29-546d8fa64c60
7721,Asisten Pranata Komputer,BPS Kabupaten Barru,Kab. Barru,1 kuota,,"Teknik Informatika, Ilmu Komputer, Teknologi Rekayasa Komputer, Rekayasa Perangkat Lunak, Sistem Informasi","Sabtu, Minggu",https://maganghub.kemnaker.go.id/magang-nasional/lowongan/asisten-pranata-komputer-a24100c1-ac61-450d-989c-754d0982fe3e
7723,Asisten Pranata Komputer,BPS Kabupaten Barru,Kab. Barru,1 kuota,,"Teknik Informatika, Ilmu Komputer, Teknologi Rekayasa Komputer, Rekayasa Perangkat Lunak, Sistem Informasi","Sabtu, Minggu",https://maganghub.kemnaker.go.id/magang-nasional/lowongan/asisten-pranata-komputer-a24100c1-ac61-450d-989c-754d0982fe3e
7727,Penata Kelola Obat dan Makanan/Fungsi Sertifikasi,Balai Besar POM di Kupang,Kota Kupang,2 kuota,,"Ilmu Komputer, Ilmu Kesehatan Masyarakat, Farmasi, Kimia, Biologi","Sabtu, Minggu",https://maganghub.kemnaker.go.id/magang-nasional/lowongan/penata-kelola-obat-dan-makananfungsi-sertifikasi-a243fa02-1e6a-407a-b2bb-ae93d3394e7c
7731,Penata Layanan Operasional/Bagian Tata Usaha,Balai Besar POM di Kupang,Kota Kupang,2 kuota,,"Teknik Informatika, Teknologi Informasi, Ilmu Komputer, Teknik Informatika Multimedia, Teknologi Informatika Multimedia Digital","Sabtu, Minggu",https://maganghub.kemnaker.go.id/magang-nasional/lowongan/penata-layanan-operasionalbagian-tata-usaha-a243e669-30b1-4dab-89e4-2cfa09536628
7735,Penata Layanan Operasional/Bagian Tata Usaha,Balai Besar POM di Kupang,Kota Kupang,2 kuota,"Ilmu Komputer, Kearsipan, Informasi, Perpustakaan & Kearsipan, Ilmu Administrasi Negara, Manajemen Informatika","Ilmu Komputer, Kearsipan, Informasi, Perpustakaan & Kearsipan, Ilmu Administrasi Negara, Manajemen Informatika","Sabtu, Minggu",https://maganghub.kemnaker.go.id/magang-nasional/lowongan/penata-layanan-operasionalbagian-tata-usaha-a243f500-4fd8-4c1b-8796-ca42477a7ffb
7777,Asisten Pranata Komputer,BPS Kabupaten Barito Kuala,Kab. Barito Kuala,1 kuota,,"Teknik Informatika, Teknologi Informasi, Sains Data, Ilmu Komputer, Sistem informasi","Sabtu, Minggu",https://maganghub.kemnaker.go.id/magang-nasional/lowongan/asisten-pranata-komputer-a243537e-39f2-429a-9600-4854bf619aa8
7781,Pengembangan Sistem Informasi dan Digitalisasi Penataan Ruang Laut,Direktorat Pembinaan Penataan Ruang Laut,Kota Adm. Jakarta Pusat,2 kuota,,"Teknik Informatika, Informatika, Ilmu Komputer, Sistem informasi","Sabtu, Minggu",https://maganghub.kemnaker.go.id/magang-nasional/lowongan/pengembangan-sistem-informasi-dan-digitalisasi-penataan-ruang-laut-a2438126-a6e4-488b-95f3-539955caa2f7
7826,Asisten Pranata Komputer,BPS Kabupaten Banyuwangi,Kab. Banyuwangi,1 kuota,,"Informatika, Ilmu Komputer, Rekayasa Perangkat Lunak, Sistem Komputer, Sistem Informasi","Sabtu, Minggu",https://maganghub.kemnaker.go.id/magang-nasional/lowongan/asisten-pranata-komputer-a2419d54-d08b-4cf3-98cc-e63454333cb6
7892,Asisten Statistisi,BPS Kabupaten Banyuasin,Kab. Banyuasin,4 kuota,,"Ilmu Komputer, Komputasi Statistik, Statistika dan Sains Data, Statistika Terapan dan Komputasi, Matematika","Sabtu, Minggu",https://maganghub.kemnaker.go.id/magang-nasional/lowongan/asisten-statistisi-a24241b0-7379-42b3-a215-7c772604cdab
7931,Analis Data dan Sistem Informasi,Direktorat Pemberdayaan Usaha,Kota Adm. Jakarta Pusat,2 kuota,,"Ilmu Komputer, Manajemen, Desain Komunikasi Visual, Manajemen Informatika, Administrasi Negara","Sabtu, Minggu",https://maganghub.kemnaker.go.id/magang-nasional/lowongan/analis-data-dan-sistem-informasi-a243bc5e-78d7-4b92-b0a7-10ee14aa352e
7934,Tenaga Pendukung Administrasi SDM,Direktorat Pemberdayaan Usaha,Kota Adm. Jakarta Pusat,1 kuota,,"Ilmu Komputer, Manajemen, Desain Komunikasi Visual, Manajemen Informatika, Administrasi Negara","Sabtu, Minggu",https://maganghub.kemnaker.go.id/magang-nasional/lowongan/tenaga-pendukung-administrasi-sdm-a243bb7d-f644-4998-9b36-794ce88e9439
7970,Staf IT,PERWAKILAN KALIMANTAN TENGAH,Kota Palangkaraya,1 kuota,,"Teknik Informatika, Ilmu Komputer, sistem informasi, Teknik Komputer","Sabtu, Minggu",https://maganghub.kemnaker.go.id/magang-nasional/lowongan/staf-it-a2431d99-2dee-459a-b93a-d04778f9d0d5
8037,Asisten Statistisi,BPS Kabupaten Bangkalan,Kab. Bangkalan,1 kuota,,"Informatika, Sains Data, Ilmu Komputer, Statistika, Sistem Informasi","Sabtu, Minggu",https://maganghub.kemnaker.go.id/magang-nasional/lowongan/asisten-statistisi-a24128fa-791c-4267-8d9e-726b05423eb8
8050,Programer /Pranata komputer,Balai Besar POM di Bandung,Kota Bandung,1 kuota,,"Teknik Informatika, Ilmu Komputer, Sistem informasi","Sabtu, Minggu",https://maganghub.kemnaker.go.id/magang-nasional/lowongan/programer-pranata--komputer-a243de35-ef79-4992-a8f5-4de379861038
8074,Asisten Pranata Komputer,BPS Kabupaten Banggai Laut,Kab. Banggai Laut,1 kuota,,"Ilmu Komputer, Pendidikan Ilmu Komputer, Komputasi Statistik, Statistika Terapan dan Komputasi, Pendidikan Teknik Informatika & Komputer","Sabtu, Minggu",https://maganghub.kemnaker.go.id/magang-nasional/lowongan/asisten-pranata-komputer-a23f5037-b459-4b84-9bb9-cef117deb196
8114,BOSDM – Asisten Integrator Data ASN BRIN,Sekretariat Utama,Kota Adm. Jakarta Pusat,2 kuota,,"Informatika, Ilmu Komputer, Statistik, Administrasi Publik, Sistem Informasi","Sabtu, Minggu",https://maganghub.kemnaker.go.id/magang-nasional/lowongan/bosdm-–-asisten-integrator-data-asn-brin-a2440e35-2c8d-401e-91a5-a94709c45d9c
8136,BHKS – Asisten Pendampingan dan Advokasi Hukum,Sekretariat Utama,Kota Adm. Jakarta Pusat,2 kuota,,"Ilmu Komputer, Psikologi, Hukum Pidana/Jinayah, Ilmu Hukum, Hukum","Sabtu, Minggu",https://maganghub.kemnaker.go.id/magang-nasional/lowongan/bhks-–-asisten-pendampingan-dan-advokasi-hukum-a2440826-f449-4cfc-bbef-6c93d7804897
8167,Asisten Pranata Komputer,BPS Kabupaten Balangan,Kab. Balangan,1 kuota,,"Teknik Informatika, Teknologi Informasi, Ilmu Komputer, Sistem Informasi, Teknik Komputer Dan Jaringan","Minggu, Sabtu",https://maganghub.kemnaker.go.id/magang-nasional/lowongan/asisten-pranata-komputer-a23f789c-7c75-4d7e-b0d2-5548c66d7740
8230,Asisten Pranata Komputer,BPS Kabupaten Asahan,Kab. Asahan,1 kuota,,"Teknik Informatika, Teknologi Informasi, Ilmu Komputer, Sistem Informasi, Teknik Komputer","Sabtu, Minggu",https://maganghub.kemnaker.go.id/magang-nasional/lowongan/asisten-pranata-komputer-a2436f1d-b3fb-4db5-8813-a2c9265f1ac5
8231,Asisten Pengelola Data,Balai Besar Perbenihan dan Pelindungan Tanaman Perkebunan Surabaya,Kab. Jombang,1 kuota,,"Teknologi Informasi, Ilmu Komputer, Ilmu Administrasi Publik, Sistem Informasi, Ilmu Administrasi Negara","Sabtu, Minggu",https://maganghub.kemnaker.go.id/magang-nasional/lowongan/asisten-pengelola-data-a241a342-cce7-4820-ba09-7fba298fba36
8235,Penganalisis Sistem dan Aplikasi,Set. BNSP,Kota Adm. Jakarta Selatan,4 kuota,,"Teknik Informatika, Teknologi Informasi, Ilmu Komputer, Sistem Informasi","Sabtu, Minggu",https://maganghub.kemnaker.go.id/magang-nasional/lowongan/penganalisis-sistem-dan-aplikasi-a24365e4-36f8-409a-b605-025dcbbd9d3d
8238,Pengolah Data dan Informasi,Set. BNSP,Kota Adm. Jakarta Selatan,4 kuota,,"Ilmu Komputer, Kearsipan, Manajemen Administrasi, Sistem Informasi, Teknik informatika","Sabtu, Minggu",https://maganghub.kemnaker.go.id/magang-nasional/lowongan/pengolah-data-dan-informasi-a243632b-937e-4f62-828a-06b4d61735b7
8240,Data Analyst,Set. BNSP,Kota Adm. Jakarta Selatan,3 kuota,,"Teknik Informatika, Sains Data, Ilmu Komputer, Sistem Informasi","Sabtu, Minggu",https://maganghub.kemnaker.go.id/magang-nasional/lowongan/data-analyst-a2435b29-6b11-48e7-be62-ed2691beb63b
8256,Asisten Pengelola Data,Direktorat Pelindungan Perkebunan,Kota Adm. Jakarta Selatan,1 kuota,,"Teknologi Informasi, Ilmu Komputer, Administrasi, Sistem Informasi","Sabtu, Minggu",https://maganghub.kemnaker.go.id/magang-nasional/lowongan/asisten-pengelola-data-a241ab85-8212-450d-bf9f-8d8f5dfef353
8269,Asisten Pengelola Data,Balai Besar Perbenihan dan Pelindungan Tanaman Perkebunan Medan,Kota Medan,1 kuota,,"Teknologi Informasi, Ilmu Komputer, Administrasi, Sistem Informasi, Ilmu Administrasi Bisnis","Sabtu, Minggu",https://maganghub.kemnaker.go.id/magang-nasional/lowongan/asisten-pengelola-data-a2418d3a-437d-4a49-a86a-f2153ff7da93
8271,Asisten Pranata Komputer,BPS Kabupaten Alor,Kab. Alor,1 kuota,,"Teknik Informatika, Teknologi Informasi, Ilmu Komputer, Sistem informasi, Teknik Komputer","Sabtu, Minggu",https://maganghub.kemnaker.go.id/magang-nasional/lowongan/asisten-pranata-komputer-a240b1ca-a392-4823-a84b-c6e21de2bf56
8409,UI/UX Engineer (React),Balai Besar Pengujian Penerapan Produk Kelautan dan Perikanan,Kota Adm. Jakarta Timur,1 kuota,,"Informatika, Ilmu Komputer, Desain Komunikasi Visual, Sistem Informasi, Multi Media","Sabtu, Minggu",https://maganghub.kemnaker.go.id/magang-nasional/lowongan/uiux-engineer-react-a2440aac-b766-49da-9fc9-bfa442ef91fd
8411,Asisten Statistisi,BPS Kabupaten Aceh Selatan,Kab. Aceh Selatan,1 kuota,,"Sains Data, Ilmu Komputer, Aktuaria, Statistika, Matematika","Sabtu, Minggu",https://maganghub.kemnaker.go.id/magang-nasional/lowongan/asisten-statistisi-a242e19b-4b3b-4b60-9a2f-2abcf05e8cc2
8620,kehumasan,LEMBAGA PEMASYARAKATAN KELAS IIA LABUHAN RUKU,Kab. Batu Bara,3 kuota,,"Ilmu Komputer, Komunikasi, Teknik Listrik",Minggu,https://maganghub.kemnaker.go.id/magang-nasional/lowongan/kehumasan-a23f7983-574b-4e26-b385-b889c7bc916c
8629,Junior Service Delivery Quality Assurance Specialist Intern,Kantor Cabang Mojokerto,Kota Adm. Jakarta Selatan,2 kuota,,"Ilmu Komputer, Sistem informasi, Statistika, Matematika","Sabtu, Minggu",https://maganghub.kemnaker.go.id/magang-nasional/lowongan/junior-service-delivery-quality-assurance-specialist-intern-a2440c41-3ce8-4dcd-ab0f-9ba9b8d03ed7
8634,Strategic Project Assistant Intern,Kantor Cabang Mojokerto,Kota Adm. Jakarta Selatan,1 kuota,,"Ilmu Komputer, Komunikasi, Manajemen, Administrasi Bisnis, Desain Komunikasi Visual","Sabtu, Minggu",https://maganghub.kemnaker.go.id/magang-nasional/lowongan/strategic-project-assistant-intern-a2431e74-a30c-42a0-86a6-3c62d2aee377
8647,Strategic Project Assistant Intern,Kantor Cabang Mojokerto,Kota Adm. Jakarta Selatan,1 kuota,,"Ilmu Komputer, Komunikasi, Manajemen, Administrasi Bisnis, Desain Komunikasi Visual","Sabtu, Minggu",https://maganghub.kemnaker.go.id/magang-nasional/lowongan/strategic-project-assistant-intern-a2431e74-a30c-42a0-86a6-3c62d2aee377
8657,Junior AI Engineer Intern,Kantor Cabang Mojokerto,Kota Adm. Jakarta Selatan,1 kuota,,"Teknik Informatika, Teknologi Informasi, Ilmu Komputer, Sistem informasi, Teknik Komputer","Sabtu, Minggu",https://maganghub.kemnaker.go.id/magang-nasional/lowongan/junior-ai-engineer-intern-a2421560-5673-4584-91ad-920b73f71ac3
8664,Junior AI Engineer Intern,Kantor Cabang Mojokerto,Kota Adm. Jakarta Selatan,1 kuota,,"Teknik Informatika, Teknologi Informasi, Ilmu Komputer, Sistem informasi, Teknik Komputer","Sabtu, Minggu",https://maganghub.kemnaker.go.id/magang-nasional/lowongan/junior-ai-engineer-intern-a2421560-5673-4584-91ad-920b73f71ac3
8700,Penata Layanan Operasional,Direktorat Kesatuan Pengawasan Laut dan Pelayaran (KPLP),Kota Adm. Jakarta Pusat,5 kuota,,"Ilmu Komputer, Komputer Grafis, Administrasi Logistik, Teknik Komputer Dan Jaringan, Teknik Komputer","Sabtu, Minggu",https://maganghub.kemnaker.go.id/magang-nasional/lowongan/penata-layanan-operasional-a2438369-9da0-494b-b832-08616a7dd314
9050,Analis Data Penyediaan Listrik Kemasyarakatan,Direktorat Jenderal Ketenagalistrikan,Kota Adm. Jakarta Selatan,1 kuota,,"Teknik Informatika, Ilmu Komputer, Sistem Informasi, Teknik Elektro, Statistika","Sabtu, Minggu",https://maganghub.kemnaker.go.id/magang-nasional/lowongan/analis-data-penyediaan-listrik-kemasyarakatan-a2412227-1edb-484f-9da1-b4634c1ce589
9051,Analis Data Percepatan Penyediaan Infrastruktur Listrik Desa,Direktorat Jenderal Ketenagalistrikan,Kota Adm. Jakarta Selatan,1 kuota,,"Teknik Informatika, Ilmu Komputer, Sistem informasi","Sabtu, Minggu",https://maganghub.kemnaker.go.id/magang-nasional/lowongan/analis-data-percepatan-penyediaan-infrastruktur-listrik-desa-a2411828-2281-4987-af4d-19e5dca0d1c1
9052,Analis Data Penyediaan Listrik Kemasyarakatan,Direktorat Jenderal Ketenagalistrikan,Kota Adm. Jakarta Selatan,1 kuota,,"Teknik Informatika, Ilmu Komputer, Sistem Informasi, Teknik Elektro, Statistika","Sabtu, Minggu",https://maganghub.kemnaker.go.id/magang-nasional/lowongan/analis-data-penyediaan-listrik-kemasyarakatan-a2412185-c32a-418a-9dba-f924d1f19fba
9056,Analis Data Keselamatan ketenagalistrikan,Direktorat Jenderal Ketenagalistrikan,Kota Adm. Jakarta Selatan,2 kuota,,"Kesehatan dan Keselamatan Kerja, Ilmu Komputer, Teknik Nuklir, Teknik Elektro, Statistika","Sabtu, Minggu",https://maganghub.kemnaker.go.id/magang-nasional/lowongan/analis-data-keselamatan-ketenagalistrikan-a2412bd6-c0ec-43d2-a59c-b79f83ede530
9062,Analis Data Percepatan Penyediaan Infrastruktur Listrik Desa,Direktorat Jenderal Ketenagalistrikan,Kota Adm. Jakarta Selatan,1 kuota,,"Teknik Informatika, Ilmu Komputer, Sistem informasi","Sabtu, Minggu",https://maganghub.kemnaker.go.id/magang-nasional/lowongan/analis-data-percepatan-penyediaan-infrastruktur-listrik-desa-a2411828-2281-4987-af4d-19e5dca0d1c1
9065,Analis Data Penyediaan Listrik Kemasyarakatan,Direktorat Jenderal Ketenagalistrikan,Kota Adm. Jakarta Selatan,1 kuota,,"Teknik Informatika, Ilmu Komputer, Sistem Informasi, Teknik Elektro, Statistika","Sabtu, Minggu",https://maganghub.kemnaker.go.id/magang-nasional/lowongan/analis-data-penyediaan-listrik-kemasyarakatan-a2412227-1edb-484f-9da1-b4634c1ce589
9093,Humas,LEMBAGA PEMASYARAKATAN KELAS IIB NGAWI,Kab. Ngawi,2 kuota,,"Teknik Informatika, Ilmu Komputer, Ilmu Komunikasi, Desain Komunikasi Visual",Minggu,https://maganghub.kemnaker.go.id/magang-nasional/lowongan/humas-a242db76-0dc2-47ac-99af-d8d8fbea383f
9141,PENGELOLA KEHUMASAN,LEMBAGA PEMASYARAKATAN KELAS IIA GORONTALO,Kota Gorontalo,1 kuota,,"Ilmu Komputer, Sistem Informasi, Ilmu Komunikasi, Komunikasi Digital dan Media, Desain Komunikasi Visual -","Sabtu, Minggu",https://maganghub.kemnaker.go.id/magang-nasional/lowongan/pengelola-kehumasan-a23f7066-2778-48a7-ba0f-8ce339c8b8ab
9146,PENGELOLA KEHUMASAN,LEMBAGA PEMASYARAKATAN KELAS IIA GORONTALO,Kota Gorontalo,1 kuota,,"Ilmu Komputer, Sistem Informasi, Ilmu Komunikasi, Komunikasi Digital dan Media, Desain Komunikasi Visual -","Sabtu, Minggu",https://maganghub.kemnaker.go.id/magang-nasional/lowongan/pengelola-kehumasan-a23f7066-2778-48a7-ba0f-8ce339c8b8ab
9155,Tenaga Rekayasa Perangkat Lunak,Balai Besar Laboratorium Kesehatan Masyarakat Surabaya,Kota Surabaya,1 kuota,,"Teknik Informatika, Ilmu Komputer, Sistem informasi","Minggu, Sabtu",https://maganghub.kemnaker.go.id/magang-nasional/lowongan/tenaga-rekayasa-perangkat-lunak-a243cf93-3d9d-480d-a61b-72cc58f9fa74
9188,"Staf Magang Bagian Umum, Organisasi, dan SDM",Direktorat Jenderal Kerja Sama Multilateral,Kota Adm. Jakarta Pusat,1 kuota,,"Ilmu Komputer, Manajemen, Administrasi, Ilmu Komunikasi, Pendidikan Komputer","Sabtu, Minggu","https://maganghub.kemnaker.go.id/magang-nasional/lowongan/staf-magang-bagian-umum,-organisasi,-dan-sdm-a243cdc0-1c24-4d85-9787-6d25bf9d371b"
9325,Asisten Pengembang Sistem Informasi,Direktorat Jenderal Informasi dan Diplomasi Publik,Kota Adm. Jakarta Pusat,1 kuota,,"Teknik Informatika, Ilmu Komputer, Sistem Informasi, Manajemen Informatika, Teknik Komputer","Minggu, Sabtu",https://maganghub.kemnaker.go.id/magang-nasional/lowongan/asisten-pengembang-sistem-informasi-a243db99-f5ff-43ed-9e56-12d5e0d0a30d
9361,Asisten Administrator tenaga ahli dibidang IT,OJKI,Kota Palembang,1 kuota,,"Teknik Informatika, Ilmu Komputer, Sistem Informasi, Ilmu Komunikasi","Sabtu, Minggu",https://maganghub.kemnaker.go.id/magang-nasional/lowongan/asisten-administrator-tenaga-ahli-dibidang-it-a2411845-05f5-407f-a120-d01c2d51f7fe
9414,PENGELOLA SISTEM INFORMASI DIREKTORAT TEKNOLOGI INFORMASI KEIMIGRASIAN,Direktorat Jenderal Imigrasi,Kota Adm. Jakarta Selatan,2 kuota,,"Teknik Informatika, Teknologi Informasi, Ilmu Komputer, Sistem Dan Teknologi Informasi, Teknik Komputer","Sabtu, Minggu",https://maganghub.kemnaker.go.id/magang-nasional/lowongan/pengelola-sistem-informasi-direktorat-teknologi-informasi-keimigrasian-a240f712-fb10-4356-9503-96c7fd5c86ef
9480,Data Analyst – KUMPM,PERWAKILAN KALIMANTAN SELATAN,Kota Adm. Jakarta Selatan,1 kuota,,"Teknik Informatika, Sains Data, Ilmu Komputer, Statistika dan Sains Data, Statistika","Sabtu, Minggu",https://maganghub.kemnaker.go.id/magang-nasional/lowongan/data-analyst-–-kumpm-a243f994-858c-4031-9181-cba634ba8a5c
9503,Programmer - KUMPM,PERWAKILAN KALIMANTAN SELATAN,Kota Adm. Jakarta Selatan,1 kuota,,"Ilmu Komputer, Teknik informatika","Sabtu, Minggu",https://maganghub.kemnaker.go.id/magang-nasional/lowongan/programmer---kumpm-a243f816-6643-49cb-8c2d-9fd1278502ef
9564,PRANATA KOMPUTER,KANTOR WILAYAH DIREKTORAT JENDERAL IMIGRASI SUMATERA BARAT,Kota Padang,2 kuota,,"Teknik Informatika, Ilmu Komputer, Sistem Komputer, Teknik Komputer dan Jaringan, Teknik Komputer","Sabtu, Minggu",https://maganghub.kemnaker.go.id/magang-nasional/lowongan/pranata-komputer-a2440a07-ce6b-4a47-b97e-3c1fa967d146
9584,DPEA-Asisten system developer,OJKI,Kota Adm. Jakarta Selatan,1 kuota,,"Teknik Informatika, Teknologi Informasi, Ilmu Komputer, Sistem Informasi, Teknik Komputer","Sabtu, Minggu",https://maganghub.kemnaker.go.id/magang-nasional/lowongan/dpea-asisten-system-developer-a23f618f-d54e-44c0-ab48-4b26087e7c1f
9588,OJKI - Asisten Analis Pusat Informasi Inovasi Pembelajaran,OJKI,Kota Adm. Jakarta Selatan,1 kuota,,"Ilmu Komputer, Statistika dan Sains Data, Sains Data Terapan, Manajemen Informatika, Teknologi Sains Data","Sabtu, Minggu",https://maganghub.kemnaker.go.id/magang-nasional/lowongan/ojki---asisten-analis-pusat-informasi-inovasi-pembelajaran-a23ee80d-8f8f-41a7-ae70-7ea060380bec
9714,DPSI - Staf Pengujian Aplikasi (Tester SIT),OJKI,Kota Adm. Jakarta Selatan,3 kuota,,"Teknik Informatika, Ilmu Komputer, Sistem Informasi, Teknik Komputer","Sabtu, Minggu",https://maganghub.kemnaker.go.id/magang-nasional/lowongan/dpsi---staf-pengujian-aplikasi-tester-sit-a24383ed-bb74-4971-8119-734d9b3a558b
9716,DPIK - Asisten Analis Junior DPIK 1,OJKI,Kota Adm. Jakarta Pusat,1 kuota,,"Ilmu Komputer, Teknik Industri, Sistem Informasi, Teknik Komputer","Sabtu, Minggu",https://maganghub.kemnaker.go.id/magang-nasional/lowongan/dpik---asisten-analis-junior-dpik-1-a243830e-d8be-4071-a144-bc21c61b165b
9719,DPIA - Asisten Analis - Grup Inovasi Keuangan Digital,OJKI,Kota Adm. Jakarta Pusat,3 kuota,,"Ilmu Komputer, Manajemen, Ekonomi, Sistem informasi, Hukum","Sabtu, Minggu",https://maganghub.kemnaker.go.id/magang-nasional/lowongan/dpia---asisten-analis---grup-inovasi-keuangan-digital-a24381bd-cf20-4dba-acd4-3ee81f3f025f
9729,DPAI - Asisten Auditor Internal - Data Analyst,OJKI,Kota Adm. Jakarta Pusat,1 kuota,,"Teknik Informatika, Sains Data, Ilmu Komputer, Sistem Informasi","Sabtu, Minggu",https://maganghub.kemnaker.go.id/magang-nasional/lowongan/dpai---asisten-auditor-internal---data-analyst-a2436bc9-f2e3-4d76-a3eb-6fd9048d597b
9732,DIMB-Asisten Analis Divisi Pengelolaan Sistem Informasi Pengawasan Perbankan&Konglomerasi Keuangan,OJKI,Kota Adm. Jakarta Pusat,1 kuota,,"Teknik Informatika, Ilmu Komputer, Sistem Informasi, Manajemen Informatika, Teknik Komputer","Sabtu, Minggu",https://maganghub.kemnaker.go.id/magang-nasional/lowongan/dimb-asisten-analis-divisi-pengelolaan-sistem-informasi-pengawasan-perbankan&konglomerasi-keuangan-a24368a4-c025-46af-93ee-eda415ab92be
9735,DPZP - Asisten Analis Departemen Perizinan Kelembagaan dan Profesi Pelaku OJK,OJKI,Kota Adm. Jakarta Pusat,2 kuota,,"Ilmu Komputer, Teknik Industri, Sistem Informasi, Ilmu Hukum","Sabtu, Minggu",https://maganghub.kemnaker.go.id/magang-nasional/lowongan/dpzp---asisten-analis-departemen-perizinan-kelembagaan-dan-profesi-pelaku-ojk-a2437e81-187c-43c5-99f4-92487b3fc724
9738,DPZP - Asisten Analis Departemen Perizinan Kelembagaan dan Profesi Pelaku OJK,OJKI,Kota Adm. Jakarta Pusat,2 kuota,,"Ilmu Komputer, Teknik Industri, Sistem Informasi, Ilmu Hukum","Sabtu, Minggu",https://maganghub.kemnaker.go.id/magang-nasional/lowongan/dpzp---asisten-analis-departemen-perizinan-kelembagaan-dan-profesi-pelaku-ojk-a2437e81-187c-43c5-99f4-92487b3fc724
9796,DPDS - Asisten Pengelolaan Metadata dan Layananan Data dan Statistik,OJKI,Kota Adm. Jakarta Pusat,1 kuota,,"Teknik Informatika, Teknologi Informasi, Sains Data, Ilmu Komputer, Sistem informasi","Sabtu, Minggu",https://maganghub.kemnaker.go.id/magang-nasional/lowongan/dpds---asisten-pengelolaan-metadata-dan-layananan-data-dan-statistik-a243afc2-4f1e-4833-964c-58b4203d9174
9800,DPDS - Asisten Tata Kelola dan Pengembangan Data,OJKI,Kota Adm. Jakarta Pusat,2 kuota,,"Teknik Informatika, Teknologi Informasi, Ilmu Komputer, sistem informasi, Teknologi Sains Data","Sabtu, Minggu",https://maganghub.kemnaker.go.id/magang-nasional/lowongan/dpds---asisten-tata-kelola-dan-pengembangan-data-a243b0a5-d089-4f8c-83fe-8392f7c54f19
9815,DPNP - Analisis 5,OJKI,Kota Adm. Jakarta Pusat,2 kuota,,"Ilmu Komputer, Teknik Fisika, Teknik Elektro, Matematika","Sabtu, Minggu",https://maganghub.kemnaker.go.id/magang-nasional/lowongan/dpnp---analisis-5-a2439d9f-38d1-4398-80f7-b182e358d0df
9835,DPEA - Quality Assurance,OJKI,Kota Adm. Jakarta Selatan,2 kuota,,"Teknik Informatika, Teknologi Informasi, Ilmu Komputer, sistem informasi, Teknik Komputer","Sabtu, Minggu",https://maganghub.kemnaker.go.id/magang-nasional/lowongan/dpea---quality-assurance-a2438b60-0c6a-4b3f-8cf8-bb4a6290c368
9883,Pengelola Pembinaan Kepribadian,LEMBAGA PEMASYARAKATAN KELAS IIA BEKASI,Kota Bekasi,3 kuota,,"PGSD Pendidikan Jasmani, Ilmu Komputer, Ilmu Hukum, Administrasi Jaringan Komputer, Pendidikan Olahraga dan Kesehatan",Minggu,https://maganghub.kemnaker.go.id/magang-nasional/lowongan/pengelola-pembinaan-kepribadian-a240f816-2609-45d3-9031-cbd0aea44a76
10001,Pranata Komputer/Tenaga IT,Loka Kekarantinaan Kesehatan Entikong,Kab. Sanggau,1 kuota,,"Ilmu Komputer, Sistem dan Teknologi Informasi, Sistem Informasi, Pendidikan Teknik Informatika, Pendidikan Teknik Informatika & Komputer","Sabtu, Minggu",https://maganghub.kemnaker.go.id/magang-nasional/lowongan/pranata-komputertenaga-it-a242e7f9-7986-4083-836e-08bcdca2a18b
10174,Pengelola BMN/Fasilitas Umum,LEMBAGA PEMASYARAKATAN KELAS IIA BANYUASIN,Kab. Banyuasin,2 kuota,,"Ilmu Komputer, Manajemen Aset, Manajemen, Manajemen Aset Publik, Administrasi Perkantoran",Minggu,https://maganghub.kemnaker.go.id/magang-nasional/lowongan/pengelola-bmnfasilitas-umum-a23f80d2-3551-41e2-974e-e6d4f734c698
10175,Pengelola SDM,LEMBAGA PEMASYARAKATAN KELAS IIA BANYUASIN,Kab. Banyuasin,2 kuota,,"Ilmu Komputer, Manajemen, Teknik Komputer, Manajemen Administrasi Perkantoran, Administrasi Perkantoran",Minggu,https://maganghub.kemnaker.go.id/magang-nasional/lowongan/pengelola-sdm-a23f7e92-5ff5-4801-8e2b-1c8e1350731e
10180,Asisten Pengelola Data,Direktorat Hilirisasi Hasil Perkebunan,Kota Adm. Jakarta Selatan,1 kuota,,"Teknologi Informasi, Ilmu Komputer, Sistem Informasi, Ilmu Administrasi Negara","Sabtu, Minggu",https://maganghub.kemnaker.go.id/magang-nasional/lowongan/asisten-pengelola-data-a241792b-e76f-4f6d-a5af-d78cafecaaaa
10187,PENGELOLA KEHUMASAN,LEMBAGA PEMBINAAN KHUSUS ANAK KELAS I KUPANG,Kota Kupang,2 kuota,,"Teknik Informatika, Ilmu Komputer, Ilmu Komunikasi, Teknik Multimedia",Minggu,https://maganghub.kemnaker.go.id/magang-nasional/lowongan/pengelola-kehumasan-a241db76-b0d0-4288-a4d9-f7e9be88c3d4
10191,Pengelola Fasilitas Umum,LEMBAGA PEMBINAAN KHUSUS ANAK KELAS I KUPANG,Kota Kupang,1 kuota,,"Ilmu Komputer, Arsitektur, Teknik Elektro, Teknik Sipil",Minggu,https://maganghub.kemnaker.go.id/magang-nasional/lowongan/pengelola-fasilitas-umum-a241dd7e-fe16-4e03-a8e6-23bb4382fb98
10192,PENGELOLA KEHUMASAN,LEMBAGA PEMBINAAN KHUSUS ANAK KELAS I KUPANG,Kota Kupang,2 kuota,,"Teknik Informatika, Ilmu Komputer, Ilmu Komunikasi, Teknik Multimedia",Minggu,https://maganghub.kemnaker.go.id/magang-nasional/lowongan/pengelola-kehumasan-a241db76-b0d0-4288-a4d9-f7e9be88c3d4
10258,Staf Umum,BPS Kabupaten Manggarai Barat,Kota Adm. Jakarta Pusat,9 kuota,,"Ilmu Komputer, Manajemen, Administrasi, Ekonomi, Akuntansi","Sabtu, Minggu",https://maganghub.kemnaker.go.id/magang-nasional/lowongan/staf-umum-a23df032-f649-404a-9de4-65088965e0af
10270,Asisten Pranata Komputer,BPS Kabupaten Manggarai Barat,Kota Adm. Jakarta Selatan,4 kuota,,"Teknologi Rekayasa Perangkat Lunak, Informatika, Sains Data, Ilmu Komputer, Teknik Elektro","Sabtu, Minggu",https://maganghub.kemnaker.go.id/magang-nasional/lowongan/asisten-pranata-komputer-a23deb1d-6959-4b48-95ab-10e83e18033d
10407,Perencana Sistem dan Teknologi Informasi Layanan Pengawasan Ketenagakerjaan dan K3,Direktorat Bina Sistem Pengawasan Ketenagakerjaan,Kota Adm. Jakarta Selatan,8 kuota,,"Teknik Informatika, Ilmu Komputer, Sistem informasi, Teknik Komputer Dan Jaringan, Teknik Komputer","Sabtu, Minggu",https://maganghub.kemnaker.go.id/magang-nasional/lowongan/perencana-sistem-dan-teknologi-informasi-layanan-pengawasan-ketenagakerjaan-dan-k3-a243c18a-d538-499d-81ec-6c9085635df6
10468,Analis Data,Direktorat Bina Produktivitas,Kota Adm. Jakarta Selatan,2 kuota,,"Teknik Informatika, Ilmu Komputer, Sistem Informasi, Desain Komunikasi Visual, Sistem Informasi","Sabtu, Minggu",https://maganghub.kemnaker.go.id/magang-nasional/lowongan/analis-data-a24380d6-1c9b-47ef-8ee7-f9b1efd35ba5
10512,PENGELOLA DATA DAN INFORMASI,Badan Pengembangan Sumber Daya Manusia Imigrasi dan Pemasyarakatan,Kota Adm. Jakarta Selatan,1 kuota,,"Informatika, Ilmu Komputer, Statistik, Manajemen Administrasi, Sistem informasi","Sabtu, Minggu",https://maganghub.kemnaker.go.id/magang-nasional/lowongan/pengelola-data-dan-informasi-a2415bfb-29b0-4dfb-9ade-9ba2d0b9c9c0
10518,PRANATA KOMPUTER,Badan Pengembangan Sumber Daya Manusia Imigrasi dan Pemasyarakatan,Kota Adm. Jakarta Selatan,1 kuota,,"Teknik Informatika, Ilmu Komputer, Sistem informasi, Teknik Komputer Dan Jaringan","Sabtu, Minggu",https://maganghub.kemnaker.go.id/magang-nasional/lowongan/pranata-komputer-a2416cd1-ace7-45d3-9672-886117c02274
10520,Asisten Teknologi Informatika,Direktorat Bina Perluasan Kesempatan Kerja,Kota Adm. Jakarta Selatan,2 kuota,,"Teknik Informatika, Ilmu Komputer, Sistem Informasi","Sabtu, Minggu",https://maganghub.kemnaker.go.id/magang-nasional/lowongan/asisten-teknologi-informatika-a243c09b-c715-4fce-887c-e2696ddcb7df
10548,Data Analyst,Direktorat Bina Pengujian Keselamatan dan Kesehatan Kerja,Kota Adm. Jakarta Selatan,2 kuota,,"Teknik Informatika, Sains Data, Ilmu Komputer, Sistem informasi, Statistika","Sabtu, Minggu",https://maganghub.kemnaker.go.id/magang-nasional/lowongan/data-analyst-a2439c59-ecf0-4fd9-9738-11a7819fd2c7
10623,PRANATA KOMPUTER,Badan Pengembangan Sumber Daya Manusia Hukum,Kota Depok,3 kuota,,"Teknik Informatika, Teknologi Informasi, Ilmu Komputer, Sistem Informasi, Ilmu Informatika","Sabtu, Minggu",https://maganghub.kemnaker.go.id/magang-nasional/lowongan/pranata-komputer-a2417a0f-7570-498c-ac77-0d0eb1388b4f
10625,PENATA KELOLA SISTEM DAN TEKNOLOGI INFORMASI,Badan Pengembangan Sumber Daya Manusia Hukum,Kota Depok,8 kuota,,"Teknik Informatika, Teknologi Informasi, Ilmu Komputer, sistem informasi, Teknik Komputer","Sabtu, Minggu",https://maganghub.kemnaker.go.id/magang-nasional/lowongan/penata-kelola-sistem-dan-teknologi-informasi-a2417d7e-15d7-46a4-a614-ba2785ac8521
10627,Asisten Perantara Hubungan Masyarakat,Direktorat Bina Penempatan Tenaga Kerja Khusus,Kota Adm. Jakarta Selatan,1 kuota,,"Informatika, Ilmu Komputer, Hubungan Masyarakat, Ilmu Komunikasi, Desain Komunikasi Visual","Sabtu, Minggu",https://maganghub.kemnaker.go.id/magang-nasional/lowongan/asisten-perantara-hubungan-masyarakat-a2439663-cefe-4ef8-9220-767d791228f2
10647,Asisten Statistisi,Direktorat Bina Penempatan Tenaga Kerja,Kota Adm. Jakarta Selatan,2 kuota,,"Teknik Informatika, Ilmu Komputer, Sistem informasi, Statistika, Matematika","Sabtu, Minggu",https://maganghub.kemnaker.go.id/magang-nasional/lowongan/asisten-statistisi-a2435e5f-1ed5-420b-9815-cb8887ed2150
10680,Perancang Proses Bisnis dan Layanan Publik,Direktorat Bina Pemeriksaan Norma Ketenagakerjaan,Kota Adm. Jakarta Selatan,1 kuota,,"Teknik Informatika, Teknologi Informasi, Ilmu Komputer, Sistem Informasi","Sabtu, Minggu",https://maganghub.kemnaker.go.id/magang-nasional/lowongan/perancang-proses-bisnis-dan-layanan-publik-a243825d-e159-4c36-8579-be7f602e11b7
10683,Pengelola Layanan Publik,Direktorat Bina Pemeriksaan Norma Ketenagakerjaan,Kota Adm. Jakarta Selatan,1 kuota,,"Teknik Informatika, Teknologi Informasi, Ilmu Komputer, Sistem Informasi","Sabtu, Minggu",https://maganghub.kemnaker.go.id/magang-nasional/lowongan/pengelola-layanan-publik-a24382e4-f82a-43f0-a394-942b6f7abd96
10699,Pengolah Data dan Pembuatan Sistem Informasi,Direktorat Bina Lemlatvok,Kota Adm. Jakarta Selatan,3 kuota,,"Teknik Informatika, Informatika, Ilmu Komputer, sistem informasi, Teknik Komputer","Sabtu, Minggu",https://maganghub.kemnaker.go.id/magang-nasional/lowongan/pengolah-data-dan-pembuatan-sistem-informasi-a24345af-b155-4d69-b134-f915370ce78a
10700,Pengembang Sistem Informasi,Direktorat Bina Lemlatvok,Kota Adm. Jakarta Selatan,1 kuota,,"Informatika, Ilmu Komputer, Teknik informatika, sistem informasi, Teknik Komputer","Sabtu, Minggu",https://maganghub.kemnaker.go.id/magang-nasional/lowongan/pengembang-sistem-informasi-a243410c-e9c6-45db-98df-3fdc62b9fc85
10709,Pengelola Teknologi Informasi,SMK - SMTI Yogyakarta,Kab. Kendal,1 kuota,,"Teknik Informatika, Ilmu Komputer, Sistem informasi, Teknik Komputer","Sabtu, Minggu",https://maganghub.kemnaker.go.id/magang-nasional/lowongan/pengelola-teknologi-informasi-a242f363-31ac-4a90-9f4c-c14993230fbf
10751,Statistisi Data Pelatihan Vokasi,Direktorat Bina Lavogan,Kota Adm. Jakarta Selatan,1 kuota,,"Sains Data, Ilmu Komputer, Sistem Informasi, Statistika, Matematika","Sabtu, Minggu",https://maganghub.kemnaker.go.id/magang-nasional/lowongan/statistisi-data-pelatihan-vokasi-a242ff85-c425-4546-986b-8ff8873eba0a
10755,Statistisi Data Pelatihan Vokasi,Direktorat Bina Lavogan,Kota Adm. Jakarta Selatan,1 kuota,,"Sains Data, Ilmu Komputer, Sistem Informasi, Statistika, Matematika","Sabtu, Minggu",https://maganghub.kemnaker.go.id/magang-nasional/lowongan/statistisi-data-pelatihan-vokasi-a242e60b-1d78-4090-a290-9f22bf934b74
10756,Statistisi Data Pemagangan Luar Negeri,Direktorat Bina Lavogan,Kota Adm. Jakarta Selatan,1 kuota,,"Sains Data, Ilmu Komputer, Sistem Informasi, Statistika, Matematika","Sabtu, Minggu",https://maganghub.kemnaker.go.id/magang-nasional/lowongan/statistisi-data-pemagangan-luar-negeri-a242e4af-9d42-49b3-a3ff-9f79107bd67c
10821,Software Engineer,Badan Pengelola Migas Aceh,Kota Banda Aceh,1 kuota,,"Teknik Informatika, Ilmu Komputer, Statistika dan Sains Data, Teknik Elektro, Sistem informasi","Sabtu, Minggu",https://maganghub.kemnaker.go.id/magang-nasional/lowongan/software-engineer-a2440c8c-1e41-42f2-b620-5663bf5bad82
10838,Pengelola Data,Direktorat Bina Intala,Kota Adm. Jakarta Selatan,1 kuota,,"Teknik Informatika, Ilmu Komputer, Teknik Informatika Multimedia, Teknik Komputer","Sabtu, Minggu",https://maganghub.kemnaker.go.id/magang-nasional/lowongan/pengelola-data-a243b1f9-a2a7-4cb6-9fe2-e0e8bed4c61a
10841,Data Engineer / Database Administrator,Direktorat Bina Intala,Kota Adm. Jakarta Selatan,1 kuota,,"Teknik Informatika, Ilmu Komputer, Sistem informasi","Sabtu, Minggu",https://maganghub.kemnaker.go.id/magang-nasional/lowongan/data-engineer--database-administrator-a243af13-006f-4433-98c9-b4cd2121e97c
10973,Programer/ Aplication Developer dan konten kreator (substansi pemeriksaan dan Pokja Pengawasan),Balai POM di Batam,Kota Batam,1 kuota,,"Teknologi Informasi, Ilmu Komputer, Rekayasa Perangkat Lunak, Sistem Informasi, Teknik Komputer Dan Jaringan","Sabtu, Minggu",https://maganghub.kemnaker.go.id/magang-nasional/lowongan/programer-aplication-developer-dan-konten-kreator-substansi-pemeriksaan-dan-pokja-pengawasan-a2441bc3-ae6d-4193-bad9-68e5eab73cbc
11005,Teknisi Sistem WLC (AVA),Deputi Bidang Sumber Daya dan Kelembagaan,Kota Adm. Jakarta Selatan,1 kuota,,"Teknik Informatika, Teknologi Rekayasa Perangkat Lunak, Ilmu Komputer, Teknologi Pendidikan, Sistem Informasi","Sabtu, Minggu",https://maganghub.kemnaker.go.id/magang-nasional/lowongan/teknisi-sistem-wlc-ava-a23b7b1a-4bea-4a4a-b893-354323ea00ac
11010,Analis Data Pendidikan (AVA),Deputi Bidang Sumber Daya dan Kelembagaan,Kota Adm. Jakarta Selatan,1 kuota,,"Teknik Informatika, Teknologi rekayasa Perangkat Lunak, Ilmu Komputer, Statistika, Sistem Informasi","Sabtu, Minggu",https://maganghub.kemnaker.go.id/magang-nasional/lowongan/analis-data-pendidikan-ava-a23b7f03-5ba1-4df0-b096-d8bdb2dd6f3a
11011,Backend Engineer Intern (AKSI),Deputi Bidang Sumber Daya dan Kelembagaan,Kota Adm. Jakarta Pusat,1 kuota,,"Teknik Informatika, Rekayasa Sistem Komputer, Ilmu Komputer, Teknologi Rekayasa Komputer, Sistem Informasi","Sabtu, Minggu",https://maganghub.kemnaker.go.id/magang-nasional/lowongan/backend-engineer-intern-aksi-a23b6487-725c-40fb-ad26-59df4bd942e9
11012,LMS Support Intern (AKSI),Deputi Bidang Sumber Daya dan Kelembagaan,Kota Adm. Jakarta Pusat,1 kuota,,"Teknik Informatika, Ilmu Komputer, Teknologi Rekayasa Komputer, Sistem Informasi, Teknologi Rekayasa Komputer Jaringan","Sabtu, Minggu",https://maganghub.kemnaker.go.id/magang-nasional/lowongan/lms-support-intern-aksi-a23b657f-a502-47bb-bdea-cb23eaae181f
11020,Analis Tracer Study (AVA),Deputi Bidang Sumber Daya dan Kelembagaan,Kota Adm. Jakarta Selatan,1 kuota,,"Ilmu Komputer, Ekonomi, sistem informasi, Statistika","Sabtu, Minggu",https://maganghub.kemnaker.go.id/magang-nasional/lowongan/analis-tracer-study-ava-a23b7898-f319-49be-afe9-c408446bc407
11069,Asisten Pengembang Sistem dan Aplikasi Digital (Programmer),Kantor Regional VI BKN Medan,Kota Adm. Jakarta Timur,14 kuota,,"Teknik Informatika, Teknologi Informasi, Ilmu Komputer, Rekayasa Perangkat Lunak, Sistem Informasi","Sabtu, Minggu",https://maganghub.kemnaker.go.id/magang-nasional/lowongan/asisten-pengembang-sistem-dan-aplikasi-digital-programmer-a2434e64-f715-4e7a-8e86-dd0f2f942218
11075,Asisten Infrastuktur Teknologi Informasi,Kantor Regional VI BKN Medan,Kota Adm. Jakarta Timur,2 kuota,,"Teknik Informatika, Teknologi Informasi, Ilmu Komputer, Sistem Informasi, Teknik Komputer","Sabtu, Minggu",https://maganghub.kemnaker.go.id/magang-nasional/lowongan/asisten-infrastuktur-teknologi-informasi-a2436704-2598-4289-9c47-df68e207149d
11080,Asisten Pengembang Sistem dan Aplikasi Digital (Programmer),Kantor Regional VI BKN Medan,Kota Adm. Jakarta Timur,14 kuota,,"Teknik Informatika, Teknologi Informasi, Ilmu Komputer, Rekayasa Perangkat Lunak, Sistem Informasi","Sabtu, Minggu",https://maganghub.kemnaker.go.id/magang-nasional/lowongan/asisten-pengembang-sistem-dan-aplikasi-digital-programmer-a2434e64-f715-4e7a-8e86-dd0f2f942218
11082,Asisten Pengelolaan Data dan Informasi ASN,Kantor Regional VI BKN Medan,Kota Adm. Jakarta Timur,3 kuota,,"Ilmu Komputer, Sistem Informasi, Statistika, Matematika","Sabtu, Minggu",https://maganghub.kemnaker.go.id/magang-nasional/lowongan/asisten-pengelolaan-data-dan-informasi-asn-a24151d3-55cb-4bb5-94c4-c7257b60f4bd
11175,Asisten Deputi Peningkatan Kapasitas SDM dan Talenta - Analis Data Pelatihan Koperasi,Deputi Bidang Pengembangan Talenta dan Daya Saing Koperasi,Kota Adm. Jakarta Selatan,2 kuota,,"Ilmu Komputer, Statistika, Matematika","Sabtu, Minggu",https://maganghub.kemnaker.go.id/magang-nasional/lowongan/asisten-deputi-peningkatan-kapasitas-sdm-dan-talenta---analis-data-pelatihan-koperasi-a23edb6b-6feb-433b-87f5-3f4ae4896ade
11181,Asisten Deputi Peningkatan Kapasitas SDM dan Talenta - Analis Data Pelatihan Koperasi,Deputi Bidang Pengembangan Talenta dan Daya Saing Koperasi,Kota Adm. Jakarta Selatan,2 kuota,,"Ilmu Komputer, Statistika, Matematika","Sabtu, Minggu",https://maganghub.kemnaker.go.id/magang-nasional/lowongan/asisten-deputi-peningkatan-kapasitas-sdm-dan-talenta---analis-data-pelatihan-koperasi-a23edb6b-6feb-433b-87f5-3f4ae4896ade
11182,Asisten Deputi Peningkatan Kapasitas SDM dan Talenta - Pengelola Data dan Informasi,Deputi Bidang Pengembangan Talenta dan Daya Saing Koperasi,Kota Adm. Jakarta Selatan,2 kuota,,"Teknik Informatika, Ilmu Komputer, Sistem Informasi","Minggu, Sabtu",https://maganghub.kemnaker.go.id/magang-nasional/lowongan/asisten-deputi-peningkatan-kapasitas-sdm-dan-talenta---pengelola-data-dan-informasi-a23edd39-79ed-4049-b749-2e215db65359
11183,Asisten Deputi Literasi dan Penyuluhan - Pengelolah Data dan Informasi,Deputi Bidang Pengembangan Talenta dan Daya Saing Koperasi,Kota Adm. Jakarta Selatan,1 kuota,,"Teknik Informatika, Sains Data, Ilmu Komputer, Sistem Informasi, Statistika","Sabtu, Minggu",https://maganghub.kemnaker.go.id/magang-nasional/lowongan/asisten-deputi-literasi-dan-penyuluhan---pengelolah-data-dan-informasi-a23eda29-5aaa-444a-b872-a5e1fa3349e4
11184,Sekretaris Deputi - Pengelola Teknologi Informasi,Deputi Bidang Pengembangan Talenta dan Daya Saing Koperasi,Kota Adm. Jakarta Selatan,2 kuota,,"Teknik Informatika, Teknologi Informasi, Ilmu Komputer, Rekayasa Perangkat Lunak, Sistem informasi","Sabtu, Minggu",https://maganghub.kemnaker.go.id/magang-nasional/lowongan/sekretaris-deputi----pengelola-teknologi-informasi-a23d8149-efa5-448e-926c-af71309559d6
11205,PRANATA KOMPUTER,Kantor Wilayah Kementerian Hukum Sumatera Utara,Kota Medan,4 kuota,,"Teknologi Informasi, Ilmu Komputer, Ilmu Informatika, Teknik Komputer","Sabtu, Minggu",https://maganghub.kemnaker.go.id/magang-nasional/lowongan/pranata-komputer-a2415ce1-8346-4e5a-a796-c6856b5b7ca0
11243,Pranata Komputer,Kantor Wilayah Kementerian Hukum Sumatera Selatan,Kota Palembang,1 kuota,,"Teknik Informatika, Teknologi Informasi, Ilmu Komputer, Sistem informasi, Teknik Komputer","Sabtu, Minggu",https://maganghub.kemnaker.go.id/magang-nasional/lowongan/pranata-komputer-a2419485-b6f0-4e49-8ae2-5c22b19fd944
11281,Penata Kelola Pemerintahan,Kantor Wilayah Kementerian Hukum Sulawesi Tenggara,Kota Kendari,2 kuota,,"Ilmu Komputer, Manajemen, Ilmu Pemerintahan, Hukum, Administrasi Negara","Sabtu, Minggu",https://maganghub.kemnaker.go.id/magang-nasional/lowongan/penata-kelola-pemerintahan-a2410c6b-ce28-46b2-96de-dfb943a58669
11291,Pranata komputer,Kantor Wilayah Kementerian Hukum Sulawesi Tenggara,Kota Kendari,2 kuota,,"Teknik Informatika, Teknologi Informasi, Ilmu Komputer, Sistem Informasi, Teknik Komputer","Sabtu, Minggu",https://maganghub.kemnaker.go.id/magang-nasional/lowongan/pranata-komputer-a2410a0d-5c13-4fe8-a801-0ebf8478ed2c
11323,Manggala Informatika,ANRI,Kota Adm. Jakarta Selatan,1 kuota,,"Teknik Informatika, Teknologi Informasi, Ilmu Komputer, Sistem Informasi, Rekayasa Keamanan Siber","Sabtu, Minggu",https://maganghub.kemnaker.go.id/magang-nasional/lowongan/manggala-informatika-a242fb38-d22a-4487-8fdf-4589158a5b78
11328,Pranata Komputer,ANRI,Kota Adm. Jakarta Selatan,14 kuota,,"Teknik Informatika, Ilmu Komputer, Sistem Informasi","Sabtu, Minggu",https://maganghub.kemnaker.go.id/magang-nasional/lowongan/pranata-komputer-a242d98f-66fd-4a12-bb7d-b8735a2b01af
11344,Pranata Komputer,Kantor Wilayah Kementerian Hukum Sulawesi Tengah,Kota Palu,2 kuota,,"Teknik Informatika, Teknologi Informasi, Ilmu Komputer, Ilmu Informatika, Teknik Komputer","Minggu, Sabtu",https://maganghub.kemnaker.go.id/magang-nasional/lowongan/pranata-komputer-a23ed20b-7077-4f5d-a275-c41ecd73e383
11402,Analis Kekayaan Intelektual,Kantor Wilayah Kementerian Hukum Riau,Kota Pekanbaru,2 kuota,,"Ilmu Komputer, Ekonomi, Kimia, Biologi, Hukum","Sabtu, Minggu",https://maganghub.kemnaker.go.id/magang-nasional/lowongan/analis-kekayaan-intelektual-a240d67a-e704-4084-8b60-f83a4589a3ae
11403,Pranata Komputer,Kantor Wilayah Kementerian Hukum Riau,Kota Pekanbaru,2 kuota,,"Teknik Informatika, Teknologi Informasi, Ilmu Komputer, Sistem Informasi, Ilmu Informatika","Sabtu, Minggu",https://maganghub.kemnaker.go.id/magang-nasional/lowongan/pranata-komputer-a23f54cd-e48b-45ab-83e4-b1d0c721b718
11407,Pengendali Konten Internet,Kantor Wilayah Kementerian Hukum Riau,Kota Pekanbaru,2 kuota,,"Teknologi Informasi, Ilmu Komputer, Sistem Informasi, Ilmu Komunikasi, Desain Komunikasi Visual","Sabtu, Minggu",https://maganghub.kemnaker.go.id/magang-nasional/lowongan/pengendali-konten-internet-a23f5700-8fc5-4362-9524-8531b7092ec5
11411,Pranata Komputer,Kantor Wilayah Kementerian Hukum Riau,Kota Pekanbaru,1 kuota,,"Teknologi Informasi, Ilmu Komputer, Sistem Informasi, Teknik informatika, Teknik Komputer","Sabtu, Minggu",https://maganghub.kemnaker.go.id/magang-nasional/lowongan/pranata-komputer-a240cc3f-284c-4ad2-bbb7-697246554604
11431,Pranata Komputer,Kantor Wilayah Kementerian Hukum Papua,Kota Jayapura,1 kuota,,"Teknik Informatika, Ilmu Komputer, Teknik Komputer","Sabtu, Minggu",https://maganghub.kemnaker.go.id/magang-nasional/lowongan/pranata-komputer-a2430416-5d7b-445e-87a6-8368823fbb2b
11442,PRANATA KOMPUTER,Kantor Wilayah Kementerian Hukum Papua Barat,Kab. Manokwari,1 kuota,,"Teknik Informatika, Teknologi Informasi, Ilmu Komputer, Ilmu Informatika, Teknik Komputer","Sabtu, Minggu",https://maganghub.kemnaker.go.id/magang-nasional/lowongan/pranata-komputer-a2413983-e3c5-46dd-9c08-95b9312476e4
11453,Pengelola Kehumasan,LEMBAGA PEMASYARAKATAN KELAS IIB KLATEN,Kab. Klaten,4 kuota,,"Ilmu Komputer, Jurnalistik, Ilmu Komunikasi",Minggu,https://maganghub.kemnaker.go.id/magang-nasional/lowongan/pengelola-kehumasan-a24132f0-0e78-4c59-bbf1-c2c5515fec5a
11492,Asdep Pelindungan Anggota - Manajemen Basis Data (IT),Deputi Bidang Pengawasan Koperasi,Kota Adm. Jakarta Selatan,1 kuota,,Ilmu Komputer,"Sabtu, Minggu",https://maganghub.kemnaker.go.id/magang-nasional/lowongan/asdep-pelindungan-anggota---manajemen-basis-data-it-a23d41f5-6f34-4d30-8eb1-6487603b57fa
11499,Pranata Komputer,Kantor Wilayah Kementerian Hukum Nusa Tenggara Timur,Kota Kupang,2 kuota,,"Teknik Informatika, Teknologi Informasi, Ilmu Komputer, Sistem informasi, Teknik Komputer","Sabtu, Minggu",https://maganghub.kemnaker.go.id/magang-nasional/lowongan/pranata-komputer-a2420461-a9f2-4fdb-9b8a-c3ec60e6b3d0
11555,Pranata Komputer,Kantor Wilayah Kementerian Hukum Nusa Tenggara Barat,Kota Mataram,2 kuota,,"Teknik Informatika, Teknologi Informasi, Ilmu Komputer, Ilmu Informatika, Teknik Komputer","Sabtu, Minggu",https://maganghub.kemnaker.go.id/magang-nasional/lowongan/pranata-komputer-a240f02f-db4b-4d0b-ae66-2c3320b67914
11556,Pranata Komputer,Kantor Wilayah Kementerian Hukum Nusa Tenggara Barat,Kota Mataram,2 kuota,,"Teknik Informatika, Teknologi Informasi, Ilmu Komputer, Ilmu Informatika, Teknik Komputer","Sabtu, Minggu",https://maganghub.kemnaker.go.id/magang-nasional/lowongan/pranata-komputer-a240f02f-db4b-4d0b-ae66-2c3320b67914
11567,PRANATA KOMPUTER,Kantor Wilayah Kementerian Hukum Maluku,Kota Ambon,2 kuota,,"Teknik Informatika, Teknologi Informasi, Ilmu Komputer, Sistem Informasi, Teknik Komputer","Sabtu, Minggu",https://maganghub.kemnaker.go.id/magang-nasional/lowongan/pranata-komputer-a240f1a5-8077-424e-a50b-d13b042b3bea
11575,DPRI – Asisten Pemanfaatan Digital & TIK,Deputi Bidang Pemanfaatan Riset dan Inovasi,Kota Adm. Jakarta Pusat,1 kuota,,"Informatika, Sains Data, Ilmu Komputer, Rekayasa Perangkat Lunak, Sistem informasi","Sabtu, Minggu",https://maganghub.kemnaker.go.id/magang-nasional/lowongan/dpri-–-asisten-pemanfaatan-digital-&-tik-a243f9a1-c7a3-489d-bf30-bbc8ee75f56f
11595,Pengolah data dan Informasi,Kantor Wilayah Kementerian Hukum Lampung,Kota Bandar Lampung,4 kuota,,"Informatika, Ilmu Komputer, Sistem Informasi, Teknik Komputer","Sabtu, Minggu",https://maganghub.kemnaker.go.id/magang-nasional/lowongan/pengolah-data-dan-informasi-a2415b90-c003-4307-bd86-0b2836a1f8a7
11618,Penata Kelola Sistem Teknologi Informasi,Kantor Wilayah Kementerian Hukum Kepulauan Riau,Kota Tanjung Pinang,3 kuota,,"Teknik Informatika, Teknologi Informasi, Ilmu Komputer, Sistem informasi, Teknik Komputer","Sabtu, Minggu",https://maganghub.kemnaker.go.id/magang-nasional/lowongan/penata-kelola-sistem-teknologi-informasi-a2410117-9eab-4dd2-9b98-25efdccdcdb0
11623,Pranata Komputer,Kantor Wilayah Kementerian Hukum Kepulauan Riau,Kota Tanjung Pinang,3 kuota,,"Teknik Informatika, Teknologi Informasi, Ilmu Komputer, Sistem informasi, Ilmu Informatika","Sabtu, Minggu",https://maganghub.kemnaker.go.id/magang-nasional/lowongan/pranata-komputer-a240e96d-b000-42b1-a559-ff2dc34ed74a
11652,PENGELOLA KEHUMASAN,LEMBAGA PEMASYARAKATAN TERBUKA KELAS IIB WAIKABUBAK,Kab. Sumba Tengah,1 kuota,,"Teknik Informatika, Ilmu Komputer, Pendidikan Ilmu Komputer, Ilmu Komunikasi, Teknik Komputer",Minggu,https://maganghub.kemnaker.go.id/magang-nasional/lowongan/pengelola-kehumasan-a2410e96-da05-4416-9315-72629c845d13
11653,PENGELOLA SDM,LEMBAGA PEMASYARAKATAN TERBUKA KELAS IIB WAIKABUBAK,Kab. Sumba Tengah,4 kuota,,"Ilmu Komputer, Manajemen, Ilmu Hukum, Akuntansi, Administrasi Negara",Minggu,https://maganghub.kemnaker.go.id/magang-nasional/lowongan/pengelola-sdm-a240fdd5-0fd6-45a7-b189-48c9b8cba29e
11666,PENGELOLA KEHUMASAN,LEMBAGA PEMASYARAKATAN TERBUKA KELAS IIB WAIKABUBAK,Kab. Sumba Tengah,1 kuota,,"Teknik Informatika, Ilmu Komputer, Pendidikan Ilmu Komputer, Ilmu Komunikasi, Teknik Komputer",Minggu,https://maganghub.kemnaker.go.id/magang-nasional/lowongan/pengelola-kehumasan-a2410e96-da05-4416-9315-72629c845d13
11667,PENGELOLA SDM,LEMBAGA PEMASYARAKATAN TERBUKA KELAS IIB WAIKABUBAK,Kab. Sumba Tengah,4 kuota,,"Ilmu Komputer, Manajemen, Ilmu Hukum, Akuntansi, Administrasi Negara",Minggu,https://maganghub.kemnaker.go.id/magang-nasional/lowongan/pengelola-sdm-a240fdd5-0fd6-45a7-b189-48c9b8cba29e
11693,Direktorat Teknologi Digital Baru,Deputi Bidang Kreativitas Digital dan Teknologi,Kota Adm. Jakarta Selatan,5 kuota,,"Teknologi Informasi, Ilmu Komputer, Bisnis Kreatif, Administrasi Publik, Sistem Informasi","Minggu, Sabtu",https://maganghub.kemnaker.go.id/magang-nasional/lowongan/direktorat-teknologi-digital-baru-a2438afe-63e0-4c53-9ba7-cbc37af761b5
11697,Direktorat Aplikasi,Deputi Bidang Kreativitas Digital dan Teknologi,Kota Adm. Jakarta Selatan,5 kuota,,"Informatika, Ilmu Komputer, Bisnis Kreatif, Sistem Informasi, Ilmu Komunikasi","Minggu, Sabtu",https://maganghub.kemnaker.go.id/magang-nasional/lowongan/direktorat-aplikasi-a24381fc-2d3e-415b-b26b-61209f9cfab6
11698,Direktorat Jasa Teknologi Informasi dan Komunikasi,Deputi Bidang Kreativitas Digital dan Teknologi,Kota Adm. Jakarta Selatan,5 kuota,,"Ilmu Komputer, Manajemen, Bisnis Kreatif, Administrasi Publik, Sistem Informasi","Minggu, Sabtu",https://maganghub.kemnaker.go.id/magang-nasional/lowongan/direktorat-jasa-teknologi-informasi-dan-komunikasi-a2438905-602f-4036-bb05-9a7f61781b7b
11717,Analis Kekayaan Intelektual,Kantor Wilayah Kementerian Hukum Kalimantan Barat,Kota Pontianak,5 kuota,,"Ilmu Komputer, Ilmu Ekonomi, Manajemen Ekonomi, Statistika, Hukum","Sabtu, Minggu",https://maganghub.kemnaker.go.id/magang-nasional/lowongan/analis-kekayaan-intelektual-a2417b15-93d0-44a1-84f2-97f95b701ede
11719,Analis Kekayaan Intelektual,Kantor Wilayah Kementerian Hukum Kalimantan Barat,Kota Pontianak,5 kuota,,"Ilmu Komputer, Ilmu Ekonomi, Manajemen Ekonomi, Statistika, Hukum","Sabtu, Minggu",https://maganghub.kemnaker.go.id/magang-nasional/lowongan/analis-kekayaan-intelektual-a2417b15-93d0-44a1-84f2-97f95b701ede
11724,Pranata Komputer,Kantor Wilayah Kementerian Hukum Kalimantan Barat,Kota Pontianak,2 kuota,,"Teknik Informatika, Teknologi Informasi, Ilmu Komputer, Sistem informasi, Ilmu Informatika","Sabtu, Minggu",https://maganghub.kemnaker.go.id/magang-nasional/lowongan/pranata-komputer-a24176bf-7162-43fd-87fb-ab405d1887fc
11746,Pranata Komputer,Kantor Wilayah Kementerian Hukum Jawa Timur,Kota Surabaya,2 kuota,,"Teknik Informatika, Ilmu Komputer, Sistem Informasi","Sabtu, Minggu",https://maganghub.kemnaker.go.id/magang-nasional/lowongan/pranata-komputer-a2416ce9-937c-4bc2-b1fe-833d797566b4
11748,Analis Kekayaan Intelektual,Kantor Wilayah Kementerian Hukum Jawa Timur,Kota Surabaya,4 kuota,,"Ilmu Komputer, Ekonomi, Desain Komunikasi Visual, Desain Produk, Hukum","Sabtu, Minggu",https://maganghub.kemnaker.go.id/magang-nasional/lowongan/analis-kekayaan-intelektual-a2416e0d-c8bb-4001-a1e5-f66b9f96e6bd
11751,Penata Kelola Sistem dan Teknologi Informasi,Kantor Wilayah Kementerian Hukum Jawa Tengah,Kota Semarang,1 kuota,,"Teknik Informatika, Teknologi Informasi, Ilmu Komputer, Sistem Informasi, Teknik Komputer","Sabtu, Minggu",https://maganghub.kemnaker.go.id/magang-nasional/lowongan/penata-kelola-sistem-dan-teknologi-informasi-a23efb3b-13bf-4616-aa5b-0864f6848c0b
11759,Analis Kekayaan Intelektual,Kantor Wilayah Kementerian Hukum Jawa Tengah,Kota Semarang,4 kuota,,"Ilmu Komputer, Ekonomi, Kimia, Biologi, Hukum","Sabtu, Minggu",https://maganghub.kemnaker.go.id/magang-nasional/lowongan/analis-kekayaan-intelektual-a23ef266-9060-43f4-a8fc-daaa2d645aa2
11779,ANALIS KEKAYAAN INTELEKTUAL,Kantor Wilayah Kementerian Hukum Jawa Barat,Kota Bandung,2 kuota,,"Ilmu Komputer, Manajemen, Ekonomi, Ilmu Informatika, Hukum","Sabtu, Minggu",https://maganghub.kemnaker.go.id/magang-nasional/lowongan/analis-kekayaan-intelektual-a23f49a2-68f4-4291-a996-e47b8a297d85
11838,Penata Kelola Sistem dan Teknologi Informasi,Kantor Wilayah Kementerian Hukum Gorontalo,Kab. Bone Bolango,2 kuota,,"Teknik Informatika, Teknologi Informasi, Ilmu Komputer, Ilmu Komunikasi, Sistem informasi","Sabtu, Minggu",https://maganghub.kemnaker.go.id/magang-nasional/lowongan/penata-kelola-sistem-dan-teknologi-informasi-a23f8d4b-2aa5-4c2e-862c-de8ada534542
11858,Analis SDM Aparatur,Kantor Wilayah Kementerian Hukum Daerah Khusus Jakarta,Kota Adm. Jakarta Timur,1 kuota,,"Teknik Informatika, Ilmu Komputer, Teknik informatika, Teknologi Informatika Multimedia Digital","Sabtu, Minggu",https://maganghub.kemnaker.go.id/magang-nasional/lowongan/analis-sdm-aparatur-a24100e6-3b6b-4438-a697-09b396f9782f
11915,Pranata Komputer,Kantor Wilayah Kementerian Hukum Bengkulu,Kota Bengkulu,4 kuota,,"Teknik Informatika, Ilmu Komputer, sistem informasi, Ilmu Informatika, Teknik Komputer","Sabtu, Minggu",https://maganghub.kemnaker.go.id/magang-nasional/lowongan/pranata-komputer-a24160c3-1617-418a-98d5-4b4c64d68ffe
11955,Pranata Komputer,Kantor Wilayah Kementerian Hukum Bangka Belitung,Kota Pangkal Pinang,14 kuota,,"Teknik Informatika, Ilmu Komputer, Komputer Grafis, Sistem Informasi, Bisnis Digital","Sabtu, Minggu",https://maganghub.kemnaker.go.id/magang-nasional/lowongan/pranata-komputer-a23f9f12-12a1-4ec9-bd0f-bfca40e24c1b
11991,Asdep Restrukturisasi - Pengadministrasi,Deputi Bidang Kelembagaan dan Digitalisasi Koperasi,Kota Adm. Jakarta Selatan,2 kuota,,"Ilmu Komputer, Teknik Komputer","Sabtu, Minggu",https://maganghub.kemnaker.go.id/magang-nasional/lowongan/asdep-restrukturisasi---pengadministrasi-a23ddf48-b9ec-404f-a583-b1a63c6cf222
11997,Asdep TKMR - Tata Kelola dan Manajemen Resiko,Deputi Bidang Kelembagaan dan Digitalisasi Koperasi,Kota Adm. Jakarta Selatan,1 kuota,,"Informatika, Ilmu Komputer","Sabtu, Minggu",https://maganghub.kemnaker.go.id/magang-nasional/lowongan/asdep-tkmr---tata-kelola-dan-manajemen-resiko-a23dd760-6660-46c8-8dca-c7a73f4bfcab
11999,Asdep Digitalisasi - Renbang Digitalisasi (Quality Assurance),Deputi Bidang Kelembagaan dan Digitalisasi Koperasi,Kota Adm. Jakarta Selatan,1 kuota,,Ilmu Komputer,"Sabtu, Minggu",https://maganghub.kemnaker.go.id/magang-nasional/lowongan/asdep-digitalisasi---renbang-digitalisasi-quality-assurance-a23ddbf5-2c99-4bf0-b465-81154886a552
12002,Asdep pengelolaan Data - Renbang dan Pengelolaan Data,Deputi Bidang Kelembagaan dan Digitalisasi Koperasi,Kota Adm. Jakarta Selatan,1 kuota,,"Teknik Informatika, Informatika, Ilmu Komputer","Sabtu, Minggu",https://maganghub.kemnaker.go.id/magang-nasional/lowongan/asdep-pengelolaan-data---renbang-dan-pengelolaan-data-a23d7fc8-be1e-49f5-99b3-99b592b50fdd
12252,Manggala Informatika (STIG 05),Deputi Bidang Infrastruktur Informasi Geospasial,Kab. Bogor,1 kuota,,"Informatika, Teknologi Informasi, Ilmu Komputer, Sistem Informasi, Teknik Komputer","Sabtu, Minggu",https://maganghub.kemnaker.go.id/magang-nasional/lowongan/manggala-informatika-stig-05-a243a651-3249-4db6-9b6e-2f7e314b3a84
12295,PENGELOLA SDM,RUMAH TAHANAN NEGARA KELAS IIB BATURAJA,Kab. Ogan Komering Ulu,2 kuota,,"Ilmu Komputer, Manajemen, Teknik Komputer",Minggu,https://maganghub.kemnaker.go.id/magang-nasional/lowongan/pengelola-sdm-a240e07e-3013-450e-a197-5d7e029a0d45
12296,PENGELOLA BMN,RUMAH TAHANAN NEGARA KELAS IIB BATURAJA,Kab. Ogan Komering Ulu,1 kuota,,"Ilmu Komputer, Manajemen Aset Publik, Teknik Komputer",Minggu,https://maganghub.kemnaker.go.id/magang-nasional/lowongan/pengelola-bmn-a240dfc5-aaef-468b-bac6-e3b0aa91610c
12326,Pengelola BMN,LEMBAGA PEMASYARAKATAN KELAS IIB DOMPU,Kab. Dompu,1 kuota,,"Ilmu Komputer, Manajemen Aset Publik, Manajemen Administrasi Perkantoran","Sabtu, Minggu",https://maganghub.kemnaker.go.id/magang-nasional/lowongan/pengelola-bmn-a242beb8-6cf6-4c25-8781-2c168546f212
12461,PENGOLAH DATA DAN JARINGAN,RUMAH TAHANAN NEGARA KELAS IIB BARABAI,Kab. Hulu Sungai Tengah,1 kuota,,"Teknik Informatika, Ilmu Komputer, Ilmu Komunikasi, Sistem Informasi, Teknik Komputer Dan Jaringan",Minggu,https://maganghub.kemnaker.go.id/magang-nasional/lowongan/pengolah-data-dan-jaringan-a242da08-0646-4bfd-bb7b-1021a8a9468c
12543,DFRI – Asisten Pengembangan Sistem Informasi Pendanaan,Deputi Bidang Fasilitasi Riset dan Inovasi,Kota Adm. Jakarta Pusat,2 kuota,,"Teknik Informatika, Teknologi Informasi, Sains Data, Ilmu Komputer, Sistem Informasi","Sabtu, Minggu",https://maganghub.kemnaker.go.id/magang-nasional/lowongan/dfri-–-asisten-pengembangan-sistem-informasi-pendanaan-a24409f4-c551-4888-a7de-bfa67531d2dc
12662,Asisten Talent Inovation Hub,BPVP Ternate,Kota Ternate,1 kuota,,"Teknik Informatika, Ilmu Komputer, Teknik Industri","Sabtu, Minggu",https://maganghub.kemnaker.go.id/magang-nasional/lowongan/asisten-talent-inovation-hub-a243fc72-7a71-4a35-9b6d-c090b06f06fc
12739,Data Analyst,BPVP Surakarta,Kota Surakarta,2 kuota,,"Teknik Informatika, Ilmu Komputer","Sabtu, Minggu",https://maganghub.kemnaker.go.id/magang-nasional/lowongan/data-analyst-a2436b87-475f-42af-b48b-6779b3004e1b
12837,PENGELOLA KEHUMASAN,KANTOR WILAYAH DIREKTORAT JENDERAL PEMASYARAKATAN GORONTALO,Kab. Gorontalo,1 kuota,,"Ilmu Komputer, Manajemen Komunikasi, Komputer Grafis, Ilmu Komunikasi, Komunikasi Digital dan Media","Sabtu, Minggu",https://maganghub.kemnaker.go.id/magang-nasional/lowongan/pengelola-kehumasan-a23f3a9f-619b-4cde-8995-90c0fc6e2add
12919,Pengolah Data dan Informasi,BPVP Samarinda,Kota Samarinda,2 kuota,,"Informatika, Teknologi Informasi, Ilmu Komputer, Sistem Informasi, Statistika","Sabtu, Minggu",https://maganghub.kemnaker.go.id/magang-nasional/lowongan/pengolah-data-dan-informasi-a243619d-a619-438a-bf47-ae272a1cfb4f
12920,Asisten Digitalisasi Arsip dan Dashboard Kinerja,BPVP Samarinda,Kota Samarinda,1 kuota,,"Informatika, Teknologi Informasi, Ilmu Komputer, Sistem Informasi, Statistika","Sabtu, Minggu",https://maganghub.kemnaker.go.id/magang-nasional/lowongan/asisten-digitalisasi-arsip-dan-dashboard-kinerja-a2436a2d-11eb-4091-9b8a-dc0355f30fc7
12942,Web Developer,BPVP Pangkep,Kab. Pangkajene Kepulauan,1 kuota,,"Teknik Informatika, Ilmu Komputer, Sistem Informasi, Pendidikan Teknik Informatika, Teknik Komputer","Sabtu, Minggu",https://maganghub.kemnaker.go.id/magang-nasional/lowongan/web-developer-a244384f-f844-4436-8856-aa3e596850d9
12953,Asisten Instruktur TIK,BPVP Pangkep,Kab. Pangkajene Kepulauan,2 kuota,,"Teknik Informatika, Ilmu Komputer, Sistem Informasi, Desain Komunikasi Visual, Pendidikan Teknik Informatika","Sabtu, Minggu",https://maganghub.kemnaker.go.id/magang-nasional/lowongan/asisten-instruktur-tik-a2442f02-520d-421c-97cf-dac3b94ec8a9
12954,Toolman & K3 Kejuruan TIK,BPVP Pangkep,Kab. Pangkajene Kepulauan,1 kuota,,"Teknik Informatika, Ilmu Komputer, Sistem Informasi, Desain Komunikasi Visual, Pendidikan Teknik Informatika","Sabtu, Minggu",https://maganghub.kemnaker.go.id/magang-nasional/lowongan/toolman-&-k3-kejuruan-tik-a2442fd6-1596-4124-bb1e-b2d80ba7f153
12955,Asisten Instruktur COA,BPVP Pangkep,Kab. Pangkajene Kepulauan,1 kuota,,"Ilmu Komputer, Pendidikan Ilmu Komputer, Ilmu Komunikasi, Pendidikan Teknik Informatika","Sabtu, Minggu",https://maganghub.kemnaker.go.id/magang-nasional/lowongan/asisten-instruktur-coa-a2443272-1316-40e4-93fb-5a6744d62055
13111,IT Support Intern,PT. Sarana Steel,Kota Adm. Jakarta Pusat,2 kuota,,"Teknik Informatika, Ilmu Komputer, Pendidikan Teknik Informatika","Sabtu, Minggu",https://maganghub.kemnaker.go.id/magang-nasional/lowongan/it-support-intern-a241939a-f7b9-4de0-a160-c0dd3a87b0e2
13126,IT,PT Sarana Patra Jateng,Kota Semarang,1 kuota,,"Teknik Informatika, Informatika, Ilmu Komputer, Teknik Komputer","Sabtu, Minggu",https://maganghub.kemnaker.go.id/magang-nasional/lowongan/it-a232f117-552c-40d3-8c3e-b813d152c519
13224,Back-End Engineer,Erhanesia Digima Mukitama,Kab. Purbalingga,2 kuota,,"Teknik Informatika, Ilmu Komputer, Rekayasa Perangkat Lunak, Sistem Informasi, Teknik Komputer",Minggu,https://maganghub.kemnaker.go.id/magang-nasional/lowongan/back-end-engineer-a241b6ca-34c3-4f41-aa4f-efd101c8a0ef
13250,IT Staff,Empore Hezer Tama,Kota Adm. Jakarta Selatan,1 kuota,,"Teknik Informatika, Rekayasa Perangkat Lunak Aplikasi, Ilmu Komputer, Sistem Informasi, Manajemen Informatika","Sabtu, Minggu",https://maganghub.kemnaker.go.id/magang-nasional/lowongan/it-staff-a23be551-17ca-4ca9-b7a1-af27bda026e4
13267,IT Services Intern,Yupi Indo Jelly Gum,Kab. Bogor,2 kuota,,"Teknik Informatika, Informatika, Teknologi Informasi, Ilmu Komputer, Sistem Informasi","Sabtu, Minggu",https://maganghub.kemnaker.go.id/magang-nasional/lowongan/it-services-intern-a243491e-aba5-4118-8961-6f430d0b6d01
13288,Network & Technical Operations Intern,PT. Amerta Indah Otsuka,Kota Adm. Jakarta Selatan,1 kuota,,"Teknologi Informasi, Ilmu Komputer, Teknik Komputer Dan Jaringan","Sabtu, Minggu",https://maganghub.kemnaker.go.id/magang-nasional/lowongan/network-&-technical-operations-intern-a243ef2d-2ce6-491a-b5b3-1d840e481999
13334,Software Quality Assurance Intern,PT. Amerta Indah Otsuka,Kab. Sukabumi,2 kuota,,"Teknik Informatika, Teknologi Rekayasa Perangkat Lunak, Rekayasa Perangkat Lunak Aplikasi, Ilmu Komputer, Sistem Informasi","Sabtu, Minggu",https://maganghub.kemnaker.go.id/magang-nasional/lowongan/software-quality-assurance-intern-a242efe0-46f0-4502-975f-281c309bcbf7
13342,Web Developer Intern,PT. Amerta Indah Otsuka,Kab. Sukabumi,4 kuota,,"Teknologi Rekayasa Perangkat Lunak, Ilmu Komputer, Sistem Informasi, Teknik Perangkat Lunak, Teknik Komputer","Sabtu, Minggu",https://maganghub.kemnaker.go.id/magang-nasional/lowongan/web-developer-intern-a2397ae0-efd1-47c4-b5c1-86c014639346
13386,"Research, Curriculum, Content and Development (Lingkup Pendidikan)",Yayasan Hasnur Centre,Kab. Barito Kuala,1 kuota,,"Ilmu Komputer, Manajemen, Teknologi Pendidikan, Kebijakan Pendidikan, Statistika",Minggu,"https://maganghub.kemnaker.go.id/magang-nasional/lowongan/research,-curriculum,-content-and-development-lingkup-pendidikan-a23c85f5-45df-4f4e-9b91-388f371f5a88"
13401,PHP Programemr Internship,Electronic Data Interchange Indonesia,Kota Adm. Jakarta Utara,1 kuota,,"Informatika, Teknologi Informasi, Ilmu Komputer, Sistem Informasi, Ilmu Informatika","Sabtu, Minggu",https://maganghub.kemnaker.go.id/magang-nasional/lowongan/php-programemr-internship-a241c7e6-7e0a-43e4-9ec4-c25ccdb8eaa8
13403,Fullstack Programming Internship,Electronic Data Interchange Indonesia,Kota Adm. Jakarta Utara,1 kuota,,"Teknik Informatika, Teknologi Informasi, Ilmu Komputer, sistem informasi","Sabtu, Minggu",https://maganghub.kemnaker.go.id/magang-nasional/lowongan/fullstack-programming-internship-a241b817-ac90-4eb4-a800-4c5f79a99beb
13404,Procurement & GA Internship,Electronic Data Interchange Indonesia,Kota Adm. Jakarta Utara,1 kuota,,"Teknik Informatika, Teknologi Informasi, Ilmu Komputer, Sistem Informasi","Minggu, Sabtu",https://maganghub.kemnaker.go.id/magang-nasional/lowongan/procurement-&-ga-internship-a241c1e6-f7f2-41bd-9b9a-f18893051b0d
13409,IT Infrastructure Internship,Electronic Data Interchange Indonesia,Kota Adm. Jakarta Utara,1 kuota,,"Teknik Informatika, Teknologi Informasi, Ilmu Komputer, sistem informasi","Sabtu, Minggu",https://maganghub.kemnaker.go.id/magang-nasional/lowongan/it-infrastructure-internship-a241b56e-2c92-4b22-a7d4-a3fdcb8f4113
13453,Staf IT,Yayasan Asar Humanity,Kab. Bogor,1 kuota,,"Teknik Informatika, Ilmu Komputer, Sistem Informasi, Teknik Komputer","Minggu, Sabtu",https://maganghub.kemnaker.go.id/magang-nasional/lowongan/staf-it-a22b6a80-3c16-4b8c-adb6-a074a057fb9f
13535,IT PROGRAMMER,PT. Raudhatussyfaa Sehat Bersama,Kab. Cirebon,2 kuota,,"Teknik Informatika, Ilmu Komputer",Minggu,https://maganghub.kemnaker.go.id/magang-nasional/lowongan/it-programmer-a23efc8a-f9d2-4530-bd19-8b505d00fb27
13545,Data Analyst and Visualization - DPS,Perusahaan Perseroan (Persero) PT. Telekomunikasi Indonesia,Kota Adm. Jakarta Pusat,1 kuota,,"Teknik Informatika, Ilmu Komputer, Teknik Industri, Sistem Informasi, Statistika","Sabtu, Minggu",https://maganghub.kemnaker.go.id/magang-nasional/lowongan/data-analyst-and-visualization---dps-a240fad6-c46f-4b51-98d3-91ba6c7e0087
13553,Web Development,Dynamic Talenta Navigator,Kota Semarang,1 kuota,,"Teknik Informatika, Informatika, Ilmu Komputer, sistem informasi","Sabtu, Minggu",https://maganghub.kemnaker.go.id/magang-nasional/lowongan/web-development-a2295878-1aed-42a6-ae93-9da3240b8a4f
13561,Researcher 01 - Network,Perusahaan Perseroan (Persero) PT. Telekomunikasi Indonesia,Kota Adm. Jakarta Selatan,1 kuota,,"Teknik Informatika, Ilmu Komputer, Sistem Informasi, Teknik Elektro, Teknik Telekomunikasi","Sabtu, Minggu",https://maganghub.kemnaker.go.id/magang-nasional/lowongan/researcher-01---network-a240fe60-0ee0-4a39-9215-52705654d809
13562,Data Scientist - DPS,Perusahaan Perseroan (Persero) PT. Telekomunikasi Indonesia,Kota Adm. Jakarta Pusat,1 kuota,,"Sains Data, Ilmu Komputer, Statistik, Sistem Informasi, Matematika","Sabtu, Minggu",https://maganghub.kemnaker.go.id/magang-nasional/lowongan/data-scientist---dps-a240fe51-6ba7-4dee-beac-63c39ec45cd4
13583,QA Engineer (IT Development),Dyandra Promosindo,Kota Adm. Jakarta Pusat,1 kuota,,"Informatika, Ilmu Komputer, Sistem Informasi",Minggu,https://maganghub.kemnaker.go.id/magang-nasional/lowongan/qa-engineer-it-development-a230fa22-750e-4b31-ae46-4085e7e51203
13584,Full Stack Developer (IT Development),Dyandra Promosindo,Kota Adm. Jakarta Pusat,1 kuota,,"Informatika, Ilmu Komputer, Sistem Informasi",Minggu,https://maganghub.kemnaker.go.id/magang-nasional/lowongan/full-stack-developer-it-development-a230facd-c55b-43bc-a939-f7e06aa3b7b7
13678,Staf HRIS (Human Resources Information System),Rumah Sakit Universitas Indonesia,Kota Depok,1 kuota,,"Teknik Informatika, Ilmu Komputer, Teknologi Komputer, Sistem Informasi, Ilmu Informatika","Sabtu, Minggu",https://maganghub.kemnaker.go.id/magang-nasional/lowongan/staf-hris-human-resources-information-system-a23f39fa-2978-4f2c-8535-5765851c292c
13764,"Staff Dept. Pelayanan Umum Psikologi, Akuntansi dan Industri",PT Pupuk Kujang,Kab. Karawang,3 kuota,,"Teknik Informatika, Ilmu Komputer, Teknik lndustri, Psikologi, Akuntansi","Sabtu, Minggu","https://maganghub.kemnaker.go.id/magang-nasional/lowongan/staff-dept.-pelayanan-umum-psikologi,-akuntansi-dan-industri-a23f61d6-8fca-43bf-a0f9-d3487c40e19a"
13962,Learning Design B2B,Dibimbing Digital Indonesia,Kota Adm. Jakarta Selatan,1 kuota,,"Teknik Informatika, Ilmu Komputer, Psikologi, Teknologi Pendidikan","Sabtu, Minggu",https://maganghub.kemnaker.go.id/magang-nasional/lowongan/learning-design-b2b-a242f33d-f664-447b-a2d6-da70c65ea784
13968,Learning Design Code,Dibimbing Digital Indonesia,Kota Adm. Jakarta Selatan,1 kuota,,"Teknik Informatika, Ilmu Komputer, Sistem Informasi, Teknik Elektro, Manajemen Informatika","Sabtu, Minggu",https://maganghub.kemnaker.go.id/magang-nasional/lowongan/learning-design-code-a24274eb-af75-48f3-85b3-e6851af2fb2b
14056,IT Support Intern,Urc Indonesia,Kab. Bekasi,1 kuota,,"Teknik Informatika, Teknologi Informasi, Ilmu Komputer, Sistem Informasi, Manajemen Informatika","Sabtu, Minggu",https://maganghub.kemnaker.go.id/magang-nasional/lowongan/it-support-intern-a23f036b-dea8-4570-a961-145de566d80b
14110,Outsourcing Systems & Data Intern - HCEOM,Perusahaan Perseroan (Persero) PT. Bank Mandiri,Kota Adm. Jakarta Pusat,2 kuota,,"Teknik Informatika, Ilmu Komputer, Manajemen, Sistem Informasi, Statistika","Sabtu, Minggu",https://maganghub.kemnaker.go.id/magang-nasional/lowongan/outsourcing-systems-&-data-intern---hceom-a241535f-c4c9-4f12-a3e1-89b66bffd025
14115,Cyber Security Intern - Information Technology,Perusahaan Perseroan (Persero) PT. Bank Mandiri,Kota Adm. Jakarta Barat,25 kuota,,"Teknik Informatika, Teknologi Informasi, Ilmu Komputer, Teknik Elektro, Sistem Informasi","Sabtu, Minggu",https://maganghub.kemnaker.go.id/magang-nasional/lowongan/cyber-security-intern---information-technology-a2415393-6420-4c01-a30f-0ac4c5648719
14118,IT Infrastructure Intern - Information Technology,Perusahaan Perseroan (Persero) PT. Bank Mandiri,Kota Adm. Jakarta Barat,15 kuota,,"Teknik Informatika, Teknologi Informasi, Ilmu Komputer, Sistem Informasi, Teknik Komputer","Sabtu, Minggu",https://maganghub.kemnaker.go.id/magang-nasional/lowongan/it-infrastructure-intern---information-technology-a24154a8-ad4c-4ce5-8d22-793c26de0fcc
14120,Outsourcing Systems & Data Intern - HCEOM,Perusahaan Perseroan (Persero) PT. Bank Mandiri,Kota Adm. Jakarta Pusat,2 kuota,,"Teknik Informatika, Ilmu Komputer, Manajemen, Sistem Informasi, Statistika","Sabtu, Minggu",https://maganghub.kemnaker.go.id/magang-nasional/lowongan/outsourcing-systems-&-data-intern---hceom-a241535f-c4c9-4f12-a3e1-89b66bffd025
14128,Data Analytics Intern - AML/CFT,Perusahaan Perseroan (Persero) PT. Bank Mandiri,Kota Adm. Jakarta Selatan,2 kuota,,"Ilmu Komputer, Sistem Informasi, Teknik informatika, Statistika, Matematika","Sabtu, Minggu",https://maganghub.kemnaker.go.id/magang-nasional/lowongan/data-analytics-intern---amlcft-a2414de0-3c40-4ac7-af37-379597df4b01
14138,Human Capital Strategy & Initiatives Intern - HCSTM,Perusahaan Perseroan (Persero) PT. Bank Mandiri,Kota Adm. Jakarta Pusat,2 kuota,,"Teknik Informatika, Ilmu Komputer, Sistem Informasi, Statistika, Matematika","Sabtu, Minggu",https://maganghub.kemnaker.go.id/magang-nasional/lowongan/human-capital-strategy-&-initiatives-intern---hcstm-a2415084-8b3f-457b-8644-c6d8a1d33660
14149,Outsource Management Supporting Intern - HCEOM,Perusahaan Perseroan (Persero) PT. Bank Mandiri,Kota Adm. Jakarta Pusat,2 kuota,,"Teknik Informatika, Sains Data, Ilmu Komputer, Sistem Informasi, Statistika","Sabtu, Minggu",https://maganghub.kemnaker.go.id/magang-nasional/lowongan/outsource-management-supporting-intern---hceom-a2414901-632d-4a50-821c-0ced79300310
14300,Developer Intern,PT Polarisweb,Kota Adm. Jakarta Selatan,4 kuota,,"Teknik Informatika, Ilmu Komputer, Sistem Komputer, Sistem Informasi","Sabtu, Minggu",https://maganghub.kemnaker.go.id/magang-nasional/lowongan/developer-intern-a239865a-389a-419a-8b17-44f367a46e91
14307,Staf IT,Rumah Sakit Islam Banyu Bening,Kab. Boyolali,2 kuota,,"Teknik Informatika, Ilmu Komputer, Administrasi Server dan Jaringan Komputer, Teknik informatika, Pendidikan Teknik Informatika & Komputer",Minggu,https://maganghub.kemnaker.go.id/magang-nasional/lowongan/staf-it-a2335063-0116-4de7-a326-e53dfd9367a4
14322,IT,Universitas Padjadjaran (PTnbh),Kab. Sumedang,2 kuota,,"Ilmu Komputer, Administrasi Server dan Jaringan Komputer, Teknik Komputer Dan Jaringan, Pendidikan Teknik Informatika & Komputer, Teknik Komputer","Sabtu, Minggu",https://maganghub.kemnaker.go.id/magang-nasional/lowongan/it-a2365cae-e5fd-4c08-9854-ba4be1557b98
14344,IT,PT. Pioneer Offshore Indo Raya,Kota Batam,1 kuota,,"Teknik Informatika, Teknologi Informasi, Ilmu Komputer, Teknik Komputer, Teknologi Informatika Multimedia Digital",Minggu,https://maganghub.kemnaker.go.id/magang-nasional/lowongan/it-a2431ba1-472d-4b8b-8041-4b2a82c0f73d
14380,IT Support,Rumah Sakit Elim Rantepao,Kab. Toraja Utara,3 kuota,,"Ilmu Komputer, Komputer Grafis, Teknologi Komputer, Teknik informatika, Teknik Informatika Multimedia",Minggu,https://maganghub.kemnaker.go.id/magang-nasional/lowongan/it-support-a230eed7-93ee-483d-9c8d-4aafc271cf3e
14393,Staf IT/Programmer,Cipta Paramula Sejati,Kota Adm. Jakarta Pusat,1 kuota,,"Teknik Informatika, Ilmu Komputer, Teknik lndustri, Teknik Komputer Dan Jaringan, Pendidikan Teknik Informatika & Komputer","Sabtu, Minggu",https://maganghub.kemnaker.go.id/magang-nasional/lowongan/staf-itprogrammer-a240dad0-f041-449c-9121-69fb94463354
14494,BNI Digital Assistant,Perusahaan Perseroan (Persero) Bank Negara Indonesia,Kota Adm. Jakarta Barat,2 kuota,,"Ilmu Komputer, Manajemen, Ilmu Hubungan Internasional, Ilmu Komunikasi, Pemasaran Digital","Sabtu, Minggu",https://maganghub.kemnaker.go.id/magang-nasional/lowongan/bni-digital-assistant-a234f76b-523d-4f71-9b7e-34d21b3d5f3f
14525,Petugas IT,Rumah Sakit Al Huda Genteng,Kab. Banyuwangi,4 kuota,,"Rekayasa Sistem Komputer, Ilmu Komputer, Teknologi Komputer, Teknologi Rekayasa Komputer Jaringan, Teknik Komputer dan Jaringan",Minggu,https://maganghub.kemnaker.go.id/magang-nasional/lowongan/petugas-it-a2415652-e2ac-4811-804b-cba3101c5b0e
14529,Petugas IT,Rumah Sakit Al Huda Genteng,Kab. Banyuwangi,4 kuota,,"Rekayasa Sistem Komputer, Ilmu Komputer, Teknologi Komputer, Teknologi Rekayasa Komputer Jaringan, Teknik Komputer dan Jaringan",Minggu,https://maganghub.kemnaker.go.id/magang-nasional/lowongan/petugas-it-a2415652-e2ac-4811-804b-cba3101c5b0e
14601,Staff Developer IT,PT Pesonna Indonesia Jaya,Kota Adm. Jakarta Pusat,1 kuota,,"Teknik Informatika, Ilmu Komputer, Pendidikan Ilmu Komputer, Rekayasa Perangkat Lunak, Sistem Informasi","Sabtu, Minggu",https://maganghub.kemnaker.go.id/magang-nasional/lowongan/staff-developer-it-a2418a88-ed8f-4d94-a6e3-6b28fcdfec45
14694,Web Developer,PT Perusahaan Perseroan (Persero) PT. Perkebunan Nusantara III,Kota Adm. Jakarta Selatan,3 kuota,,"Teknik Informatika, Teknologi Informasi, Ilmu Komputer, Sistem informasi, Manajemen Informatika","Sabtu, Minggu",https://maganghub.kemnaker.go.id/magang-nasional/lowongan/web-developer-a239741a-9404-4543-adf0-acdcb240e0dd
14813,Ad Ops Programmatic - IMG,Mnc Televisi Network,Kota Adm. Jakarta Pusat,1 kuota,,"Teknologi Informasi, Ilmu Komputer","Sabtu, Minggu",https://maganghub.kemnaker.go.id/magang-nasional/lowongan/ad-ops-programmatic---img-a2434974-aed0-42a7-889b-64fd9198f37d
14816,Booking Facility Officer - IMG,Mnc Televisi Network,Kota Adm. Jakarta Pusat,2 kuota,,"Ilmu Komputer, Ekonomi, Statistika","Sabtu, Minggu",https://maganghub.kemnaker.go.id/magang-nasional/lowongan/booking-facility-officer---img-a24346ce-b0a4-4ee5-aba7-1d30e29c37ab
14824,Ad Ops Programmatic - IMG,Mnc Televisi Network,Kota Adm. Jakarta Pusat,1 kuota,,"Teknologi Informasi, Ilmu Komputer","Sabtu, Minggu",https://maganghub.kemnaker.go.id/magang-nasional/lowongan/ad-ops-programmatic---img-a2434974-aed0-42a7-889b-64fd9198f37d
14835,Data & Content Analyst - Programming,Mnc Televisi Network,Kota Adm. Jakarta Pusat,3 kuota,,"Teknik Informatika, Ilmu Komputer, Statistika dan Sains Data, Sistem informasi, Matematika","Sabtu, Minggu",https://maganghub.kemnaker.go.id/magang-nasional/lowongan/data-&-content-analyst---programming-a24334e5-9320-48bc-b55d-97230e1cfc5a
14840,IT Project Management - IMG,Mnc Televisi Network,Kota Adm. Jakarta Pusat,1 kuota,,"Teknologi Informasi, Ilmu Komputer, Sistem Informasi Akuntansi, Sistem dan Teknologi Informasi, Sistem informasi","Sabtu, Minggu",https://maganghub.kemnaker.go.id/magang-nasional/lowongan/it-project-management---img-a2420baf-d6a6-48f9-ab77-28e1c71440b7
14847,Cyber Web & Application Security - IMG,Mnc Televisi Network,Kota Adm. Jakarta Pusat,1 kuota,,"Teknologi Informasi, Ilmu Komputer, Teknologi Komputer, Rekayasa Keamanan Siber","Sabtu, Minggu",https://maganghub.kemnaker.go.id/magang-nasional/lowongan/cyber-web-&-application-security---img-a24209f9-472e-4667-a05d-ea8ad04bd24b
14966,ADMINISTRASI SALES,Perusahaan Perseroan (Persero) Bank Negara Indonesia,Kab. Jember,3 kuota,,"Ilmu Komputer, Pengelolaan Arsip dan Rekaman Informasi, Manajemen Keuangan Perbankan, Administrasi Keuangan Dan Perbankan","Sabtu, Minggu",https://maganghub.kemnaker.go.id/magang-nasional/lowongan/administrasi-sales-a240d10d-835b-4b27-ac29-fbccb6c669c7
15010,DIGITAL ASISSTANT,Perusahaan Perseroan (Persero) Bank Negara Indonesia,Kota Yogyakarta,1 kuota,,"Ilmu Komputer, Psikologi, Ekonomi, Ilmu Komunikasi, Pramugari-pramugara","Sabtu, Minggu",https://maganghub.kemnaker.go.id/magang-nasional/lowongan/digital-asisstant-a2411af1-97e4-4923-a2dd-b98fedb124c6
15011,ADMINISTRASI SALES,Perusahaan Perseroan (Persero) Bank Negara Indonesia,Kab. Banyuwangi,1 kuota,,"Ilmu Komputer, Administrasi, Ekonomi, Administrasi Keuangan Dan Perbankan","Sabtu, Minggu",https://maganghub.kemnaker.go.id/magang-nasional/lowongan/administrasi-sales-a2410fcb-2d5a-4c07-8db5-6592a5ccf0e1
15035,ADMINISTRASI SALES,Perusahaan Perseroan (Persero) Bank Negara Indonesia,Kota Yogyakarta,2 kuota,,"Ilmu Komputer, Kearsipan, Administrasi, Statistik, Akuntansi","Sabtu, Minggu",https://maganghub.kemnaker.go.id/magang-nasional/lowongan/administrasi-sales-a2411dc5-8e3b-40c0-8ce8-59d9af4feefc
15037,Administrasi Sales,Perusahaan Perseroan (Persero) Bank Negara Indonesia,Kota Medan,1 kuota,,"Ilmu Komputer, Administrasi Bisnis","Sabtu, Minggu",https://maganghub.kemnaker.go.id/magang-nasional/lowongan/administrasi-sales-a24164dd-5eb2-4cf8-9ea8-c342740121fb
15040,BNI Digital Assistant,Perusahaan Perseroan (Persero) Bank Negara Indonesia,Kab. Ogan Komering Ulu,1 kuota,,"Keuangan, Ilmu Komputer, Manajemen, Ilmu Komunikasi, Ilmu Administrasi Bisnis","Sabtu, Minggu",https://maganghub.kemnaker.go.id/magang-nasional/lowongan/bni-digital-assistant-a241624f-cb57-4e25-b30c-23ced779bde7
15044,Administrasi Sales,Perusahaan Perseroan (Persero) Bank Negara Indonesia,Kab. Ogan Komering Ulu,1 kuota,,"Ilmu Komputer, Manajemen, Ilmu Akuntansi Bisnis, Ilmu Komunikasi, Ilmu Administrasi Bisnis","Sabtu, Minggu",https://maganghub.kemnaker.go.id/magang-nasional/lowongan/administrasi-sales-a2416f12-55c5-474b-a247-0a744d97e731
15046,BNI Digital Assistant (BDA),Perusahaan Perseroan (Persero) Bank Negara Indonesia,Kab. Ogan Komering Ulu Timur,2 kuota,,"Keuangan, Ilmu Komputer, Manajemen, Ilmu Komunikasi, Ilmu Administrasi Bisnis","Sabtu, Minggu",https://maganghub.kemnaker.go.id/magang-nasional/lowongan/bni-digital-assistant-bda-a2416bd6-2de0-4a5c-849e-451168a60642
15047,BNI Digital Assistant (BDA),Perusahaan Perseroan (Persero) Bank Negara Indonesia,Kab. Ogan Komering Ulu Selatan,1 kuota,,"Keuangan, Ilmu Komputer, Manajemen, Ilmu Komunikasi, Ilmu Administrasi Bisnis","Sabtu, Minggu",https://maganghub.kemnaker.go.id/magang-nasional/lowongan/bni-digital-assistant-bda-a2416d07-2dc0-4b3c-bf50-13e6bfedfe5e
15093,SALES GENERALIS,Perusahaan Perseroan (Persero) Bank Negara Indonesia,Kab. Deli Serdang,8 kuota,,"Ilmu Komputer, Manajemen, Bahasa Inggris Untuk Komunikasi Bisnis dan Profesional, Akuntansi, Manajemen Pemasaran/Marketing","Sabtu, Minggu",https://maganghub.kemnaker.go.id/magang-nasional/lowongan/sales-generalis-a241a989-3b4f-4dea-9c15-0b022996a20f
15094,ADMIN SALES,Perusahaan Perseroan (Persero) Bank Negara Indonesia,Kab. Deli Serdang,1 kuota,,"Informatika, Akuntansi Manajemen, Ilmu Komputer, Administrasi Bisnis, Akuntansi","Sabtu, Minggu",https://maganghub.kemnaker.go.id/magang-nasional/lowongan/admin-sales-a241aa76-2fd0-498f-8c74-808249349d17
15240,IT Helpdesk Intern,Triputra Energi Megatara,Kota Adm. Jakarta Pusat,1 kuota,,"Teknik Informatika, Ilmu Komputer, Sistem Informasi","Sabtu, Minggu",https://maganghub.kemnaker.go.id/magang-nasional/lowongan/it-helpdesk-intern-a23f1029-2b84-48c8-baad-174cc3f2fb8c
15274,IT Operational Support,Trio Motor,Kota Banjarmasin,1 kuota,,"Teknik Informatika, Ilmu Komputer, Sistem Informasi, Teknik Elektro, Manajemen Informatika",Minggu,https://maganghub.kemnaker.go.id/magang-nasional/lowongan/it-operational-support-a23f021b-1502-44a7-834f-8aa62501a675
15275,Digital Creative Support,Trio Motor,Kota Banjarmasin,2 kuota,,"Teknik Informatika, Ilmu Komputer, Ilmu Komunikasi, Desain Komunikasi Visual, Sistem Informasi",Minggu,https://maganghub.kemnaker.go.id/magang-nasional/lowongan/digital-creative-support-a23f0332-2518-46c7-9d66-c7d248679d31
15277,IT QA Support,Trio Motor,Kota Banjarmasin,1 kuota,,"Teknik Informatika, Ilmu Komputer, Sistem Informasi, Manajemen Informatika",Minggu,https://maganghub.kemnaker.go.id/magang-nasional/lowongan/it-qa-support-a240d60f-9b20-4b11-a2ff-6b25b1a20078
15297,Staff IT,PT. Perkasa Internusa Mandiri,Kota Medan,1 kuota,,"Teknik Informatika, Rekayasa Sistem Komputer, Ilmu Komputer, Teknik Komputer Dan Jaringan, Teknik Komputer dan Jaringan","Sabtu, Minggu",https://maganghub.kemnaker.go.id/magang-nasional/lowongan/staff-it-a2290696-5c0f-4acd-9048-810bc84aba3d
15411,ADMINISTRASI SALES,Perusahaan Perseroan (Persero) Bank Negara Indonesia,Kota Adm. Jakarta Selatan,2 kuota,,"Akuntansi Manajemen, Ilmu Komputer, Manajemen, Administrasi, Ekonomi","Sabtu, Minggu",https://maganghub.kemnaker.go.id/magang-nasional/lowongan/administrasi-sales-a24381a7-cea9-4391-8cdc-7a800b78cf4b
15413,SALES GENERALIS,Perusahaan Perseroan (Persero) Bank Negara Indonesia,Kota Tebing Tinggi,9 kuota,,"Ilmu Komputer, Teknik Industri, Ekonomi, Hubungan Masyarakat, Hukum","Sabtu, Minggu",https://maganghub.kemnaker.go.id/magang-nasional/lowongan/sales-generalis-a2435788-82b7-4186-b18c-f066e57fee73
15432,SALES GENERALIS,Perusahaan Perseroan (Persero) Bank Negara Indonesia,Kota Tebing Tinggi,9 kuota,,"Ilmu Komputer, Teknik Industri, Ekonomi, Hubungan Masyarakat, Hukum","Sabtu, Minggu",https://maganghub.kemnaker.go.id/magang-nasional/lowongan/sales-generalis-a2435788-82b7-4186-b18c-f066e57fee73
15439,SALES,Perusahaan Perseroan (Persero) Bank Negara Indonesia,Kota Adm. Jakarta Pusat,16 kuota,,"Ilmu Komputer, Bahasa Inggris, Ekonomi, Teknik Komputer, Hukum",Minggu,https://maganghub.kemnaker.go.id/magang-nasional/lowongan/sales-a2432019-2d10-4a3d-b14d-e30c3d7605be
15442,IT Support,PT. Perkasa Agung Sejati,Kota Makassar,2 kuota,,"Teknik Multimedia Digital, Ilmu Komputer, Administrasi Server dan Jaringan Komputer, Administrasi Perkantoran Digital, Administrasi Jaringan Komputer","Sabtu, Minggu",https://maganghub.kemnaker.go.id/magang-nasional/lowongan/it-support-a2271681-9c2c-46f9-b25a-155ee2cb52a6
15456,ADMINISTRASI SALES,Perusahaan Perseroan (Persero) Bank Negara Indonesia,Kab. Merangin,3 kuota,,"Keuangan dan Perbankan, Ilmu Komputer, Akuntansi Keuangan, Ekonomi, Manajemen Administrasi","Sabtu, Minggu",https://maganghub.kemnaker.go.id/magang-nasional/lowongan/administrasi-sales-a241fbe1-2359-4838-b33d-2a0847e01a87
15492,Operations Service Intern,Bumi Berkah Boga,Kota Adm. Jakarta Selatan,1 kuota,,"Ilmu Komputer, Manajemen Industri, Sistem dan Teknologi Informasi, Sistem Informasi, Manajemen Bisnis","Sabtu, Minggu",https://maganghub.kemnaker.go.id/magang-nasional/lowongan/operations-service-intern-a24350eb-704e-4a1e-9632-4e9130f74a42
15493,IT Network NSO Intern,Bumi Berkah Boga,Kota Adm. Jakarta Selatan,1 kuota,,"Teknologi Informasi, Ilmu Komputer, Teknologi Komputer, Sistem dan Teknologi Informasi, Teknik Telekomunikasi","Sabtu, Minggu",https://maganghub.kemnaker.go.id/magang-nasional/lowongan/it-network-nso-intern-a2434b52-27ce-4c0d-b357-9b6a7dee406b
15502,IT HO Support Intern,Bumi Berkah Boga,Kota Adm. Jakarta Selatan,2 kuota,,"Teknik Multimedia Digital, Ilmu Komputer, Sistem Dan Teknologi Informasi, Teknik informatika, Teknik Komputer","Sabtu, Minggu",https://maganghub.kemnaker.go.id/magang-nasional/lowongan/it-ho-support-intern-a24161ed-51da-4ad2-b0a7-9a711b331d0a
15578,Staff Teknologi Informasi - Kantor Pusat,PT Pelindo Terminal Petikemas,Kota Surabaya,2 kuota,,"Teknik Informatika, Teknologi Informasi, Ilmu Komputer, Statistika, Sistem Informasi","Sabtu, Minggu",https://maganghub.kemnaker.go.id/magang-nasional/lowongan/staff-teknologi-informasi---kantor-pusat-a243a79d-9e06-46ae-b0f7-e6762fe380ec
15592,Desktop Support Engineer,Media Nusantara Citra,Kota Adm. Jakarta Pusat,2 kuota,,"Teknik Informatika, Ilmu Komputer, Sistem Informasi","Sabtu, Minggu",https://maganghub.kemnaker.go.id/magang-nasional/lowongan/desktop-support-engineer-a23f88fb-d060-4ac5-b9e7-2926426a2845
15606,Petugas IT,Rs Bina Sehat Jember,Kab. Jember,3 kuota,,"Ilmu Komputer, Pendidikan Komputer, Teknik Komputer Dan Jaringan, Teknik Komputer",Minggu,https://maganghub.kemnaker.go.id/magang-nasional/lowongan/petugas-it-a241b4f3-bd9d-4ee4-b18b-f860010491c7
15669,Staf Facility & System - SBU Support,PT. Integrasi Aviasi Solusi,Kota Adm. Jakarta Pusat,4 kuota,,"Ilmu Komputer, Teknik Industri, Administrasi, Sistem Informasi, Teknik Sipil","Minggu, Sabtu",https://maganghub.kemnaker.go.id/magang-nasional/lowongan/staf-facility-&-system---sbu-support-a240f079-c3a9-42d4-ae4e-91ecd1f0a172
15692,IT Support Junior,Rilis Multimedia Indonesia,Kota Bekasi,1 kuota,,"Teknik Informatika, Ilmu Komputer, Teknik Multimedia dan Jaringan, Manajemen Informatika, Teknik Komputer dan Jaringan","Sabtu, Minggu",https://maganghub.kemnaker.go.id/magang-nasional/lowongan/it-support-junior-a2440e49-0572-4367-8237-2b3e99e9ec85
15695,Web Developer,Rilis Multimedia Indonesia,Kota Bekasi,1 kuota,,"Informatika, Ilmu Komputer, Rekayasa Perangkat Lunak, Sistem Informasi, Desain Komunikasi Visual","Sabtu, Minggu",https://maganghub.kemnaker.go.id/magang-nasional/lowongan/web-developer-a24413e9-a948-4053-b568-5a29cb9258a6
15696,IT Staff,PT. Inoac Polytechno Indonesia - Karawang,Kab. Karawang,2 kuota,,"Teknik Informatika, Ilmu Komputer, Sistem Informasi","Sabtu, Minggu",https://maganghub.kemnaker.go.id/magang-nasional/lowongan/it-staff-a236c1a9-7b8b-40c7-96b4-0b511474522c
15698,Product Development (Omnichannel),PT Informasi Teknologi Indonesia Tbk,Kota Adm. Jakarta Selatan,1 kuota,,"Ilmu Komputer, Teknik Industri, Sistem Informasi, Teknik informatika, Manajemen Bisnis","Sabtu, Minggu",https://maganghub.kemnaker.go.id/magang-nasional/lowongan/product-development-omnichannel-a2316ba8-eb4f-4b79-9f1d-7b9151d45885
15700,Product Development (AI),PT Informasi Teknologi Indonesia Tbk,Kota Adm. Jakarta Selatan,1 kuota,,"Teknik Informatika, Ilmu Komputer, Sistem Informasi, Pendidikan Komputer, Teknik Robotika dan Kecerdasan Buatan","Sabtu, Minggu",https://maganghub.kemnaker.go.id/magang-nasional/lowongan/product-development-ai-a2316d46-d431-45a4-ac5e-6e406fa09f12
15704,Product Development (Commerce),PT Informasi Teknologi Indonesia Tbk,Kota Adm. Jakarta Selatan,1 kuota,,"Teknik Informatika, Ilmu Komputer, Teknik Industri, Sistem Informasi, Manajemen Bisnis","Sabtu, Minggu",https://maganghub.kemnaker.go.id/magang-nasional/lowongan/product-development-commerce-a2316c60-cb6b-4cf6-a8ca-7c875593cfea
15722,Junior Asset Management,PT Infomedia Nusantara,Kota Adm. Jakarta Selatan,1 kuota,,"Informatika, Ilmu Komputer, Teknik Industri","Sabtu, Minggu",https://maganghub.kemnaker.go.id/magang-nasional/lowongan/junior-asset-management-a2433ed0-a644-499d-81f3-2b6ddf8c8b89
15729,Junior System Analyst (ProjectDev),PT Infomedia Nusantara,Kota Adm. Jakarta Selatan,2 kuota,,"Teknik Informatika, Ilmu Komputer, Sistem Komputer, Sistem Informasi","Sabtu, Minggu",https://maganghub.kemnaker.go.id/magang-nasional/lowongan/junior-system-analyst-projectdev-a241a75c-b5e3-4f82-bb8e-8795dba3cccf
15730,Junior Web Developer (HCM-OD),PT Infomedia Nusantara,Kota Adm. Jakarta Selatan,1 kuota,,"Teknik Informatika, Ilmu Komputer, Sistem informasi","Sabtu, Minggu",https://maganghub.kemnaker.go.id/magang-nasional/lowongan/junior-web-developer-hcm-od-a2419e9e-0875-4e9e-a410-ee4806b48dec
15731,Junior AI & RPA Engineer (Operation Performance),PT Infomedia Nusantara,Kota Adm. Jakarta Selatan,2 kuota,Junior AI & RPA Engineer (Operation Performance),"Teknik Informatika, Teknologi Informasi, Ilmu Komputer, Teknik informatika, Sistem informasi","Sabtu, Minggu",https://maganghub.kemnaker.go.id/magang-nasional/lowongan/junior-ai-&-rpa-engineer-operation-performance-a241b061-89de-42af-8ba1-82c6ed6853f0
15732,Junior Web Developer (HCM-OD),PT Infomedia Nusantara,Kota Adm. Jakarta Selatan,1 kuota,,"Teknik Informatika, Ilmu Komputer, Sistem informasi","Sabtu, Minggu",https://maganghub.kemnaker.go.id/magang-nasional/lowongan/junior-web-developer-hcm-od-a2419e9e-0875-4e9e-a410-ee4806b48dec
15733,Sales Planning & Performance,PT Infomedia Nusantara,Kota Adm. Jakarta Selatan,2 kuota,,"Teknik Informatika, Teknologi Informasi, Ilmu Komputer, Sistem Informasi","Sabtu, Minggu",https://maganghub.kemnaker.go.id/magang-nasional/lowongan/sales-planning-&-performance-a2417be5-89d4-4a35-bf2a-87f91130d21a
15737,Junior Quality Control (ProjectDev),PT Infomedia Nusantara,Kota Adm. Jakarta Selatan,2 kuota,,"Teknologi Informasi, Ilmu Komputer, Teknik informatika, Teknik Elektro, Sistem Informasi","Sabtu, Minggu",https://maganghub.kemnaker.go.id/magang-nasional/lowongan/junior-quality-control-projectdev-a24176e9-1fe8-4cc6-ad80-7396df9c3352
15741,Junior Mobile Apps Android - Project,PT Infomedia Nusantara,Kota Adm. Jakarta Selatan,1 kuota,,"Teknik Informatika, Teknologi Informasi, Ilmu Komputer, Sistem Informasi","Sabtu, Minggu",https://maganghub.kemnaker.go.id/magang-nasional/lowongan/junior-mobile-apps-android---project-a24169c5-6867-4bd0-b85e-c29848de9648
15742,Junior Dokumen Teknis - Project,PT Infomedia Nusantara,Kota Adm. Jakarta Selatan,1 kuota,,"Teknik Informatika, Teknologi Informasi, Ilmu Komputer, Sistem Informasi","Sabtu, Minggu",https://maganghub.kemnaker.go.id/magang-nasional/lowongan/junior-dokumen-teknis----project-a2415b88-87a5-49a2-ad6f-c947aa600850
15743,Junior RPA Developer - Project,PT Infomedia Nusantara,Kota Adm. Jakarta Selatan,1 kuota,Junior RPA Developer - Project,"Teknik Informatika, Teknologi Informasi, Ilmu Komputer, Sistem informasi","Sabtu, Minggu",https://maganghub.kemnaker.go.id/magang-nasional/lowongan/junior-rpa-developer---project-a2415dbc-f1c6-4889-a8e7-adde021d0932
15744,Junior Mobile Apps Developer iOS - Project,PT Infomedia Nusantara,Kota Adm. Jakarta Selatan,1 kuota,,"Teknik Informatika, Teknologi Informasi, Ilmu Komputer, Sistem informasi","Sabtu, Minggu",https://maganghub.kemnaker.go.id/magang-nasional/lowongan/junior-mobile-apps-developer-ios---project-a2416935-520d-4b8f-87c8-7e94a93df061
15746,Junior PHP Fullstack Developer - Project,PT Infomedia Nusantara,Kota Adm. Jakarta Selatan,1 kuota,,"Teknik Informatika, Teknologi Informasi, Ilmu Komputer, Sistem informasi","Sabtu, Minggu",https://maganghub.kemnaker.go.id/magang-nasional/lowongan/junior-php-fullstack-developer----project-a2415e4d-1794-4eb4-a773-fd125930e5b3
15747,Junior Front End Developer - Project,PT Infomedia Nusantara,Kota Adm. Jakarta Selatan,1 kuota,,"Teknologi Informasi, Ilmu Komputer, Sistem Informasi, Teknik informatika","Sabtu, Minggu",https://maganghub.kemnaker.go.id/magang-nasional/lowongan/junior-front-end-developer---project-a2415c30-7864-4c70-8fb0-607ecec1f56c
15749,Junior Bidding Management,PT Infomedia Nusantara,Kota Adm. Jakarta Selatan,2 kuota,,"Teknik Informatika, Teknologi Informasi, Sains Data, Ilmu Komputer, Sistem Informasi","Sabtu, Minggu",https://maganghub.kemnaker.go.id/magang-nasional/lowongan/junior-bidding-management-a2415933-04c5-4c6a-986c-738982c928cd
15752,Junior Bidding Management,PT Infomedia Nusantara,Kota Adm. Jakarta Selatan,2 kuota,,"Teknik Informatika, Teknologi Informasi, Sains Data, Ilmu Komputer, Sistem Informasi","Sabtu, Minggu",https://maganghub.kemnaker.go.id/magang-nasional/lowongan/junior-bidding-management-a2415933-04c5-4c6a-986c-738982c928cd
15756,Junior Product Owner,PT Infomedia Nusantara,Kota Adm. Jakarta Selatan,4 kuota,,"Teknik Informatika, Ilmu Komputer, Manajemen, Sistem Informasi","Sabtu, Minggu",https://maganghub.kemnaker.go.id/magang-nasional/lowongan/junior-product-owner-a24139b6-433a-4c76-b5b7-c57adad1935e
15757,Junior IT Planning & Architecture,PT Infomedia Nusantara,Kota Adm. Jakarta Selatan,2 kuota,,"Teknik Informatika, Teknologi Informasi, Ilmu Komputer, Sistem Informasi, PJJ Teknik Informatika","Sabtu, Minggu",https://maganghub.kemnaker.go.id/magang-nasional/lowongan/junior-it-planning-&-architecture-a2412428-66f0-4c2a-ae41-789dd4dd4e59
15783,IT Monitoring System,Trans News Corpora,Kota Adm. Jakarta Selatan,1 kuota,Trans News Corpora,"Teknik Informatika, Ilmu Komputer, Teknologi Komputer, Sistem informasi, Teknik Komputer dan Jaringan","Sabtu, Minggu",https://maganghub.kemnaker.go.id/magang-nasional/lowongan/it-monitoring-system-a2416d86-6e06-4ec8-aba5-5f624f3b5fb0
15784,IT Support,Trans News Corpora,Kota Adm. Jakarta Selatan,1 kuota,Trans News Corpora,"Teknik Informatika, Informatika, Ilmu Komputer, Sistem informasi, Teknik Komputer","Sabtu, Minggu",https://maganghub.kemnaker.go.id/magang-nasional/lowongan/it-support-a2417fb7-f00d-4838-8a6a-2a94216a5650
15790,IT Admin & Inventory,Trans News Corpora,Kota Adm. Jakarta Selatan,1 kuota,Trans News Corpora,"Teknik Informatika, Ilmu Komputer, Manajemen Informatika","Sabtu, Minggu",https://maganghub.kemnaker.go.id/magang-nasional/lowongan/it-admin-&-inventory-a2399d2b-380d-432f-89d2-cbc4066d552f
15809,Web Developer,Rezeki Utami Sejahtera,Kota Adm. Jakarta Timur,3 kuota,,"Teknik Informatika, Ilmu Komputer, Rekayasa Perangkat Lunak, Sistem Informasi, Pendidikan Teknik Informatika & Komputer","Sabtu, Minggu",https://maganghub.kemnaker.go.id/magang-nasional/lowongan/web-developer-a2390bf0-217c-4a6f-bb41-547eb66c10e5
15823,Technical Support,Bridgestone Tire Indonesia,Kota Bekasi,2 kuota,,"Teknik Informatika, Ilmu Komputer","Minggu, Sabtu",https://maganghub.kemnaker.go.id/magang-nasional/lowongan/technical-support-a2394786-246c-4ec3-8433-cbb482c915a5
15824,Quality Assurance KP,Bridgestone Tire Indonesia,Kab. Karawang,1 kuota,,"Teknik Informatika, Ilmu Komputer, Teknik Industri, Sistem Informasi","Minggu, Sabtu",https://maganghub.kemnaker.go.id/magang-nasional/lowongan/quality-assurance-kp-a23ecbe0-5683-41c8-9db1-befb1de48c1f
15825,Quality Assurance BP,Bridgestone Tire Indonesia,Kota Bekasi,2 kuota,,"Teknik Informatika, Ilmu Komputer, Teknik Industri, Sistem Informasi","Sabtu, Minggu",https://maganghub.kemnaker.go.id/magang-nasional/lowongan/quality-assurance-bp-a23ecb54-1c72-44b9-9b93-22de7aadcab7
15851,UI/UX Designer,Trans Digital Media,Kota Adm. Jakarta Selatan,1 kuota,,"Teknik Informatika, Ilmu Komputer, Sistem Informasi, Desain Komunikasi Visual, Desain Produk","Minggu, Sabtu",https://maganghub.kemnaker.go.id/magang-nasional/lowongan/uiux-designer-a23fac83-09a9-42f0-88c1-031310553505
15859,UI/UX Designer,Trans Digital Media,Kota Adm. Jakarta Selatan,1 kuota,,"Teknik Informatika, Ilmu Komputer, Sistem Informasi, Desain Komunikasi Visual, Desain Produk","Minggu, Sabtu",https://maganghub.kemnaker.go.id/magang-nasional/lowongan/uiux-designer-a23fac83-09a9-42f0-88c1-031310553505
15874,IT Support Helpdesk,Trans Digital Media,Kota Adm. Jakarta Selatan,1 kuota,,"Teknik Informatika, Ilmu Komputer, Sistem Informasi, Teknik Elektro, Teknik Komputer dan Jaringan","Sabtu, Minggu",https://maganghub.kemnaker.go.id/magang-nasional/lowongan/it-support-helpdesk-a23f85d2-99f1-4a12-ae29-2594e1687182
15921,IT,Restu Ibu Meditama,Kota Padang,1 kuota,,"Ilmu Komputer, Pendidikan Komputer",Minggu,https://maganghub.kemnaker.go.id/magang-nasional/lowongan/it-a2374128-887c-4492-8729-dc94ed318dd5
15941,Software Engineer,Toyota Motor Manufacturing Indonesia,Kota Adm. Jakarta Utara,5 kuota,,"Ilmu Komputer, Teknik informatika, Sistem informasi, Teknik Komputer","Sabtu, Minggu",https://maganghub.kemnaker.go.id/magang-nasional/lowongan/software-engineer-a23db4fb-8354-415e-bf9c-0c3728c3528b
15953,Web Developer (Digitalisasi Proses Bisnis),Boltz Indonesia,Kab. Karawang,5 kuota,,"Teknik Informatika, Teknologi Informasi, Ilmu Komputer, Sistem Dan Teknologi Informasi, Sistem Informasi","Sabtu, Minggu",https://maganghub.kemnaker.go.id/magang-nasional/lowongan/web-developer-digitalisasi-proses-bisnis-a228e4bd-b771-4346-93d5-435b786c1bda
16009,Technology Product Owner Intern,Paragon Technology And Innovation,Kota Adm. Jakarta Selatan,8 kuota,,"Teknik Informatika, Ilmu Komputer, Teknik Industri, Sistem Informasi, Teknik Elektro","Sabtu, Minggu",https://maganghub.kemnaker.go.id/magang-nasional/lowongan/technology-product-owner-intern-a23f8c42-eb7e-4bce-bb68-a745582e7137
16013,Quality Assurance (QA) Intern,Paragon Technology And Innovation,Kota Adm. Jakarta Selatan,1 kuota,,"Teknik Informatika, Ilmu Komputer, Sistem Informasi, Teknik Elektro, Elektronika dan Instrumentasi","Sabtu, Minggu",https://maganghub.kemnaker.go.id/magang-nasional/lowongan/quality-assurance-qa-intern-a23f8a3c-3158-43f3-8d0a-f7da77e6dce1
16023,IT Security Intern,Paragon Technology And Innovation,Kota Adm. Jakarta Selatan,2 kuota,,"Teknik Informatika, Ilmu Komputer, Sistem Informasi, Rekayasa Keamanan Siber","Sabtu, Minggu",https://maganghub.kemnaker.go.id/magang-nasional/lowongan/it-security-intern-a23f87d6-5526-4308-9042-cc5ad1fc2651
16027,Product Manager (HR Technology) Intern,Paragon Technology And Innovation,Kota Adm. Jakarta Selatan,1 kuota,,"Teknik Informatika, Ilmu Komputer, Manajemen, Teknik Industri, Teknik Elektro","Sabtu, Minggu",https://maganghub.kemnaker.go.id/magang-nasional/lowongan/product-manager-hr-technology-intern-a23dfbe0-cf02-4924-a5d3-c363fb184e6b
16028,Software Engineer (HR Technology) Intern,Paragon Technology And Innovation,Kota Adm. Jakarta Selatan,3 kuota,,"Ilmu Komputer, Teknik Industri, Sistem Informasi, Teknik Elektro","Sabtu, Minggu",https://maganghub.kemnaker.go.id/magang-nasional/lowongan/software-engineer-hr-technology-intern-a23df9e3-a26f-4733-a558-e7b6c35ab235
16030,AI Search & Generative Engine Optimization (GEO) Analyst Intern,Paragon Technology And Innovation,Kota Adm. Jakarta Selatan,2 kuota,,"Sains Data, Ilmu Komputer, Sistem Informasi, Statistika, Matematika","Sabtu, Minggu",https://maganghub.kemnaker.go.id/magang-nasional/lowongan/ai-search-&-generative-engine-optimization-geo-analyst-intern-a23dfee7-1ea3-4e31-b359-afd2faa2ffc2
16046,Electronic Data Processing,Matahari Department Store,Kota Adm. Jakarta Selatan,1 kuota,,"Ilmu Komputer, Sistem Informasi, Statistika",Selasa,https://maganghub.kemnaker.go.id/magang-nasional/lowongan/electronic-data-processing-a24346d3-a252-45b9-96f8-50b8633f9451
16050,EDP/IT Support,Matahari Department Store,Kota Bandung,1 kuota,,"Teknik Informatika, Teknologi Informasi, Ilmu Komputer, Sistem Informasi, Teknik Komputer Dan Jaringan",Minggu,https://maganghub.kemnaker.go.id/magang-nasional/lowongan/edpit-support-a23f1626-3176-451d-afe4-97113758ae5a
16072,EDP,Matahari Department Store,Kab. Lahat,1 kuota,,"Teknik Informatika, Ilmu Komputer, Sistem informasi",Selasa,https://maganghub.kemnaker.go.id/magang-nasional/lowongan/edp-a23781bb-7789-4374-84d0-d8f47462e8fc
16076,Electronic Data Processing (EDP),Matahari Department Store,Kota Adm. Jakarta Selatan,1 kuota,,"Ilmu Komputer, sistem informasi, Statistika",Rabu,https://maganghub.kemnaker.go.id/magang-nasional/lowongan/electronic-data-processing-edp-a2317cac-0920-46b4-8532-058d00337b5e
16079,VISUAL MERCHANDISE,Matahari Department Store,Kab. Mamuju,1 kuota,,"Ilmu Komputer, Manajemen, Fashion Merchandising, Desain Komunikasi Visual, Administrasi Jaringan Komputer",Minggu,https://maganghub.kemnaker.go.id/magang-nasional/lowongan/visual-merchandise-a21ecf9f-a11f-4e11-a0dc-80a8af731d8b
16081,TECHNICIAN,Matahari Department Store,Kab. Mamuju,1 kuota,,"Ilmu Komputer, Sistem Kelistrikan, Konstruksi Gedung, Teknik Komputer, Konstruksi Sipil",Rabu,https://maganghub.kemnaker.go.id/magang-nasional/lowongan/technician-a2247c0d-b0dd-4bbf-996e-a66e549b1a6d
16107,System Analyst Intern,Mass Rapid Transit Jakarta Perseroda,Kota Adm. Jakarta Pusat,1 kuota,,"Teknik Informatika, Ilmu Komputer, Sistem Informasi, Teknik Komputer","Sabtu, Minggu",https://maganghub.kemnaker.go.id/magang-nasional/lowongan/system-analyst-intern-a243f5aa-fa4b-491e-bbb7-3f0a756defdb
16119,IT Intern (PT Integrasi Transit Jakarta),Mass Rapid Transit Jakarta Perseroda,Kota Adm. Jakarta Selatan,1 kuota,,"Teknik Informatika, Teknologi Informasi, Ilmu Komputer, Sistem Informasi","Sabtu, Minggu",https://maganghub.kemnaker.go.id/magang-nasional/lowongan/it-intern-pt-integrasi-transit-jakarta-a243efe9-5728-45ad-9d65-0a24eeb77946
16127,IT Business Analyst Intern,Mass Rapid Transit Jakarta Perseroda,Kota Adm. Jakarta Pusat,2 kuota,,"Teknik Informatika, Ilmu Komputer, Sistem Informasi","Minggu, Sabtu",https://maganghub.kemnaker.go.id/magang-nasional/lowongan/it-business-analyst-intern-a243cf9f-d3bd-4b72-8cbe-21ec7ee07798
16193,IT Development Intern,Bintaro Serpong Damai,Kota Tangerang Selatan,1 kuota,Bintaro Serpong Damai,"Teknik Informatika, Ilmu Komputer, Sistem Dan Teknologi Informasi, Sistem Informasi, Sistem Informasi Visual","Sabtu, Minggu",https://maganghub.kemnaker.go.id/magang-nasional/lowongan/it-development-intern-a239495a-a8a2-46c3-b8ba-015b4cf93d56
16221,Information Technology (IT Operations),Ramasari Surya Persada,Kota Surabaya,1 kuota,,"Informatika, Ilmu Komputer, Keamanan Sistem Informasi, Sistem Dan Teknologi Informasi, Sistem Informasi","Minggu, Sabtu",https://maganghub.kemnaker.go.id/magang-nasional/lowongan/information-technology-it-operations-a2397357-1208-4416-b6ee-593a1085669e
16222,Business Development,PT Idstar Cipta Teknologi,Kota Adm. Jakarta Selatan,1 kuota,,"Ilmu Komputer, Sistem Informasi, Manajemen Bisnis","Sabtu, Minggu",https://maganghub.kemnaker.go.id/magang-nasional/lowongan/business-development-a241f39d-91f0-44ca-b572-84e2ff3c601a
16223,Customer Success (Business Solution),PT Idstar Cipta Teknologi,Kota Adm. Jakarta Selatan,1 kuota,,"Ilmu Komputer, Sistem Informasi, Manajemen Bisnis","Sabtu, Minggu",https://maganghub.kemnaker.go.id/magang-nasional/lowongan/customer-success-business-solution-a241f6f7-6dba-4bf5-b4ce-c16ceedff2d4
16224,Quality Assurancce,PT Idstar Cipta Teknologi,Kota Adm. Jakarta Selatan,3 kuota,,"Ilmu Komputer, Sistem Informasi","Sabtu, Minggu",https://maganghub.kemnaker.go.id/magang-nasional/lowongan/quality-assurancce-a241f4ed-9215-482c-98bc-d3bcc67632f0
16229,Technical Support,PT Idstar Cipta Teknologi,Kota Adm. Jakarta Selatan,1 kuota,,"Ilmu Komputer, Sistem Informasi, Sistem Informasi, Teknik Komputer Dan Jaringan, Teknik Komputer dan Jaringan","Minggu, Sabtu",https://maganghub.kemnaker.go.id/magang-nasional/lowongan/technical-support-a241cfe5-83be-4b1c-824b-bd56c9dbd273
16238,AI/ML Engineer,PT Idstar Cipta Teknologi,Kota Adm. Jakarta Selatan,1 kuota,,"Sains Data, Ilmu Komputer, Ilmu Informatika, Teknik Komputer, Matematika","Sabtu, Minggu",https://maganghub.kemnaker.go.id/magang-nasional/lowongan/aiml-engineer-a241f2ad-7c19-4620-ae77-0ff8753ab8e1
16280,Third-Party System Balance & Transaction Support,Rajawali Cellular,Kota Denpasar,2 kuota,,"Akuntansi Manajemen, Ilmu Komputer, Komputerisasi Akuntansi, Komputer Akutansi",Minggu,https://maganghub.kemnaker.go.id/magang-nasional/lowongan/third-party-system-balance-&-transaction-support-a222cb63-f72f-4032-927d-e16b0f17769d
16352,Auditor Teknologi Informasi,Pal Indonesia,Kota Surabaya,1 kuota,,"Ilmu Komputer, Sistem Komputer, Teknik Komputer","Sabtu, Minggu",https://maganghub.kemnaker.go.id/magang-nasional/lowongan/auditor-teknologi-informasi-a23f7cc1-168a-4363-aed0-b5fba5fb208f
16418,Reporter,Radar Sulawesi Barat,Kab. Mamuju,2 kuota,,"Informatika, Ilmu Komputer, Jurnalistik, Ilmu Komunikasi, Komunikasi Digital dan Media","Jumat, Sabtu",https://maganghub.kemnaker.go.id/magang-nasional/lowongan/reporter-a2254a27-f6bc-4326-8918-eeb8892560c3
16421,PROJECT MANAGEMENT & DESIGN,PT Hadji Kalla,Kota Makassar,1 kuota,,"Teknik Informatika, Teknologi Informasi, Ilmu Komputer, Sistem Informasi, Teknik Komputer","Sabtu, Minggu",https://maganghub.kemnaker.go.id/magang-nasional/lowongan/project-management-&-design-a2437841-0358-4ecc-b022-6ada3fb63670
16425,QUALITY ASSURANCE SOFTWARE,PT Hadji Kalla,Kota Makassar,1 kuota,,"Teknik Informatika, Teknologi Informasi, Ilmu Komputer, Sistem Informasi, Teknik Komputer","Sabtu, Minggu",https://maganghub.kemnaker.go.id/magang-nasional/lowongan/quality-assurance-software-a242f83f-f028-42e6-b6b8-eefb604f23ce
16427,HCIS,PT Hadji Kalla,Kota Makassar,1 kuota,,"Teknik Informatika, Ilmu Komputer, Sistem Informasi","Sabtu, Minggu",https://maganghub.kemnaker.go.id/magang-nasional/lowongan/hcis-a2431bfa-993a-42d0-b0d4-8f3af537f25b
16429,DATA ANALYTIC & MACHINE LEARNING ENGINEER,PT Hadji Kalla,Kota Makassar,1 kuota,,"Teknik Informatika, Ilmu Komputer, Sistem Informasi","Sabtu, Minggu",https://maganghub.kemnaker.go.id/magang-nasional/lowongan/data-analytic-&-machine-learning-engineer-a2418f00-7176-4da8-a685-7ac07cc7aa0c
16436,DATA ANALYTIC & MACHINE LEARNING ENGINEER,PT Hadji Kalla,Kota Makassar,1 kuota,,"Teknik Informatika, Ilmu Komputer, Sistem Informasi","Sabtu, Minggu",https://maganghub.kemnaker.go.id/magang-nasional/lowongan/data-analytic-&-machine-learning-engineer-a2418f00-7176-4da8-a685-7ac07cc7aa0c
16437,HCIS,PT Hadji Kalla,Kota Makassar,1 kuota,,"Teknik Informatika, Ilmu Komputer, Sistem Informasi","Sabtu, Minggu",https://maganghub.kemnaker.go.id/magang-nasional/lowongan/hcis-a2431bfa-993a-42d0-b0d4-8f3af537f25b
16509,Staff IT Support,PT. Oji Sinar Mas Packaging,Kab. Bekasi,1 kuota,,"Teknik Informatika, Ilmu Komputer, Sistem Informasi, Teknik Komputer Dan Jaringan, Teknik Komputer","Sabtu, Minggu",https://maganghub.kemnaker.go.id/magang-nasional/lowongan/staff-it-support-a22acad8-cf75-4cb4-9aba-2d3909c1e8db
16627,IT & Digitization Intern,PT. Graha Sarana Duta,Kota Adm. Jakarta Pusat,1 kuota,,"Teknik Informatika, Ilmu Komputer, Rekayasa Perangkat Lunak, Sistem Informasi, Teknik Komputer","Sabtu, Minggu",https://maganghub.kemnaker.go.id/magang-nasional/lowongan/it-&-digitization-intern-a2416cdc-0fd3-4b77-ad15-b98865751556
16639,Digital Transformation & Data Analytics Intern,PT. Graha Sarana Duta,Kota Adm. Jakarta Pusat,1 kuota,,"Teknik Informatika, Sains Data, Ilmu Komputer, Sistem Informasi, Teknik Komputer","Sabtu, Minggu",https://maganghub.kemnaker.go.id/magang-nasional/lowongan/digital-transformation-&-data-analytics-intern-a24125d8-2829-4591-b094-1dc2fef6eb96
16648,IT Process Improvement,PT Grab Teknologi Indonesia,Kota Adm. Jakarta Selatan,1 kuota,,"Informatika, Ilmu Komputer, Teknik Elektro, Sistem Informasi, Teknik Komputer","Sabtu, Minggu",https://maganghub.kemnaker.go.id/magang-nasional/lowongan/it-process-improvement-a243b6ca-bccb-4f96-af62-8d3ada1dc41b
16652,"Software Engineer, Fullstack",PT Grab Teknologi Indonesia,Kota Adm. Jakarta Selatan,1 kuota,,"Ilmu Komputer, Teknologi Komputer, Sistem Informasi, Ilmu Informatika, Teknik Komputer","Sabtu, Minggu","https://maganghub.kemnaker.go.id/magang-nasional/lowongan/software-engineer,-fullstack-a2419425-8091-42f4-93d1-d5b2ad8f7682"
16656,Tech Engineering,PT Grab Teknologi Indonesia,Kota Adm. Jakarta Selatan,1 kuota,,"Ilmu Komputer, Teknologi Komputer, Sistem Informasi, Ilmu Informatika, Teknik Komputer","Sabtu, Minggu",https://maganghub.kemnaker.go.id/magang-nasional/lowongan/tech-engineering-a2398124-0dfd-4cb9-ba73-8dc11f974eea
16663,Admin F&B,PT. Gorontalo Wisata Mandiri,Kota Gorontalo,1 kuota,,"Ilmu Komputer, Administrasi, Teknik Sipil, Ilmu Administrasi Bisnis, Akuntansi","Sabtu, Minggu",https://maganghub.kemnaker.go.id/magang-nasional/lowongan/admin-f&b-a231460d-7ff5-44a7-b119-67c9079a5225
16705,Marcomm,Logikreasi Utama,Kota Medan,1 kuota,,"Ilmu Komputer, Sistem Komputer, Teknologi Komputer, Teknik Komputer Dan Jaringan, Teknik Komputer",Minggu,https://maganghub.kemnaker.go.id/magang-nasional/lowongan/marcomm-a23163d5-2466-468c-b022-f42bc4d530b1
16711,Data Warehouse Intern,PT Global Tiket Network,Kota Adm. Jakarta Barat,1 kuota,,"Teknik Informatika, Teknologi Informasi, Ilmu Komputer, Sistem Informasi, Sains Data Terapan","Sabtu, Minggu",https://maganghub.kemnaker.go.id/magang-nasional/lowongan/data-warehouse-intern-a2418f43-13fe-48d0-bda3-97c92f9aab9f
16714,DevOps Intern,PT Global Tiket Network,Kota Adm. Jakarta Barat,2 kuota,,"Teknik Informatika, Teknologi Informasi, Ilmu Komputer, Rekayasa Perangkat Lunak, Teknik Komputer","Sabtu, Minggu",https://maganghub.kemnaker.go.id/magang-nasional/lowongan/devops-intern-a2425544-dbd0-49a1-8516-729cafce37f4
16716,Data Engineer Intern,PT Global Tiket Network,Kota Adm. Jakarta Barat,2 kuota,,"Teknik Informatika, Teknologi Informasi, Ilmu Komputer, Sistem informasi, Sains Data Terapan","Sabtu, Minggu",https://maganghub.kemnaker.go.id/magang-nasional/lowongan/data-engineer-intern-a2418db2-200b-4211-a48d-fb077d2d844f
16717,Business Intelligence Intern,PT Global Tiket Network,Kota Adm. Jakarta Barat,2 kuota,,"Teknik Informatika, Ilmu Komputer, Sistem Informasi, Sains Data Terapan, Matematika","Sabtu, Minggu",https://maganghub.kemnaker.go.id/magang-nasional/lowongan/business-intelligence-intern-a2404960-cc05-445e-9fd1-19c5b099564c
16718,Software Engineer (Backend) Intern,PT Global Tiket Network,Kota Adm. Jakarta Barat,10 kuota,,"Teknik Informatika, Teknologi Informasi, Ilmu Komputer, Sistem Dan Teknologi Informasi, Teknik Komputer","Sabtu, Minggu",https://maganghub.kemnaker.go.id/magang-nasional/lowongan/software-engineer-backend-intern-a240431c-367d-4500-a702-7c257af53697
16720,UX Researcher Intern,PT Global Tiket Network,Kota Adm. Jakarta Barat,3 kuota,,"Antropologi, Ilmu Komputer, Psikologi, Sosiologi, Sistem Informasi","Sabtu, Minggu",https://maganghub.kemnaker.go.id/magang-nasional/lowongan/ux-researcher-intern-a23757d5-c07f-4d65-b52b-e9f324af5def
16775,IT Support Associate,PT. Gayawahana Inti,Kota Adm. Jakarta Pusat,2 kuota,,"Ilmu Komputer, Sistem dan Teknologi Informasi, Sistem informasi, Ilmu Informatika","Sabtu, Minggu",https://maganghub.kemnaker.go.id/magang-nasional/lowongan/it-support-associate-a22953e3-6e21-4ca6-bc75-068b45addc32
16776,IT Support Associate,PT. Gayawahana Inti,Kota Adm. Jakarta Pusat,2 kuota,,"Ilmu Komputer, Sistem dan Teknologi Informasi, Sistem informasi, Ilmu Informatika","Sabtu, Minggu",https://maganghub.kemnaker.go.id/magang-nasional/lowongan/it-support-associate-a22953e3-6e21-4ca6-bc75-068b45addc32
16798,Internship – Fullstack Web Developer (PHP & Laravel),Lingkar Kreatif Solusi,Kota Medan,1 kuota,,"Teknik Informatika, Informatika, Teknologi Informasi, Ilmu Komputer, Sistem Informasi","Sabtu, Minggu",https://maganghub.kemnaker.go.id/magang-nasional/lowongan/internship-–-fullstack-web-developer-php-&-laravel-a22b1ff1-b186-4a54-8cb7-b66c06e73437
16826,JKTOS. Operation Technology Intern,PT. Garuda Indonesia (Persero) Tbk,Kota Tangerang,1 kuota,,"Teknik Informatika, Ilmu Komputer, Rekayasa Perangkat Lunak, Sistem informasi","Sabtu, Minggu",https://maganghub.kemnaker.go.id/magang-nasional/lowongan/jktos.-operation-technology-intern-a2290738-e563-4c22-ae0d-110fa9a55350
16853,JKTDX. IT Intern,PT. Garuda Indonesia (Persero) Tbk,Kota Tangerang,4 kuota,,"Teknologi Informasi, Teknologi rekayasa Perangkat Lunak, Ilmu Komputer, Sistem informasi, Teknik Komputer","Sabtu, Minggu",https://maganghub.kemnaker.go.id/magang-nasional/lowongan/jktdx.-it-intern-a227436f-69ba-4c58-a7c9-b6a2af6e62ea
16858,JKTID. Human Capital IT System Intern,PT. Garuda Indonesia (Persero) Tbk,Kota Tangerang,1 kuota,,"Teknik Informatika, Ilmu Komputer, Sistem Informasi","Sabtu, Minggu",https://maganghub.kemnaker.go.id/magang-nasional/lowongan/jktid.-human-capital-it-system-intern-a2271f5f-9564-4ea8-a43b-2afcd0f68e43
16877,IT Developer (Fullstack),Leon Boga Sentosa,Kota Adm. Jakarta Utara,1 kuota,,"Teknik Informatika, Teknologi Informasi, Ilmu Komputer, Sistem Informasi","Sabtu, Minggu",https://maganghub.kemnaker.go.id/magang-nasional/lowongan/it-developer-fullstack-a2433b1c-1844-428d-9ba5-ea4e25e5031a
16905,Web Developer (HCS Departement),PT. Garudafood Putra Putri Jaya Tbk - Sumedang,Kab. Sumedang,1 kuota,,"Teknik Informatika, Ilmu Komputer, Teknik informatika","Sabtu, Minggu",https://maganghub.kemnaker.go.id/magang-nasional/lowongan/web-developer-hcs-departement-a2377403-3b7f-4a02-877c-80e4934422ca
16940,Support Data analyst,Telkom Satelit Indonesia,Kota Bogor,1 kuota,,"Ilmu Komputer, Statistika dan Sains Data, Teknik informatika, Sistem informasi, Statistika","Sabtu, Minggu",https://maganghub.kemnaker.go.id/magang-nasional/lowongan/support-data-analyst-a2378372-86ec-40e2-8500-d16ca67b6887
16967,Data Scientist - ROPM,Telkom Regional III - Witel Bandung,Kota Bandung,1 kuota,,"Teknik Informatika, Teknologi Informasi, Sains Data, Ilmu Komputer, Sistem Informasi","Sabtu, Minggu",https://maganghub.kemnaker.go.id/magang-nasional/lowongan/data-scientist---ropm-a2438c8b-3275-4ef4-99c9-ea69bb27eca1
16969,Information Communication Technology (ICT) Staff,PT Mulia Pratama Cemerlang,Kota Bekasi,1 kuota,,"Ilmu Komputer, Manajemen Informasi Komunikasi, Pendidikan Sistem dan Teknologi Informasi, Sistem Informasi, Ilmu Informatika","Sabtu, Minggu",https://maganghub.kemnaker.go.id/magang-nasional/lowongan/information-communication-technology-ict-staff-a23e1b04-1897-4b28-aa07-3a5efff04a11
16992,Fullstack Developer,Language Center,Kab. Kediri,2 kuota,,"Teknik Informatika, Ilmu Komputer, Sistem Informasi",Minggu,https://maganghub.kemnaker.go.id/magang-nasional/lowongan/fullstack-developer-a24143b5-28e3-44d6-a75f-461e665dffc2
16998,Web Master,Language Center,Kab. Kediri,1 kuota,,"Teknik Informatika, Ilmu Komputer, Sistem Informasi, Pemasaran Digital",Minggu,https://maganghub.kemnaker.go.id/magang-nasional/lowongan/web-master-a2414a32-7911-46a8-a26a-799bce3c3827
17032,Technical Analyst Intern,PT Executrain Nusantarajaya,Kota Adm. Jakarta Selatan,1 kuota,,"Teknik Informatika, Ilmu Komputer, Sistem Komputer, Sistem Informasi, Manajemen Informatika","Sabtu, Minggu",https://maganghub.kemnaker.go.id/magang-nasional/lowongan/technical-analyst-intern-a240efe8-3097-47b6-baa0-4bcf864f82d4
17035,Junior IT Trainer Intern,PT Executrain Nusantarajaya,Kota Adm. Jakarta Selatan,2 kuota,,"Teknik Informatika, Teknologi Informasi, Ilmu Komputer, Sistem Komputer, Sistem Informasi","Sabtu, Minggu",https://maganghub.kemnaker.go.id/magang-nasional/lowongan/junior-it-trainer-intern-a23f4382-1b81-465c-b25f-5ea23e6596ee
17050,Airport Security,PT Angkasa Pura Indonesia Bandar Udara Internasional Yogyakarta,Kota Yogyakarta,2 kuota,Airport Security,"Teknik Informatika, Ilmu Komputer, Pendidikan Bahasa Inggris","Sabtu, Minggu",https://maganghub.kemnaker.go.id/magang-nasional/lowongan/airport-security-a240cdf5-2958-4ff3-91e3-9bf2371257bb
17063,Airport Technology Department,PT Angkasa Pura Indonesia Bandar Udara Internasional Jenderal Ahmad Yani Semarang,Kota Semarang,2 kuota,Airport Technology Department,"Teknik Informatika, Ilmu Komputer, Sistem Dan Teknologi Informasi","Sabtu, Minggu",https://maganghub.kemnaker.go.id/magang-nasional/lowongan/airport-technology-department-a23f7f69-7e19-43a6-9467-618d62f4adfe
17090,Intern - Costing and Profitability,Telekomunikasi Selular,Kota Adm. Jakarta Selatan,1 kuota,,"Teknik Informatika, Ilmu Komputer, Sistem Informasi","Minggu, Sabtu",https://maganghub.kemnaker.go.id/magang-nasional/lowongan/intern---costing-and-profitability-a243b3c0-53d7-4f34-bd6e-234b2fbd533d
17100,Intern - Costing and Profitability,Telekomunikasi Selular,Kota Adm. Jakarta Selatan,1 kuota,,"Teknik Informatika, Ilmu Komputer, Sistem Informasi","Minggu, Sabtu",https://maganghub.kemnaker.go.id/magang-nasional/lowongan/intern---costing-and-profitability-a243b3c0-53d7-4f34-bd6e-234b2fbd533d
17106,Intern - Mobile Product Planning & Research,Telekomunikasi Selular,Kota Adm. Jakarta Selatan,1 kuota,,"Teknik Informatika, Ilmu Komputer, Sistem informasi, Teknik Telekomunikasi","Sabtu, Minggu",https://maganghub.kemnaker.go.id/magang-nasional/lowongan/intern---mobile-product-planning-&-research-a243ae82-107c-4072-841a-fe3df6c5c7f6
17112,Intern - MyTelkomsel Innovation Enablement,Telekomunikasi Selular,Kota Adm. Jakarta Selatan,1 kuota,,"Teknik Informatika, Ilmu Komputer, Teknik Industri","Sabtu, Minggu",https://maganghub.kemnaker.go.id/magang-nasional/lowongan/intern---mytelkomsel-innovation-enablement-a243a9a4-198a-4a02-a652-4d9e3499d93a
17120,Intern - SIMPATI Growth Hack Analysis and Strategic Partnership,Telekomunikasi Selular,Kota Adm. Jakarta Selatan,1 kuota,,"Teknik Informatika, Ilmu Komputer, Teknik Industri, Teknik Elektro, Teknik Telekomunikasi","Sabtu, Minggu",https://maganghub.kemnaker.go.id/magang-nasional/lowongan/intern---simpati-growth-hack-analysis-and-strategic-partnership-a2439e7c-dce2-43a1-898d-cc2bd5381f3d
17146,Perancangan dan Kelayakan Sistem Aplikasi Internship,Bank Bca Syariah,Kota Adm. Jakarta Timur,1 kuota,,"Teknik Informatika, Ilmu Komputer, Sistem Informasi","Sabtu, Minggu",https://maganghub.kemnaker.go.id/magang-nasional/lowongan/perancangan-dan-kelayakan-sistem-aplikasi-internship-a2435348-907e-44f6-814f-30dc64cb64b0
17200,Fullstack Developer (Web & Mobile) Divisi Produk GIS Development,Techno Gis Indonesia,Kab. Sleman,2 kuota,,"Informatika, Ilmu Komputer, Teknik informatika, Pendidikan Teknik Informatika & Komputer, Teknologi Informatika Multimedia Digital","Minggu, Sabtu",https://maganghub.kemnaker.go.id/magang-nasional/lowongan/fullstack-developer-web-&-mobile-divisi-produk-gis-development-a2420105-83e1-4437-8b93-9334c2c6a581
17274,IT Operations,PT Emados Kebab Indonesia,Kota Adm. Jakarta Selatan,1 kuota,,"Teknik Informatika, Teknologi Informasi, Ilmu Komputer, Sistem informasi, Teknik Komputer",Minggu,https://maganghub.kemnaker.go.id/magang-nasional/lowongan/it-operations-a240e89c-61e5-4826-a806-40ff5b19729e
17327,Internship Software Development,PT Eltran Indonesia,Kota Bandung,1 kuota,,"Teknik Informatika, Ilmu Komputer, Sistem informasi","Sabtu, Minggu",https://maganghub.kemnaker.go.id/magang-nasional/lowongan/internship-software-development-a23f5174-8d4b-4b85-9def-86c5040ad5bd
17443,Administration,Tdm Muara Sabak,Kab. Tanjung Jabung Timur,1 kuota,,"Ilmu Komputer, Manajemen, Administrasi, Ekonomi, Akuntansi",Minggu,https://maganghub.kemnaker.go.id/magang-nasional/lowongan/administration-a23f39e4-732b-4a9d-b1e7-416bf58997c6
17468,IT Support Intern,Krakatau Argo Logistics,Kota Cilegon,1 kuota,,"Teknik Informatika, Ilmu Komputer, Sistem informasi, Teknik Komputer Dan Jaringan, Teknik Komputer","Minggu, Sabtu",https://maganghub.kemnaker.go.id/magang-nasional/lowongan/it-support-intern-a243ab8c-2a00-48ec-b877-e864009e6278
17513,HR Support,PT Dynatech International,Kota Adm. Jakarta Barat,1 kuota,,"Ilmu Komputer, Manajemen Sumber Daya Manusia, Manajemen, Psikologi","Minggu, Sabtu",https://maganghub.kemnaker.go.id/magang-nasional/lowongan/hr-support-a24183c8-5371-4dd3-b729-b913ef19437a
17514,HR Support,PT Dynatech International,Kota Adm. Jakarta Barat,1 kuota,,"Ilmu Komputer, Manajemen Sumber Daya Manusia, Manajemen, Psikologi","Minggu, Sabtu",https://maganghub.kemnaker.go.id/magang-nasional/lowongan/hr-support-a24183c8-5371-4dd3-b729-b913ef19437a
17560,"IT GOVERNANCE, IAM & CAB ADMINISTRATION INTERN",Axa Mandiri Financial Services,Kota Adm. Jakarta Selatan,1 kuota,,"Ilmu Komputer, Sistem Informasi, Ilmu Informatika, Teknik Komputer","Sabtu, Minggu","https://maganghub.kemnaker.go.id/magang-nasional/lowongan/it-governance,-iam-&-cab-administration-intern-a23fa9a6-73ec-4e58-8e22-df3a7d49fde0"
17561,Test Engineer Intern,Axa Mandiri Financial Services,Kota Adm. Jakarta Selatan,1 kuota,,"Teknologi Informasi, Ilmu Komputer, Sistem Dan Teknologi Informasi, Sistem dan Teknologi Informasi, Teknik Komputer Dan Jaringan","Minggu, Sabtu",https://maganghub.kemnaker.go.id/magang-nasional/lowongan/test-engineer-intern-a23faa27-8e4c-4ebe-81ba-dd4091eeb330
17571,IT Data Analyst,PT. Duta Graha Afiah,Kota Bogor,1 kuota,,"Teknik Informatika, Teknologi Informasi, Ilmu Komputer, Sistem Informasi",Minggu,https://maganghub.kemnaker.go.id/magang-nasional/lowongan/it-data-analyst-a23b47d1-ec06-4839-88ec-4d7858c6fca4
17582,"INCIDENT, PROBLEM & CHANGES MANGEMENT INTERN",Axa Mandiri Financial Services,Kota Adm. Jakarta Selatan,1 kuota,,"Ilmu Komputer, Manajemen Aset, Manajemen Administrasi, Sistem Informasi, Teknik informatika","Sabtu, Minggu","https://maganghub.kemnaker.go.id/magang-nasional/lowongan/incident,-problem-&-changes-mangement-intern-a23f93e0-c644-4490-9057-6e88aa44ddc0"
17590,DATA GOVERNANCE INTERN,Axa Mandiri Financial Services,Kota Adm. Jakarta Selatan,1 kuota,,"Teknik Informatika, Ilmu Komputer, Sistem Informasi","Sabtu, Minggu",https://maganghub.kemnaker.go.id/magang-nasional/lowongan/data-governance-intern-a23fa298-d58a-4095-9f4e-21aa6083a881
17593,"INCIDENT, PROBLEM & CHANGES MANGEMENT INTERN",Axa Mandiri Financial Services,Kota Adm. Jakarta Selatan,1 kuota,,"Ilmu Komputer, Manajemen Aset, Manajemen Administrasi, Sistem Informasi, Teknik informatika","Sabtu, Minggu","https://maganghub.kemnaker.go.id/magang-nasional/lowongan/incident,-problem-&-changes-mangement-intern-a23f93e0-c644-4490-9057-6e88aa44ddc0"
17596,IT Support,PT. Duta Graha Afiah,Kota Bogor,1 kuota,,"Teknik Informatika, Ilmu Komputer, Administrasi Server dan Jaringan Komputer, Pemeliharaan Komputer dan Jaringan, Teknik Komputer dan Jaringan",Minggu,https://maganghub.kemnaker.go.id/magang-nasional/lowongan/it-support-a23eed02-5db9-447a-b707-31ff2136b08c
17597,TECHNICAL WRITER INTERN (DATABASES),Axa Mandiri Financial Services,Kota Adm. Jakarta Selatan,1 kuota,,"Teknik Informatika, Ilmu Komputer, Sistem Informasi, Ilmu Informatika","Sabtu, Minggu",https://maganghub.kemnaker.go.id/magang-nasional/lowongan/technical-writer-intern-databases-a23fa176-0f70-4b84-8780-ea5b16379f47
17600,IT Support SIMRS,PT. Duta Graha Afiah,Kota Bogor,2 kuota,,"Teknik Informatika, Ilmu Komputer, Manajemen Informatika, Teknik Komputer dan Jaringan, Teknik Komputer",Minggu,https://maganghub.kemnaker.go.id/magang-nasional/lowongan/it-support-simrs-a23ad4d0-5fb7-4e66-9aea-954cddf5672a
17646,IT Full Stack Web Developer,PT. Duta Graha Afiah,Kota Bogor,4 kuota,,"Teknik Informatika, Teknologi Rekayasa Perangkat Lunak, Ilmu Komputer, Rekayasa Perangkat Lunak, Sistem Informasi",Minggu,https://maganghub.kemnaker.go.id/magang-nasional/lowongan/it-full-stack-web-developer-a23abe4f-a8ee-4107-b87f-07f52b06efe8
17824,Software Engineer Intern,Auto Serba Digital,Kota Surabaya,1 kuota,,"Teknik Informatika, Teknologi Informasi, Ilmu Komputer, Rekayasa Perangkat Lunak, Sistem Informasi",Minggu,https://maganghub.kemnaker.go.id/magang-nasional/lowongan/software-engineer-intern-a2294b4e-c6e1-4ab9-9523-856d801f309f
17888,"Dept. QA, Perencanaan & Pelaporan",Pupuk Iskandar Muda,Kab. Aceh Utara,1 kuota,,"Ilmu Komputer, Teknika, Manajemen, Akuntansi, Teknik Komputer","Sabtu, Minggu","https://maganghub.kemnaker.go.id/magang-nasional/lowongan/dept.-qa,-perencanaan-&-pelaporan-a23edab5-a094-4255-b2de-dfda4d387ade"
17949,Informasi Teknologi (IT) Governance,Kimia Farma Trading & Distribution,Kota Adm. Jakarta Pusat,1 kuota,,"Ilmu Komputer, Sistem Informasi, Ilmu Informatika","Minggu, Sabtu",https://maganghub.kemnaker.go.id/magang-nasional/lowongan/informasi-teknologi-it-governance-a2293334-d4ef-49c0-8ea7-229dedd3108b
18102,Off Air Promotion,PT Mdtv Media Televisi,Kota Adm. Jakarta Selatan,2 kuota,,"Multimedia, Ilmu Komputer, Hubungan Masyarakat, Pemasaran Digital, Desain Komunikasi Visual","Sabtu, Minggu",https://maganghub.kemnaker.go.id/magang-nasional/lowongan/off-air-promotion-a23735a1-5c9d-47fe-b40f-c2ac70790e58
18120,Frontend Developer,PT. Datascrip,Kota Adm. Jakarta Pusat,2 kuota,,"Teknologi Informasi, Ilmu Komputer, Teknologi Komputer, Manajemen Informatika","Sabtu, Minggu",https://maganghub.kemnaker.go.id/magang-nasional/lowongan/frontend-developer-a23f42ff-b2e4-4fc3-893c-ed0af2d3e317
18122,Backend Developer,PT. Datascrip,Kota Adm. Jakarta Pusat,2 kuota,,"Teknologi Informasi, Ilmu Komputer, Teknologi Komputer, Sistem Informasi","Sabtu, Minggu",https://maganghub.kemnaker.go.id/magang-nasional/lowongan/backend-developer-a23f4ed2-cd35-4d8a-9e9a-be1af4fc9ff7
18126,Frontend Developer,PT. Datascrip,Kota Adm. Jakarta Pusat,2 kuota,,"Teknologi Informasi, Ilmu Komputer, Teknologi Komputer, Manajemen Informatika","Sabtu, Minggu",https://maganghub.kemnaker.go.id/magang-nasional/lowongan/frontend-developer-a23f42ff-b2e4-4fc3-893c-ed0af2d3e317
18127,Backend Developer,PT. Datascrip,Kota Adm. Jakarta Pusat,2 kuota,,"Teknologi Informasi, Ilmu Komputer, Teknologi Komputer, Sistem Informasi","Sabtu, Minggu",https://maganghub.kemnaker.go.id/magang-nasional/lowongan/backend-developer-a23f4ed2-cd35-4d8a-9e9a-be1af4fc9ff7
18148,Software Developer Staff,Autochem Industry,Kota Tangerang,2 kuota,,"Teknik Informatika, Ilmu Komputer, Rekayasa Perangkat Lunak, Sistem Informasi","Sabtu, Minggu",https://maganghub.kemnaker.go.id/magang-nasional/lowongan/software-developer-staff-a236bd3c-591e-4aaf-bc0c-11f1d36e658a
18150,Data Science Staff,Autochem Industry,Kota Tangerang,1 kuota,,"Teknik Informatika, Ilmu Komputer, Sistem Informasi, Matematika","Sabtu, Minggu",https://maganghub.kemnaker.go.id/magang-nasional/lowongan/data-science-staff-a236aa5f-c207-40b3-97c8-d4c261cd2ffa
18152,UI/UX Design Staff,Autochem Industry,Kota Tangerang,1 kuota,,"Ilmu Komputer, Sistem Informasi, Desain Komunikasi Visual","Sabtu, Minggu",https://maganghub.kemnaker.go.id/magang-nasional/lowongan/uiux-design-staff-a236b620-c20c-471d-8f51-e4cf9f3085bc
18153,Digital Marketing Staff,Autochem Industry,Kota Tangerang,1 kuota,,"Ilmu Komputer, Pemasaran Digital, Manajemen Bisnis, Komunikasi Digital dan Media","Sabtu, Minggu",https://maganghub.kemnaker.go.id/magang-nasional/lowongan/digital-marketing-staff-a236b0ae-50ba-4d03-a890-b27a74cb7316
18170,General Affair,PT Maxxis International Indonesia,Kab. Bekasi,1 kuota,,"Teknik Industri, Ilmu Komputer, Pendidikan Teknik Mesin, Ilmu Komunikasi, Administrasi Perkantoran","Sabtu, Minggu",https://maganghub.kemnaker.go.id/magang-nasional/lowongan/general-affair-a23f37de-b078-448d-b3ff-ae5b8deb4c8f
18198,HR Intern,PT. Daihatsu Drivetrain Manufacturing Indonesia,Kab. Karawang,1 kuota,,"Teknik Informatika, Ilmu Komputer, Komputer Grafis, Sistem informasi","Sabtu, Minggu",https://maganghub.kemnaker.go.id/magang-nasional/lowongan/hr-intern-a2430357-a0e0-43b5-9aba-11db328c6c9b
18252,IT SAP Functional Intern,Surya Citra Televisi,Kota Adm. Jakarta Pusat,1 kuota,,"Teknik Informatika, Teknologi Informasi, Ilmu Komputer, Sistem Informasi, Manajemen Informatika","Sabtu, Minggu",https://maganghub.kemnaker.go.id/magang-nasional/lowongan/it-sap-functional-intern-a2439332-036c-44a0-8ccb-46cfda259934
18255,IT Help Desk Support Intern,Surya Citra Televisi,Kota Adm. Jakarta Barat,2 kuota,,"Teknik Informatika, Teknologi Informasi, Ilmu Komputer, Sistem Informasi, Manajemen Informatika","Sabtu, Minggu",https://maganghub.kemnaker.go.id/magang-nasional/lowongan/it-help-desk-support-intern-a2439ac1-4b1f-4ec0-b46e-fadd34999d4a
18263,IT AI Engineer Intern,Surya Citra Televisi,Kota Adm. Jakarta Pusat,1 kuota,,"Teknik Informatika, Teknologi Informasi, Sains Data, Ilmu Komputer, Sistem Informasi","Sabtu, Minggu",https://maganghub.kemnaker.go.id/magang-nasional/lowongan/it-ai-engineer-intern-a2439883-979f-4fde-a72c-e4f2b231f269
18264,Web Developer Intern,Surya Citra Televisi,Kota Adm. Jakarta Pusat,2 kuota,,"Teknik Informatika, Teknologi Informasi, Ilmu Komputer, Sistem Informasi","Sabtu, Minggu",https://maganghub.kemnaker.go.id/magang-nasional/lowongan/web-developer-intern-a2439dff-96da-4815-8f0d-b261fedd906e
18318,HSE Administration Assistance,PT Corinthian Industries Indonesia,Kab. Bogor,1 kuota,,"Kesehatan dan Keselamatan Kerja, Ilmu Komputer, Manajemen, Ilmu Kesehatan Masyarakat, Sistem Informasi","Minggu, Sabtu",https://maganghub.kemnaker.go.id/magang-nasional/lowongan/hse-administration-assistance-a23982d2-f021-4f7a-a00d-f7035f6e2881
18392,Data Scientist - 1,Suri Nusantara Jaya,Kota Adm. Jakarta Selatan,1 kuota,,"Sains Data, Ilmu Komputer, Sistem Informasi, Statistika",Minggu,https://maganghub.kemnaker.go.id/magang-nasional/lowongan/data-scientist---1-a23d317a-0104-40cd-b3f5-431853526cbf
18400,Data Scientist - 2,Suri Nusantara Jaya,Kota Adm. Jakarta Selatan,1 kuota,,"Sains Data, Ilmu Komputer, Sistem Informasi, Statistika",Minggu,https://maganghub.kemnaker.go.id/magang-nasional/lowongan/data-scientist---2-a23d3215-56b1-4a06-bdd8-0068c66aca77
18401,Data Scientist - 1,Suri Nusantara Jaya,Kota Adm. Jakarta Selatan,1 kuota,,"Sains Data, Ilmu Komputer, Sistem Informasi, Statistika",Minggu,https://maganghub.kemnaker.go.id/magang-nasional/lowongan/data-scientist---1-a23d317a-0104-40cd-b3f5-431853526cbf
18434,Data Analyst,PT. Commeasure Solutions Indonesia,Kota Adm. Jakarta Selatan,4 kuota,,"Teknik Informatika, Ilmu Komputer, Statistik, Statistika Bisnis, Matematika","Sabtu, Minggu",https://maganghub.kemnaker.go.id/magang-nasional/lowongan/data-analyst-a2321994-afdc-4ab9-8d0b-00a75fc549fe
18501,Staff EDP,PT Classic Prima Carpet Industries,Kota Surabaya,1 kuota,PT Classic Prima Carpet Industries,"Teknik Informatika, Ilmu Komputer, Sistem Informasi, Teknik Komputer","Sabtu, Minggu",https://maganghub.kemnaker.go.id/magang-nasional/lowongan/staff-edp-a22b2abb-6db9-4e34-a988-1dc83e5015dc
18506,Staff EDP,PT Classic Prima Carpet Industries,Kota Surabaya,1 kuota,PT Classic Prima Carpet Industries,"Teknik Informatika, Ilmu Komputer, Sistem Informasi, Teknik Komputer","Sabtu, Minggu",https://maganghub.kemnaker.go.id/magang-nasional/lowongan/staff-edp-a22b2abb-6db9-4e34-a988-1dc83e5015dc
18607,IT Support,Kamantra Bangun Persada,Kab. Mamuju,1 kuota,,"Teknik Informatika, Ilmu Komputer, Sistem Informasi, Teknik Komputer Dan Jaringan, Teknik Komputer",Minggu,https://maganghub.kemnaker.go.id/magang-nasional/lowongan/it-support-a2374b52-5a6b-4d75-8ee0-dc05e7f0374d
18609,STEAM – Product Design,PT Cerebrum Edukanesia Nusantara,Kab. Bandung,1 kuota,,"Ilmu Komputer, Teknologi Pendidikan, Sistem Informasi, Desain Komunikasi Visual","Sabtu, Minggu",https://maganghub.kemnaker.go.id/magang-nasional/lowongan/steam-–-product-design-a23efba1-8a42-4782-bffc-adb402d68b32
18614,STEAM – Product Design,PT Cerebrum Edukanesia Nusantara,Kab. Bandung,1 kuota,,"Ilmu Komputer, Teknologi Pendidikan, Sistem Informasi, Desain Komunikasi Visual","Sabtu, Minggu",https://maganghub.kemnaker.go.id/magang-nasional/lowongan/steam-–-product-design-a23efba1-8a42-4782-bffc-adb402d68b32
18617,SEO Specialist,PT Cerebrum Edukanesia Nusantara,Kab. Bandung,1 kuota,,"Teknologi Informasi, Ilmu Komputer, Sistem Dan Teknologi Informasi, Pemasaran Digital, Bisnis Digital","Sabtu, Minggu",https://maganghub.kemnaker.go.id/magang-nasional/lowongan/seo-specialist-a23f359c-226a-4bdf-a843-d11cb151f6b7
18621,STORE CREW,PT Matahari Dept Store Mal Ratu Indah,Kota Makassar,10 kuota,,"Hospitaliti dan Pariwisata, Ilmu Komputer, Manajemen Retail, Ekonomi, Pemasaran Digital",Selasa,https://maganghub.kemnaker.go.id/magang-nasional/lowongan/store-crew-a23510f2-d043-44cf-a397-93b499448e22
18623,STAFF ADMINISTRASI,PT Matahari Dept Store Mal Ratu Indah,Kota Makassar,1 kuota,,"Ilmu Komputer, Manajemen Retail, Manajemen, Administrasi, Akuntansi",Minggu,https://maganghub.kemnaker.go.id/magang-nasional/lowongan/staff-administrasi-a2350f63-3dc8-4cea-9369-771a95890f49
18777,IT Support,Jgc Indonesia,Kota Adm. Jakarta Selatan,1 kuota,,"Teknik Informatika, Ilmu Komputer, Teknologi Komputer, Sistem Informasi","Sabtu, Minggu",https://maganghub.kemnaker.go.id/magang-nasional/lowongan/it-support-a240ff96-c471-40b0-934f-f7fb1e1cc146
18803,AI Engineer,Jelajah Data Semesta,Kota Adm. Jakarta Pusat,5 kuota,,"Teknik Informatika, Sains Data, Ilmu Komputer, Teknik Robotika dan Kecerdasan Buatan, Matematika","Sabtu, Minggu",https://maganghub.kemnaker.go.id/magang-nasional/lowongan/ai-engineer-a2398783-951c-48ab-8dda-510afc798a76
18817,Product - Product Management Intern,PT Vidio Dot Com,Kota Adm. Jakarta Pusat,3 kuota,,"Teknologi Informasi, Ilmu Komputer, Sistem Informasi","Sabtu, Minggu",https://maganghub.kemnaker.go.id/magang-nasional/lowongan/product---product-management-intern-a23ef721-2448-4be7-a9ba-ee569da6151b
18820,Product AI - Product AI Intern,PT Vidio Dot Com,Kota Adm. Jakarta Pusat,1 kuota,,"Teknologi Informasi, Ilmu Komputer, Sistem Informasi","Sabtu, Minggu",https://maganghub.kemnaker.go.id/magang-nasional/lowongan/product-ai---product-ai-intern-a23efae1-eed6-40c3-9746-3555cccbe093
18823,Product AI - AI Data Intern,PT Vidio Dot Com,Kota Adm. Jakarta Pusat,1 kuota,,"Teknologi Informasi, Ilmu Komputer, Sistem Informasi","Sabtu, Minggu",https://maganghub.kemnaker.go.id/magang-nasional/lowongan/product-ai---ai-data-intern-a23efa1e-110c-4c5f-b444-b16cc6384117
18825,Product Design Intern,PT Vidio Dot Com,Kota Adm. Jakarta Pusat,2 kuota,,"Ilmu Komputer, Pendidikan Sistem dan Teknologi Informasi, Sistem Informasi","Sabtu, Minggu",https://maganghub.kemnaker.go.id/magang-nasional/lowongan/product-design-intern-a23ef4b2-156f-47a0-acce-3e3ddd80d59a
18827,Product AI - AI Prompter Intern,PT Vidio Dot Com,Kota Adm. Jakarta Pusat,2 kuota,,"Teknologi Informasi, Ilmu Komputer, Sistem Informasi","Sabtu, Minggu",https://maganghub.kemnaker.go.id/magang-nasional/lowongan/product-ai---ai-prompter-intern-a23ef95a-5de2-4b3d-8a72-b1a143023717
18833,Product AI - Product AI Intern,PT Vidio Dot Com,Kota Adm. Jakarta Pusat,1 kuota,,"Teknologi Informasi, Ilmu Komputer, Sistem Informasi","Sabtu, Minggu",https://maganghub.kemnaker.go.id/magang-nasional/lowongan/product-ai---product-ai-intern-a23efae1-eed6-40c3-9746-3555cccbe093
18834,Product - Product Team Assistant,PT Vidio Dot Com,Kota Adm. Jakarta Pusat,1 kuota,,"Teknologi Informasi, Ilmu Komputer, Sistem Informasi","Sabtu, Minggu",https://maganghub.kemnaker.go.id/magang-nasional/lowongan/product---product-team-assistant-a23ef7f6-d20d-43db-a476-bd34af98ab9f
18840,Engineering Intern,PT Vidio Dot Com,Kota Adm. Jakarta Pusat,4 kuota,,"Ilmu Komputer, Sistem Dan Teknologi Informasi, Sistem Informasi","Sabtu, Minggu",https://maganghub.kemnaker.go.id/magang-nasional/lowongan/engineering-intern-a234ffb2-67d8-4555-aff5-af36dc93bf1b
18936,Assistant Supervisor Store,Jb Retail,Kab. Lombok Barat,12 kuota,,"Informatika, Ilmu Komputer, Administrasi, Ekonomi, Ilmu Komunikasi",Minggu,https://maganghub.kemnaker.go.id/magang-nasional/lowongan/assistant-supervisor-store-a2393e7e-831e-49a1-8904-00fc5765ce5d
18941,Admin,Jb Retail,Kab. Lombok Barat,6 kuota,,"Ilmu Komputer, Administrasi, Ekonomi, Ilmu Informatika, Akuntansi",Minggu,https://maganghub.kemnaker.go.id/magang-nasional/lowongan/admin-a23b505a-0e6e-442a-b471-29aa890680e8
18954,Admin,Jb Retail,Kab. Lombok Barat,6 kuota,,"Ilmu Komputer, Administrasi, Ekonomi, Ilmu Informatika, Akuntansi",Minggu,https://maganghub.kemnaker.go.id/magang-nasional/lowongan/admin-a23b505a-0e6e-442a-b471-29aa890680e8
18965,Application Development Engineer (Developer),Asa Kreasi Interasia,Kota Adm. Jakarta Selatan,1 kuota,,"Teknik Informatika, Teknologi Informasi, Ilmu Komputer, PJJ Informatika, PJJ Teknik Informatika","Minggu, Sabtu",https://maganghub.kemnaker.go.id/magang-nasional/lowongan/application-development-engineer-developer-a23dfd8c-d50c-4e58-bee2-ec4340c2acaa
18968,Network Engineer,Asa Kreasi Interasia,Kota Tangerang Selatan,2 kuota,,"Ilmu Komputer, PJJ Teknik Telekomunikasi, Teknik Elektro, Ilmu Informatika, PJJ Teknik Informatika","Sabtu, Minggu",https://maganghub.kemnaker.go.id/magang-nasional/lowongan/network-engineer-a23dfad7-5267-4ab4-9a0e-d4b31bcaf22e
18971,Admin,PT. Cahaya Betang Abadi,Kab. Hulu Sungai Utara,2 kuota,,"Ilmu Komputer, Administrasi BIsnis, Pendidikan Ilmu Komputer, Statistik",Minggu,https://maganghub.kemnaker.go.id/magang-nasional/lowongan/admin-a2271115-6d23-4613-af76-d01d755e658a
18973,VMA,PT Matahari Department Store Lippo Plaza Kupang,Kota Kupang,1 kuota,,"Ilmu Komputer, Desain Komunikasi Visual, Manajemen Bisnis, Desain Interior, Desain Grafis",Selasa,https://maganghub.kemnaker.go.id/magang-nasional/lowongan/vma-a243e3e5-f91d-4d66-85f2-dabea2c61e3d
19005,EDP Officer,"PT. Matahari Departement Store., Tbk (Mall Ciputra Cibubur)",Kota Bekasi,1 kuota,,"Informatika, Ilmu Komputer, Sistem Dan Teknologi Informasi, Ilmu Informatika, Teknik Komputer Dan Jaringan",Sabtu,https://maganghub.kemnaker.go.id/magang-nasional/lowongan/edp-officer-a238f662-4b44-4985-a86b-9bf68e4d048d
19007,People Management,PT United Tractors Tbk,Kota Adm. Jakarta Timur,6 kuota,,"Ilmu Komputer, Manajemen Sumber Daya Manusia, Manajemen, Teknik Industri, Psikologi","Sabtu, Minggu",https://maganghub.kemnaker.go.id/magang-nasional/lowongan/people-management-a243b7e9-4beb-4bc8-bd86-3187f2e67f33
19008,Technology & Digitalization,PT United Tractors Tbk,Kota Adm. Jakarta Timur,6 kuota,,"Teknik Informatika, Ilmu Komputer, Sistem Informasi, Teknik Elektro","Sabtu, Minggu",https://maganghub.kemnaker.go.id/magang-nasional/lowongan/technology-&-digitalization-a243b936-9964-41e9-8648-0bbf7ac76f9b
19010,People Management,PT United Tractors Tbk,Kota Adm. Jakarta Timur,6 kuota,,"Ilmu Komputer, Manajemen Sumber Daya Manusia, Manajemen, Teknik Industri, Psikologi","Sabtu, Minggu",https://maganghub.kemnaker.go.id/magang-nasional/lowongan/people-management-a243b7e9-4beb-4bc8-bd86-3187f2e67f33
19064,Geospatial Planning and Development,PT. Bumitama Gunajaya Agro,Kota Adm. Jakarta Selatan,1 kuota,,"Teknik Informatika, Ilmu Komputer, Geografi, Kehutanan, Sistem Informasi","Sabtu, Minggu",https://maganghub.kemnaker.go.id/magang-nasional/lowongan/geospatial-planning-and-development-a2334809-2dfd-42d9-9d64-cc29db509868
19101,Business Analyst Staff,PT. United Steel Center Indonesia,Kab. Karawang,2 kuota,,"Sistem Informasi Bisnis, Ilmu Komputer, Manajemen Bisnis, Statistika Bisnis, Bisnis Digital","Sabtu, Minggu",https://maganghub.kemnaker.go.id/magang-nasional/lowongan/business-analyst-staff-a23e3ae1-1ada-4bd9-82c0-54ea04288764
19125,STAFF IT,PT. Aae Outdoor Indonesia,Kab. Brebes,1 kuota,,"Teknik Informatika, Ilmu Komputer, Sistem informasi, Manajemen Informatika, Teknik Komputer","Sabtu, Minggu",https://maganghub.kemnaker.go.id/magang-nasional/lowongan/staff-it-a2433cde-88f0-4c92-a024-4d18b14c4b12
19176,Website Development & Content Creation,Produksi Film Negara (Persero),Kota Adm. Jakarta Timur,1 kuota,,"Ilmu Komputer, Sistem Informasi, Teknik informatika","Sabtu, Minggu",https://maganghub.kemnaker.go.id/magang-nasional/lowongan/website-development-&-content-creation-a243de93-0308-4698-82d1-b67ef52cdbb7
19204,Information Technology Intern,Jakarta Propertindo Perseroda,Kota Adm. Jakarta Pusat,1 kuota,,"Ilmu Komputer, Ilmu Informatika, Teknik Komputer Dan Jaringan, Teknik Komputer, Teknologi Informatika Multimedia Digital","Sabtu, Minggu",https://maganghub.kemnaker.go.id/magang-nasional/lowongan/information-technology-intern-a243a40a-4af8-42c8-bc53-0bb85c880760
19226,Product Management Intern,"PT. Blue Bird, Tbk",Kota Adm. Jakarta Selatan,2 kuota,,"Teknik Informatika, Ilmu Komputer, Manajemen, Teknik Industri, Bisnis","Minggu, Sabtu",https://maganghub.kemnaker.go.id/magang-nasional/lowongan/product-management-intern-a241be1b-d7cf-40d2-abb6-381c8175991f
19241,New Technology Engineer,PT Bintan Inti Industrial Estate,Kab. Bintan,1 kuota,,"Teknik Informatika, Rekayasa Perangkat Lunak Aplikasi, Ilmu Komputer","Sabtu, Minggu",https://maganghub.kemnaker.go.id/magang-nasional/lowongan/new-technology-engineer-a2370c43-85fd-4aeb-af73-529d553cfa6e
19242,New Technology Engineer,PT Bintan Inti Industrial Estate,Kab. Bintan,1 kuota,,"Teknik Informatika, Rekayasa Perangkat Lunak Aplikasi, Ilmu Komputer","Sabtu, Minggu",https://maganghub.kemnaker.go.id/magang-nasional/lowongan/new-technology-engineer-a2370c43-85fd-4aeb-af73-529d553cfa6e
19254,IT Sistem Developer Intern,PT. Uni-Charm Indonesia Tbk,Kab. Mojokerto,1 kuota,,"Teknik Informatika, Ilmu Komputer, Sistem informasi","Sabtu, Minggu",https://maganghub.kemnaker.go.id/magang-nasional/lowongan/it-sistem-developer-intern-a2416588-f987-4f1d-9194-8c9c64be5902
19275,Backend Developer Officer,Polychem Indonesia,Kota Tangerang,1 kuota,,"Teknik Informatika, Ilmu Komputer, Rekayasa Perangkat Lunak, Sistem Informasi, Teknik Komputer","Sabtu, Minggu",https://maganghub.kemnaker.go.id/magang-nasional/lowongan/backend-developer-officer-a2272065-4951-46f7-a0da-dc7bc44a35fc
19307,System Analyst,Sintesa Persada Teknologi,Kota Bekasi,1 kuota,,"Teknik Informatika, Teknologi Rekayasa Perangkat Lunak, Ilmu Komputer, Sistem Informasi",Minggu,https://maganghub.kemnaker.go.id/magang-nasional/lowongan/system-analyst-a23dd68a-2e85-4943-a6c3-63e0330af228
19364,IT Developer,Pfi Mega Life Insurance,Kota Adm. Jakarta Selatan,1 kuota,,"Teknik Informatika, Teknologi Rekayasa Perangkat Lunak, Ilmu Komputer, Sistem Informasi, Teknik Komputer Dan Jaringan","Sabtu, Minggu",https://maganghub.kemnaker.go.id/magang-nasional/lowongan/it-developer-a23f0415-560b-4da5-9bb5-9ddfaffcd079
19378,Customer Experience,Pfi Mega Life Insurance,Kota Adm. Jakarta Selatan,1 kuota,,"Ilmu Komputer, Komunikasi, Manajemen, Sistem Informasi, Ilmu Hukum","Sabtu, Minggu",https://maganghub.kemnaker.go.id/magang-nasional/lowongan/customer-experience-a23ef1a3-5071-4cae-b271-ab6c9a1236dc
19381,HR Generalist,Pfi Mega Life Insurance,Kota Adm. Jakarta Selatan,1 kuota,,"Ilmu Komputer, Manajemen, Teknik Industri, Psikologi, Statistik","Sabtu, Minggu",https://maganghub.kemnaker.go.id/magang-nasional/lowongan/hr-generalist-a23ef4ec-7624-4cf6-9ffc-d987488e6f9e
19388,IT Developer,Sinergi Wahana Gemilang,Kota Adm. Jakarta Selatan,1 kuota,,"Teknik Informatika, Ilmu Komputer, Sistem informasi, Teknik Komputer","Sabtu, Minggu",https://maganghub.kemnaker.go.id/magang-nasional/lowongan/it-developer-a23f42cb-89db-44f0-8fcb-99b860ec02fd
19420,IT Support,Perusahaan Perseroan (Persero) PT Asabri,Kota Adm. Jakarta Timur,1 kuota,,"Teknik Informatika, Teknologi Informasi, Ilmu Komputer, Sistem Informasi, Teknik Komputer","Sabtu, Minggu",https://maganghub.kemnaker.go.id/magang-nasional/lowongan/it-support-a243907b-d85e-4336-b2ab-2ea030d621e0
19428,IT Support,Perusahaan Perseroan (Persero) PT Asabri,Kota Adm. Jakarta Timur,1 kuota,,"Teknik Informatika, Teknologi Informasi, Ilmu Komputer, Sistem Informasi, Teknik Komputer","Sabtu, Minggu",https://maganghub.kemnaker.go.id/magang-nasional/lowongan/it-support-a243907b-d85e-4336-b2ab-2ea030d621e0
19453,"Property, Engineering & Miscellaneous Claim Internship",Perusahaan Perseroan (Persero) PT Asuransi Jasa Indonesia,Kota Adm. Jakarta Pusat,1 kuota,,"Teknik Informatika, Ilmu Komputer, Ilmu Pertanian, Mekanisasi Pertanian","Sabtu, Minggu","https://maganghub.kemnaker.go.id/magang-nasional/lowongan/property,-engineering-&-miscellaneous-claim-internship-a2439aa4-fe33-42df-8a76-1f3ca49d083b"
19463,"Property, Engineering & Miscellaneous Claim Internship",Perusahaan Perseroan (Persero) PT Asuransi Jasa Indonesia,Kota Adm. Jakarta Pusat,1 kuota,,"Teknik Informatika, Ilmu Komputer, Ilmu Pertanian, Mekanisasi Pertanian","Sabtu, Minggu","https://maganghub.kemnaker.go.id/magang-nasional/lowongan/property,-engineering-&-miscellaneous-claim-internship-a2439aa4-fe33-42df-8a76-1f3ca49d083b"
19473,MARKETING KOMUNIKASI,Anjungan Buana Wisata,Kota Jambi,2 kuota,,"Ilmu Komputer, Pendidikan Ilmu Komputer, Manajemen Operasi Bisnis Digital, Manajemen Informatika, Manajemen Pemasaran",Jumat,https://maganghub.kemnaker.go.id/magang-nasional/lowongan/marketing-komunikasi-a2357291-4c28-4f4f-bff1-7c924d45d4fa
19553,IT Intern,Indovickers Furnitama,Kab. Bogor,1 kuota,,"Teknologi Informasi, Ilmu Komputer, Teknik informatika, Pendidikan Teknologi Informasi dan Komunikasi, Pendidikan Teknologi Informatika dan Komputer","Sabtu, Minggu",https://maganghub.kemnaker.go.id/magang-nasional/lowongan/it-intern-a23d9432-cb8a-4c92-b950-0368a02a38ec
19600,Quality Assurance CRM Intern,Indo Trans Teknologi,Kota Adm. Jakarta Selatan,1 kuota,,"Informatika, Ilmu Komputer, sistem informasi","Sabtu, Minggu",https://maganghub.kemnaker.go.id/magang-nasional/lowongan/quality-assurance-crm-intern-a236fc78-81d8-487c-9d43-331d7d7e1476
19687,Employee Support Intern - Operations,Perusahaan Perseroan (Persero) PT. Bank Mandiri,Kota Adm. Jakarta Pusat,3 kuota,,"Sains Data, Ilmu Komputer, Sistem Informasi, Statistika, Matematika","Sabtu, Minggu",https://maganghub.kemnaker.go.id/magang-nasional/lowongan/employee-support-intern---operations-a2415b0a-d0b1-4cab-a9de-19fe59a27ca4
19691,Remittance Data Management Intern - Cash & Trade Operations,Perusahaan Perseroan (Persero) PT. Bank Mandiri,Kota Adm. Jakarta Pusat,6 kuota,,"Teknik Informatika, Sains Data, Ilmu Komputer, Manajemen, Sistem Informasi","Sabtu, Minggu",https://maganghub.kemnaker.go.id/magang-nasional/lowongan/remittance-data-management-intern---cash-&-trade-operations-a2415a24-6119-4124-9c4f-3e81e2a9249f
19692,Remittance Data Management Intern - Cash & Trade Operations,Perusahaan Perseroan (Persero) PT. Bank Mandiri,Kota Adm. Jakarta Pusat,6 kuota,,"Teknik Informatika, Sains Data, Ilmu Komputer, Manajemen, Sistem Informasi","Sabtu, Minggu",https://maganghub.kemnaker.go.id/magang-nasional/lowongan/remittance-data-management-intern---cash-&-trade-operations-a2415a24-6119-4124-9c4f-3e81e2a9249f
19697,IT Application Delivery Intern - Information Technology,Perusahaan Perseroan (Persero) PT. Bank Mandiri,Kota Adm. Jakarta Barat,5 kuota,,"Teknik Informatika, Teknologi Informasi, Ilmu Komputer, Sistem Informasi, Teknik Komputer","Sabtu, Minggu",https://maganghub.kemnaker.go.id/magang-nasional/lowongan/it-application-delivery-intern---information-technology-a24155de-ae33-478d-aa3a-89d31f32b8f7
19705,Digital Wholesale Banking Intern - Information Technology,Perusahaan Perseroan (Persero) PT. Bank Mandiri,Kota Adm. Jakarta Barat,2 kuota,,"Teknik Informatika, Teknologi Informasi, Ilmu Komputer, Sistem Informasi, Teknik Komputer","Sabtu, Minggu",https://maganghub.kemnaker.go.id/magang-nasional/lowongan/digital-wholesale-banking-intern---information-technology-a24156e2-7b9a-4951-b71a-f4c093df92c6
19732,IT deveper staff,PT Trans Retail Indonesia,Kota Adm. Jakarta Pusat,5 kuota,,"Teknik Informatika, Ilmu Komputer, Sistem Dan Teknologi Informasi, Ilmu Informatika","Sabtu, Minggu",https://maganghub.kemnaker.go.id/magang-nasional/lowongan/it-deveper-staff-a22b2a82-7d30-488b-87dd-63c7e24f40a8
19762,Engineer,PT Transportasi Jakarta,Kota Adm. Jakarta Timur,8 kuota,,"Teknik Informatika, Teknologi Informasi, Ilmu Komputer, Rekayasa Perangkat Lunak, Sistem Informasi","Sabtu, Minggu",https://maganghub.kemnaker.go.id/magang-nasional/lowongan/engineer-a2436b7a-16d3-4155-99ab-aaed01240f28
19764,Engineer,PT Transportasi Jakarta,Kota Adm. Jakarta Timur,8 kuota,,"Teknik Informatika, Teknologi Informasi, Ilmu Komputer, Rekayasa Perangkat Lunak, Sistem Informasi","Sabtu, Minggu",https://maganghub.kemnaker.go.id/magang-nasional/lowongan/engineer-a2436b7a-16d3-4155-99ab-aaed01240f28
19773,Quality Assurance IT,PT Transportasi Jakarta,Kota Adm. Jakarta Timur,8 kuota,,"Teknik Informatika, Teknologi Informasi, Ilmu Komputer, Sistem Informasi","Sabtu, Minggu",https://maganghub.kemnaker.go.id/magang-nasional/lowongan/quality-assurance-it-a241fecd-f4b2-4327-8811-a9ef1e39bbfc
19776,Manajemen Proyek Teknologi Informasi,PT Transportasi Jakarta,Kota Adm. Jakarta Timur,2 kuota,,"Teknik Informatika, Teknologi Informasi, Ilmu Komputer, Sistem Informasi","Sabtu, Minggu",https://maganghub.kemnaker.go.id/magang-nasional/lowongan/manajemen-proyek-teknologi-informasi-a241fc12-311d-4ea9-bfb0-6986063c7d6e
19835,Staf Peneliti Internasional,Perusahaan Perseroan (Persero) PT Biro Klasifikasi Indonesia,Kota Adm. Jakarta Utara,3 kuota,,"Ilmu Komputer, Keamanan Sistem Informasi, Teknik Perkapalan, Statistika dan Sains Data, Teknik Kelautan","Minggu, Sabtu",https://maganghub.kemnaker.go.id/magang-nasional/lowongan/staf-peneliti-internasional-a2333edd-c01c-4b1b-a693-a451a32a4322
19841,Staf IT,Perusahaan Perseroan (Persero) PT Biro Klasifikasi Indonesia,Kota Adm. Jakarta Utara,3 kuota,,"Teknik Informatika, Ilmu Komputer, Sistem Informasi, Sistem Informasi","Sabtu, Minggu",https://maganghub.kemnaker.go.id/magang-nasional/lowongan/staf-it-a2332e6b-d211-4fdb-a8f7-25da5864f2e9
19882,Tactical Datalink - Software Quality Assurance Supporting,Perusahaan Perseroan (Persero) PT. Len Industri,Kota Bandung,1 kuota,,"Teknik Informatika, Informatika, Ilmu Komputer, Rekayasa Perangkat Lunak, Sistem Komputer","Sabtu, Minggu",https://maganghub.kemnaker.go.id/magang-nasional/lowongan/tactical-datalink---software-quality-assurance-supporting-a2410970-a7ad-41fa-81a2-dc100c496b39
19886,Combat Management System - System Analyst Supporting,Perusahaan Perseroan (Persero) PT. Len Industri,Kota Bandung,1 kuota,,"Ilmu Komputer, Teknik Fisika, Teknik informatika, Teknik Elektro, Teknik Telekomunikasi","Sabtu, Minggu",https://maganghub.kemnaker.go.id/magang-nasional/lowongan/combat-management-system---system-analyst-supporting-a240f76e-04ec-414e-8357-d9ff4379d417
19891,Combat Management System - Technical Writer Software Supporting,Perusahaan Perseroan (Persero) PT. Len Industri,Kota Bandung,1 kuota,,"Teknik Informatika, Ilmu Komputer, Rekayasa Perangkat Lunak, Sistem informasi, Pendidikan Teknik Informatika","Sabtu, Minggu",https://maganghub.kemnaker.go.id/magang-nasional/lowongan/combat-management-system---technical-writer-software-supporting-a240fa81-ebad-47c2-a7d8-00f8d166bef5
19892,Tactical Datalink - Software Quality Assurance Supporting,Perusahaan Perseroan (Persero) PT. Len Industri,Kota Bandung,1 kuota,,"Teknik Informatika, Informatika, Ilmu Komputer, Rekayasa Perangkat Lunak, Sistem Komputer","Sabtu, Minggu",https://maganghub.kemnaker.go.id/magang-nasional/lowongan/tactical-datalink---software-quality-assurance-supporting-a2410970-a7ad-41fa-81a2-dc100c496b39
19893,Command & Control - Technical Writer Supporting,Perusahaan Perseroan (Persero) PT. Len Industri,Kota Bandung,2 kuota,,"Teknik Informatika, Informatika, Ilmu Komputer, Sistem Informasi, Teknik Komputer","Sabtu, Minggu",https://maganghub.kemnaker.go.id/magang-nasional/lowongan/command-&-control---technical-writer-supporting-a240ef22-9032-41a2-8ac9-9de180968bc0
19895,Full Stack Engineer Supporting,Perusahaan Perseroan (Persero) PT. Len Industri,Kota Bandung,1 kuota,,"Teknik Informatika, Ilmu Komputer, Rekayasa Perangkat Lunak, Sistem Informasi, Manajemen Informatika","Sabtu, Minggu",https://maganghub.kemnaker.go.id/magang-nasional/lowongan/full-stack-engineer-supporting-a23fe0f5-9d66-48f8-b30e-d2db9402c5b8
19906,Data Sains Supporting,Perusahaan Perseroan (Persero) PT. Len Industri,Kota Bandung,1 kuota,,"Ilmu Komputer, Statistik, Sistem Informasi, Administrasi Bisnis, Matematika","Sabtu, Minggu",https://maganghub.kemnaker.go.id/magang-nasional/lowongan/data-sains-supporting-a24002f5-fe86-4d33-8a28-2df63ff74b16
19912,Full Stack Engineer Supporting,Perusahaan Perseroan (Persero) PT. Len Industri,Kota Bandung,1 kuota,,"Teknik Informatika, Ilmu Komputer, Rekayasa Perangkat Lunak, Sistem Informasi, Manajemen Informatika","Sabtu, Minggu",https://maganghub.kemnaker.go.id/magang-nasional/lowongan/full-stack-engineer-supporting-a23fe0f5-9d66-48f8-b30e-d2db9402c5b8
19916,AI Research Program Management Supporting,Perusahaan Perseroan (Persero) PT. Len Industri,Kota Bandung,1 kuota,,"Teknik Informatika, Ilmu Komputer, Sistem Informasi, Teknik Elektro, Teknik Telekomunikasi","Sabtu, Minggu",https://maganghub.kemnaker.go.id/magang-nasional/lowongan/ai-research-program-management-supporting-a23fc27c-7be2-4bf3-8f6b-b054277dddab
19917,Backend Developer Supporting,Perusahaan Perseroan (Persero) PT. Len Industri,Kota Bandung,1 kuota,,"Teknik Informatika, Ilmu Komputer, Sistem Informasi, Teknik Komputer, Matematika","Sabtu, Minggu",https://maganghub.kemnaker.go.id/magang-nasional/lowongan/backend-developer-supporting-a23fbb74-4f4d-4591-b445-bb4cbc312443
19918,Frontend Developer Supporting,Perusahaan Perseroan (Persero) PT. Len Industri,Kota Bandung,1 kuota,,"Teknik Informatika, Ilmu Komputer, Sistem Informasi, Desain Komunikasi Visual, Teknik Komputer","Sabtu, Minggu",https://maganghub.kemnaker.go.id/magang-nasional/lowongan/frontend-developer-supporting-a23fc08b-2949-43f6-bab3-33d9a0768753
19919,Presales Engineer Cyber Security Supporting,Perusahaan Perseroan (Persero) PT. Len Industri,Kota Bandung,2 kuota,,"Teknik Informatika, Teknologi Informasi, Ilmu Komputer, Rekayasa Keamanan Siber, Teknik Komputer","Sabtu, Minggu",https://maganghub.kemnaker.go.id/magang-nasional/lowongan/presales-engineer-cyber-security-supporting-a23fd501-9185-4f21-a915-4f5ea33b915c
19941,Application Analyst,Perusahaan Perseroan (Persero) PT. Pelayaran Nasional Indonesia,Kota Adm. Jakarta Pusat,1 kuota,,"Teknologi Rekayasa Perangkat Lunak, Teknologi Informasi, Ilmu Komputer, Sistem Informasi, Sistem Informasi","Sabtu, Minggu",https://maganghub.kemnaker.go.id/magang-nasional/lowongan/application-analyst-a2434ce3-272f-4e3b-9efb-d9b56832b779
19946,Application Analyst,Perusahaan Perseroan (Persero) PT. Pelayaran Nasional Indonesia,Kota Adm. Jakarta Pusat,1 kuota,,"Teknologi Rekayasa Perangkat Lunak, Teknologi Informasi, Ilmu Komputer, Sistem Informasi, Sistem Informasi","Sabtu, Minggu",https://maganghub.kemnaker.go.id/magang-nasional/lowongan/application-analyst-a2434ce3-272f-4e3b-9efb-d9b56832b779
19977,HR Information System (HRIS) Intern,Perusahaan Perseroan (Persero) PT Perkebunan Nusantara I,Kota Adm. Jakarta Selatan,1 kuota,,"Teknik Informatika, Ilmu Komputer, Rekayasa Perangkat Lunak, Sistem Informasi","Sabtu, Minggu",https://maganghub.kemnaker.go.id/magang-nasional/lowongan/hr-information-system-hris-intern-a242f5a9-31a2-4acb-8404-ad1516c04dce
19987,FULL STACK SOFTWARE ENGINEER (WEB),Indo Hr,Kota Adm. Jakarta Selatan,1 kuota,,"Teknik Informatika, Teknologi Rekayasa Perangkat Lunak, Ilmu Komputer, Sistem Informasi","Sabtu, Minggu",https://maganghub.kemnaker.go.id/magang-nasional/lowongan/full-stack-software-engineer-web-a23152ac-0d66-4dc8-8e8e-3462c4ea5d4f
19990,MOBILE APPLICATION DEVELOPER,Indo Hr,Kota Adm. Jakarta Selatan,1 kuota,,"Teknik Informatika, Teknologi Rekayasa Perangkat Lunak, Ilmu Komputer, Sistem informasi","Sabtu, Minggu",https://maganghub.kemnaker.go.id/magang-nasional/lowongan/mobile-application-developer-a2315447-0d13-4b21-923e-4b4aabd51013
20004,Indirect Distribution Development Intern,PT.sinarniaga Sejahtera,Kota Banjarbaru,1 kuota,,"Ilmu Komputer, Sistem Informasi, Statistika, Matematika",Minggu,https://maganghub.kemnaker.go.id/magang-nasional/lowongan/indirect-distribution-development-intern-a240ea32-8c0c-4d3d-a453-96ff5f0224be
20011,IT Developer Intern,Perusahaan Perseroan (Persero) PT Sarinah,Kota Adm. Jakarta Pusat,1 kuota,,"Teknik Informatika, Sistem Informasi Bisnis, Ilmu Komputer, Rekayasa Perangkat Lunak, Sistem Informasi","Sabtu, Minggu",https://maganghub.kemnaker.go.id/magang-nasional/lowongan/it-developer-intern-a2354dd7-ba83-4679-b200-1f8060e397aa
20033,Data Analyst Coal Intern - DBSCM,Perusahaan Perseroan (Persero) PT Surveyor Indonesia,Kota Adm. Jakarta Selatan,1 kuota,,"Informatika, Sains Data, Ilmu Komputer, Sistem Informasi, Statistika","Sabtu, Minggu",https://maganghub.kemnaker.go.id/magang-nasional/lowongan/data-analyst-coal-intern---dbscm-a243716b-4f43-4318-a5e5-63dd68bdf3eb
20044,Quality Assurance (QA) Intern - DTI,Perusahaan Perseroan (Persero) PT Surveyor Indonesia,Kota Adm. Jakarta Selatan,1 kuota,,"Teknik Informatika, Ilmu Komputer, Sistem Informasi","Sabtu, Minggu",https://maganghub.kemnaker.go.id/magang-nasional/lowongan/quality-assurance-qa-intern---dti-a2419998-97a1-4a84-ab38-ecbb5cdbeef8
20046,Information System Development Intern - DBSSNE,Perusahaan Perseroan (Persero) PT Surveyor Indonesia,Kota Adm. Jakarta Selatan,2 kuota,,"Teknik Informatika, Sains Data, Ilmu Komputer, Sistem Informasi, Manajemen Informatika","Sabtu, Minggu",https://maganghub.kemnaker.go.id/magang-nasional/lowongan/information-system-development-intern---dbssne-a2419cc3-c97c-412c-8e84-b94154bf3843
20068,Developer - TREG V,Perusahaan Perseroan (Persero) PT. Telekomunikasi Indonesia,Kota Makassar,1 kuota,,"Teknik Informatika, Ilmu Komputer, Sistem Informasi","Minggu, Sabtu",https://maganghub.kemnaker.go.id/magang-nasional/lowongan/developer---treg-v-a2435581-cf32-49e5-9f1f-f83cead6186b
20070,Developer - TREG V,Perusahaan Perseroan (Persero) PT. Telekomunikasi Indonesia,Kota Makassar,1 kuota,,"Teknik Informatika, Ilmu Komputer, Sistem Informasi","Minggu, Sabtu",https://maganghub.kemnaker.go.id/magang-nasional/lowongan/developer---treg-v-a2435581-cf32-49e5-9f1f-f83cead6186b
20072,Data Scientist - EBIS,Perusahaan Perseroan (Persero) PT. Telekomunikasi Indonesia,Kota Adm. Jakarta Selatan,1 kuota,,"Teknik Informatika, Ilmu Komputer, Sistem Informasi","Sabtu, Minggu",https://maganghub.kemnaker.go.id/magang-nasional/lowongan/data-scientist---ebis-a2418ed8-6df5-427a-b2d4-cb418a9b684f
20091,Data Scientist - DDP,Perusahaan Perseroan (Persero) PT. Telekomunikasi Indonesia,Kota Adm. Jakarta Selatan,1 kuota,,"Teknik Informatika, Ilmu Komputer, Sistem Informasi","Minggu, Sabtu",https://maganghub.kemnaker.go.id/magang-nasional/lowongan/data-scientist---ddp-a2413c49-8d11-430a-8b14-78bf6c1a810d
20093,Front-end Developer - DDP,Perusahaan Perseroan (Persero) PT. Telekomunikasi Indonesia,Kota Adm. Jakarta Selatan,1 kuota,,"Ilmu Komputer, Sistem Informasi","Minggu, Sabtu",https://maganghub.kemnaker.go.id/magang-nasional/lowongan/front-end-developer---ddp-a241420c-032f-4e27-b80c-a35d0f5e37f3
20123,Junior Programmer,PT. Benih Citra Asia,Kab. Jember,1 kuota,,"Teknik Informatika, Ilmu Komputer, Sistem informasi, Matematika",Minggu,https://maganghub.kemnaker.go.id/magang-nasional/lowongan/junior-programmer-a2377547-605b-47ef-99bb-2fced556e2fa
20131,Admin HC3,Indako Trading Coy,Kota Medan,5 kuota,,"Ilmu Komputer, Manajemen, Teknik informatika, Ilmu Komunikasi, Matematika","Sabtu, Minggu",https://maganghub.kemnaker.go.id/magang-nasional/lowongan/admin-hc3-a240d508-4b11-49fb-b104-0591c6ff5a4f
20135,Graphic Designer,Indako Trading Coy,Kota Medan,4 kuota,,"Teknologi Informasi, Ilmu Komputer, Ilmu Komunikasi, Desain Komunikasi Visual, Desain Media","Sabtu, Minggu",https://maganghub.kemnaker.go.id/magang-nasional/lowongan/graphic-designer-a23f047c-781a-4f7b-8504-85f952a1b2df
20231,Administrasi Sales,Perusahaan Perseroan (Persero) Bank Negara Indonesia,Kab. Indragiri Hulu,6 kuota,,"Ilmu Komputer, Manajemen, Administrasi, Akuntansi, Hukum","Sabtu, Minggu",https://maganghub.kemnaker.go.id/magang-nasional/lowongan/administrasi-sales-a243c32e-9034-4b5f-a4a4-2c0385462d55
20250,humas,PT Thamrin Sinar Surya,Kota Medan,5 kuota,,"Ilmu Komputer, Ilmu Komunikasi, Hubungan Masyarakat Dan Komunikasi Digital",Minggu,https://maganghub.kemnaker.go.id/magang-nasional/lowongan/humas-a2416970-3558-49c5-b9ae-b3b848b85bad
20263,Informasi Teknologi (IT) Intern,Perusahaan Bongkar Muat Sarana Bandar Nasional,Kota Adm. Jakarta Pusat,1 kuota,,"Teknik Informatika, Ilmu Komputer, Sistem Informasi, Teknik Komputer Dan Jaringan, Pendidikan Teknik Informatika dan Komputer","Sabtu, Minggu",https://maganghub.kemnaker.go.id/magang-nasional/lowongan/informasi-teknologi-it-intern-a24182df-f12a-4468-917c-78f631803407
20272,IT Intern,PT Lg Electronics Indonesia Tangerang,Kab. Tangerang,1 kuota,,"Teknik Informatika, Ilmu Komputer, Sistem Informasi, Teknik Telekomunikasi","Sabtu, Minggu",https://maganghub.kemnaker.go.id/magang-nasional/lowongan/it-intern-a23f8c6a-dab5-485a-ba9c-e8bc0f519ee5
20290,IT Staff,Simex Pharmaceutical Indonesia,Kab. Sukabumi,5 kuota,,"Teknologi Informasi, Ilmu Komputer, Sistem Informasi, Administrasi Jaringan Komputer, Teknik Komputer dan Jaringan","Minggu, Sabtu",https://maganghub.kemnaker.go.id/magang-nasional/lowongan/it-staff-a224decc-2570-444d-a570-77d72fbce11f
20292,IT Officer,Icon Menara Samudera,Kota Adm. Jakarta Pusat,1 kuota,,"Teknik Informatika, Ilmu Komputer, Sistem Informasi, Ilmu Informatika, Teknik Komputer Dan Jaringan","Sabtu, Minggu",https://maganghub.kemnaker.go.id/magang-nasional/lowongan/it-officer-a236f361-93a8-4787-9cbe-5ff002da5d78
20329,Departemen Perencanaan dan Arsitektur Teknologi Informasi 2,Perum Percetakan Uang Ri,Kab. Karawang,1 kuota,,"Teknik Informatika, Ilmu Komputer, Sistem Informasi, Manajemen Informatika","Sabtu, Minggu",https://maganghub.kemnaker.go.id/magang-nasional/lowongan/departemen-perencanaan-dan-arsitektur-teknologi-informasi-2-a241b4e7-4465-4dbf-ac18-b4391729eeec
20333,Seksi Operation Security,Perum Percetakan Uang Ri,Kab. Karawang,2 kuota,,"Teknik Informatika, Ilmu Komputer, Sistem Informasi","Sabtu, Minggu",https://maganghub.kemnaker.go.id/magang-nasional/lowongan/seksi-operation-security-a241abe9-ddcd-43e7-94d4-3f9da1034f24
20364,Hardware Support IT,Hyundai Mobil Indonesia,Kota Adm. Jakarta Selatan,1 kuota,,"Ilmu Komputer, Teknik informatika, Teknik Komputer Dan Jaringan, Teknik Komputer","Sabtu, Minggu",https://maganghub.kemnaker.go.id/magang-nasional/lowongan/hardware-support-it-a2418f7d-5229-4194-b741-f2fa76f20bb9
20422,Digital Transformation Intern,Pertamina Geothermal Energy,Kota Adm. Jakarta Pusat,1 kuota,,"Teknik Informatika, Ilmu Komputer, Teknik Industri, Sistem informasi","Sabtu, Minggu",https://maganghub.kemnaker.go.id/magang-nasional/lowongan/digital-transformation-intern-a22b645f-f40a-4076-afc1-5d6091f58eec
20495,Fullstack Web Developer - HRIS,PT Televisi Transformasi Indonesia,Kota Adm. Jakarta Selatan,1 kuota,,"Teknik Informatika, Pendidikan Ilmu Komputer, Sistem Informasi, Sistem Informasi","Sabtu, Minggu",https://maganghub.kemnaker.go.id/magang-nasional/lowongan/fullstack-web-developer---hris-a243cec2-6cd6-4c62-8c5c-0f273586a682
20498,Mobile Developer - React Native,PT Televisi Transformasi Indonesia,Kota Adm. Jakarta Selatan,1 kuota,,"Teknik Informatika, Ilmu Komputer, Sistem Informasi, Sistem Informasi","Sabtu, Minggu",https://maganghub.kemnaker.go.id/magang-nasional/lowongan/mobile-developer---react-native-a243cfc6-2834-4c9c-958f-76c707cc6808
20558,Sahid Group - IT Helpdesk & Support,Hotel Sahid Jaya International,Kota Adm. Jakarta Pusat,1 kuota,,"Teknik Informatika, Ilmu Komputer, Sistem Informasi, Manajemen Informatika, Teknik Komputer","Sabtu, Minggu",https://maganghub.kemnaker.go.id/magang-nasional/lowongan/sahid-group---it-helpdesk-&-support-a2410505-23b4-4311-a0d4-102c092d66d0
20577,IT,PT Legian Paradise (The One Legian),Kab. Badung,1 kuota,,"Ilmu Komputer, Administrasi Server dan Jaringan Komputer, Manajemen lnformatika, Ilmu Informatika, Manajemen Informatika","Sabtu, Minggu",https://maganghub.kemnaker.go.id/magang-nasional/lowongan/it-a23173f4-ed8e-4da4-a01d-2303b8d2a924
20622,Officer Programmer,Perkebunan Nusantara Iv,Kota Medan,4 kuota,,"Teknik Informatika, Teknologi Informasi, Ilmu Komputer, Sistem Informasi","Sabtu, Minggu",https://maganghub.kemnaker.go.id/magang-nasional/lowongan/officer-programmer-a2417b2c-1323-45d2-b26b-ebfc2ada901b
20661,Officer Data dan Kesekretariatan,Perkebunan Nusantara Iv,Kota Medan,4 kuota,,"Ilmu Komputer, Administrasi Publik, Desain Komunikasi Visual, Desain Media, Kesekretariatan","Minggu, Sabtu",https://maganghub.kemnaker.go.id/magang-nasional/lowongan/officer-data-dan-kesekretariatan-a2415e62-2575-44fa-beb5-c134a41b42ee
20748,Information Technology,Hotel Indonesia Natour,Kota Adm. Jakarta Pusat,1 kuota,,"Teknik Informatika, Informatika, Ilmu Komputer, Sistem Komputer, Teknik Komputer","Sabtu, Minggu",https://maganghub.kemnaker.go.id/magang-nasional/lowongan/information-technology-a235a398-893f-4bcb-a7af-881849194061
20822,IT Support,Sewu Segar Nusantara,Kab. Tangerang,2 kuota,,"Teknik Informatika, Informatika, Ilmu Komputer, Sistem Komputer, Sistem Informasi","Sabtu, Minggu",https://maganghub.kemnaker.go.id/magang-nasional/lowongan/it-support-a2410845-56a9-48ed-935c-a9bae49b7704
20891,Enterprise Architecture Implementer,Perhutani,Kota Adm. Jakarta Selatan,1 kuota,Enterprise Architecture Implementer,"Teknik Informatika, Teknologi Informasi, Ilmu Komputer, Sistem informasi","Sabtu, Minggu",https://maganghub.kemnaker.go.id/magang-nasional/lowongan/enterprise-architecture-implementer-a2411090-c4d2-4d37-bc03-2356d98e1a8b
20893,Pengujian Kualitas Aplikasi,Perhutani,Kota Adm. Jakarta Selatan,1 kuota,,"Teknik Informatika, Teknologi Informasi, Ilmu Komputer, Sistem informasi","Sabtu, Minggu",https://maganghub.kemnaker.go.id/magang-nasional/lowongan/pengujian-kualitas-aplikasi-a2410ea5-766d-472b-934f-aed2637baff9
20897,Penyusunan Dokumen Teknis Operasional IT dan Implementasi Tools Keamanan Data Center,Perhutani,Kota Adm. Jakarta Selatan,2 kuota,,"Teknik Informatika, Teknologi Informasi, Ilmu Komputer, Sistem informasi","Sabtu, Minggu",https://maganghub.kemnaker.go.id/magang-nasional/lowongan/penyusunan-dokumen-teknis-operasional-it-dan-implementasi-tools-keamanan-data-center-a2410424-df2b-40fe-a76f-304ec332675f
20899,Pengembangan Aplikasi TITAN,Perhutani,Kota Adm. Jakarta Selatan,1 kuota,,"Teknik Informatika, Teknologi Informasi, Ilmu Komputer, Sistem informasi","Sabtu, Minggu",https://maganghub.kemnaker.go.id/magang-nasional/lowongan/pengembangan-aplikasi-titan-a241161b-cdd4-4fb6-b9b8-ce947b61008a
20904,Penyusunan dan Pengembangan User Interface dan User Experience (UI/UX) Aplikasi Perhutani,Perhutani,Kota Adm. Jakarta Selatan,1 kuota,,"Teknik Informatika, Multimedia, Ilmu Komputer, Desain Komunikasi Visual, Sistem informasi","Sabtu, Minggu",https://maganghub.kemnaker.go.id/magang-nasional/lowongan/penyusunan-dan-pengembangan-user-interface-dan-user-experience-uiux-aplikasi-perhutani-a2411884-5935-4544-9358-08ec086d1056
20929,Bidang Digitalisasi dan Teknologi Informasi,Air Minum Danum Taka,Kab. Penajam Paser Utara,1 kuota,,"Teknik Informatika, Ilmu Komputer, Sistem Informasi, Teknik Elektro, Teknik Komputer","Sabtu, Minggu",https://maganghub.kemnaker.go.id/magang-nasional/lowongan/bidang-digitalisasi-dan-teknologi-informasi-a2400182-f91c-4378-970f-0a62632d7529
20941,Fullstack Developer,Sentral Fintek Indonesia,Kota Malang,1 kuota,,"Teknologi Informasi, Sistem Informasi Bisnis, Ilmu Komputer, Sistem Informasi","Sabtu, Minggu",https://maganghub.kemnaker.go.id/magang-nasional/lowongan/fullstack-developer-a239d159-8fad-4336-921e-4f5a086b6678
20958,Web Developer & Multimedia Support,Herbatech Innopharma Industry,Kab. Purbalingga,1 kuota,,"Teknik Informatika, Informatika, Ilmu Komputer","Sabtu, Minggu",https://maganghub.kemnaker.go.id/magang-nasional/lowongan/web-developer-&-multimedia-support-a236e4e0-dd0d-4cbb-87da-6c59903f7266
20964,Brilian Internship Assistant Program,PT. Bank Rakyat Indonesia (Persero) Tbk Kantor Wilayah Palembang,Kota Palembang,26 kuota,,"Ilmu Komputer, Teknika, Psikologi, Ekonomi, Hukum","Sabtu, Minggu",https://maganghub.kemnaker.go.id/magang-nasional/lowongan/brilian-internship-assistant-program-a2434e90-8c38-4f7b-b9f8-c9d5ffc83876
20987,HR Sistem & Database,Herba Emas Wahidatama,Kab. Purbalingga,2 kuota,,"Teknik Informatika, Ilmu Komputer, Rekayasa Perangkat Lunak, Sistem Informasi","Minggu, Sabtu",https://maganghub.kemnaker.go.id/magang-nasional/lowongan/hr-sistem-&-database-a2355f51-7dee-4b8b-bcf1-49eef49d3639
21068,Tenaga Administrasi - Casemix Department,PT. Krisolis Jaya Mandiri (Rsu. Siloam Kupang),Kota Kupang,1 kuota,,"Ilmu Komputer, Administrasi","Sabtu, Minggu",https://maganghub.kemnaker.go.id/magang-nasional/lowongan/tenaga-administrasi---casemix-department-a2395992-3a58-45bd-a595-073a030d7199
21080,Project Manager,Haystudio Technology Solutions,Kab. Sleman,1 kuota,,"Informatika, Ilmu Komputer, Manajemen, Sistem Informasi, Teknik informatika",Minggu,https://maganghub.kemnaker.go.id/magang-nasional/lowongan/project-manager-a228a331-18ce-4dcd-9cb7-c6c140d90e1d
21103,Brilian Internship Assistant IT Directorate,PT Bank Rakyat Indonesia (Persero) Tbk,Kota Adm. Jakarta Pusat,96 kuota,,"Teknik Informatika, Ilmu Komputer, Sistem Informasi, Teknik Elektro, Ilmu Hukum","Sabtu, Minggu",https://maganghub.kemnaker.go.id/magang-nasional/lowongan/brilian-internship-assistant-it-directorate-a23970ae-2c5c-48e5-992c-2d6a6b089df5
21140,Digital Support Staff,PT Bank Negara Indonesia (Persero) Tbk,Kota Yogyakarta,4 kuota,,"Teknik Multimedia Digital, Ilmu Komputer, Manajemen, Administrasi Bisnis, Teknik Informatika Multimedia","Sabtu, Minggu",https://maganghub.kemnaker.go.id/magang-nasional/lowongan/digital-support-staff-a2436446-d5f0-4c80-a622-fca8e72ff457
21153,Digital Support Staff,PT Bank Negara Indonesia (Persero) Tbk,Kota Yogyakarta,4 kuota,,"Teknik Multimedia Digital, Ilmu Komputer, Manajemen, Administrasi Bisnis, Teknik Informatika Multimedia","Sabtu, Minggu",https://maganghub.kemnaker.go.id/magang-nasional/lowongan/digital-support-staff-a2436446-d5f0-4c80-a622-fca8e72ff457
21190,Database Administrator Intern,PT. Agung Automall,Kota Adm. Jakarta Pusat,1 kuota,,"Teknik Informatika, Ilmu Komputer, Sistem Informasi","Sabtu, Minggu",https://maganghub.kemnaker.go.id/magang-nasional/lowongan/database-administrator-intern-a23ed08b-c213-4d95-bff1-407556c1e2e8
21195,Data Analyst,PT Kompas Cyber Media,Kota Adm. Jakarta Pusat,1 kuota,,"Teknik Industri, Ilmu Komputer, Pendidikan Teknik Informatika & Komputer","Sabtu, Minggu",https://maganghub.kemnaker.go.id/magang-nasional/lowongan/data-analyst-a243b649-11bc-4bc5-9a3c-a0f5acb8aff6
21240,IT Hardware Support (MIS Dept.),PT Sumi Rubber Indonesia ( Pabrik),Kab. Karawang,2 kuota,,"Ilmu Komputer, Teknik Komputer Dan Jaringan","Sabtu, Minggu",https://maganghub.kemnaker.go.id/magang-nasional/lowongan/it-hardware-support-mis-dept.-a23f7788-6195-4e77-a4a6-08f87570d723
21253,ENHANCE AKSESMU PLATFORM - UI UX,PT Sumber Trijaya Lestari Nasional,Kota Tangerang,1 kuota,,"Ilmu Komputer, Sistem Informasi, Desain Komunikasi Visual","Minggu, Sabtu",https://maganghub.kemnaker.go.id/magang-nasional/lowongan/enhance-aksesmu-platform---ui-ux-a23f48c1-bbf6-4293-9353-4ec600bad048
21254,DATA MINING INTERN,PT Sumber Trijaya Lestari Nasional,Kota Tangerang,1 kuota,,"Teknik Informatika, Ilmu Komputer, Sistem Informasi, Teknik Komputer","Sabtu, Minggu",https://maganghub.kemnaker.go.id/magang-nasional/lowongan/data-mining-intern-a23f4bfb-2529-4c8c-afd5-8d51a2499e35
21261,DATA MINING INTERN,PT Sumber Trijaya Lestari Nasional,Kota Tangerang,1 kuota,,"Teknik Informatika, Ilmu Komputer, Sistem Informasi, Teknik Komputer","Sabtu, Minggu",https://maganghub.kemnaker.go.id/magang-nasional/lowongan/data-mining-intern-a23f4bfb-2529-4c8c-afd5-8d51a2499e35
21263,WEB DEVELOPMENT INTERN,PT Sumber Trijaya Lestari Nasional,Kota Tangerang,2 kuota,,"Teknik Informatika, Ilmu Komputer, Rekayasa Perangkat Lunak, Sistem Informasi","Sabtu, Minggu",https://maganghub.kemnaker.go.id/magang-nasional/lowongan/web-development-intern-a23f4a5d-3bf6-4a6f-add8-9977aa4527f8
21264,ENHANCE AKSESMU PLATFORM - UI UX,PT Sumber Trijaya Lestari Nasional,Kota Tangerang,1 kuota,,"Ilmu Komputer, Sistem Informasi, Desain Komunikasi Visual","Minggu, Sabtu",https://maganghub.kemnaker.go.id/magang-nasional/lowongan/enhance-aksesmu-platform---ui-ux-a23f48c1-bbf6-4293-9353-4ec600bad048
21265,ENHANCE AKSESMU PLATFORM - QA,PT Sumber Trijaya Lestari Nasional,Kota Tangerang,5 kuota,,"Informatika, Ilmu Komputer, Sistem informasi, Teknik Komputer","Sabtu, Minggu",https://maganghub.kemnaker.go.id/magang-nasional/lowongan/enhance-aksesmu-platform---qa-a23f4981-e1f0-4401-ad91-a33077f662d3
21337,IT AI Developer Intern,"PT. Bank Mega, Tbk",Kota Adm. Jakarta Selatan,3 kuota,,"Teknik Informatika, Teknologi Informasi, Ilmu Komputer, Sistem Informasi, Teknik Elektro","Sabtu, Minggu",https://maganghub.kemnaker.go.id/magang-nasional/lowongan/it-ai-developer-intern-a23bb9b8-43b8-464b-a99c-56c3acfce132
21345,IT Governance & Data Governance Intern,"PT. Bank Mega, Tbk",Kota Adm. Jakarta Selatan,1 kuota,,"Teknologi Informasi, Sains Data, Ilmu Komputer, Statistika, Matematika","Sabtu, Minggu",https://maganghub.kemnaker.go.id/magang-nasional/lowongan/it-governance-&-data-governance-intern-a239d468-dda4-4a3c-8853-8341710a441b
21353,Testing Management Intern,"PT. Bank Mega, Tbk",Kota Adm. Jakarta Selatan,1 kuota,,"Teknik Informatika, Teknologi Informasi, Ilmu Komputer, Rekayasa Perangkat Lunak, Sistem informasi","Sabtu, Minggu",https://maganghub.kemnaker.go.id/magang-nasional/lowongan/testing-management-intern-a239ccd8-3f88-438c-8bbe-61f27105cef8
21355,MIS Intern,"PT. Bank Mega, Tbk",Kota Adm. Jakarta Selatan,2 kuota,,"Teknik Informatika, Teknologi Informasi, Ilmu Komputer, Sistem informasi, Sains Data Terapan","Sabtu, Minggu",https://maganghub.kemnaker.go.id/magang-nasional/lowongan/mis-intern-a239c6d0-2aff-4b71-933e-d6d0646f74c3
21357,Software Tester Intern,"PT. Bank Mega, Tbk",Kota Adm. Jakarta Selatan,1 kuota,,"Teknik Informatika, Teknologi Rekayasa Perangkat Lunak, Ilmu Komputer, Sistem informasi","Sabtu, Minggu",https://maganghub.kemnaker.go.id/magang-nasional/lowongan/software-tester-intern-a239caa8-4b61-4d9e-bbcf-24318dfa503f
21368,IT,Gunanusa Eramandiri,Kab. Pati,1 kuota,,"Teknik Informatika, Ilmu Komputer, sistem informasi","Sabtu, Minggu",https://maganghub.kemnaker.go.id/magang-nasional/lowongan/it-a242d4a9-cb33-4b6a-86ad-6e5636b9c078
21380,IT Infrastructure Intern,"PT. Bank Mega, Tbk",Kota Adm. Jakarta Selatan,1 kuota,,"Teknik Informatika, Teknologi Informasi, Ilmu Komputer, sistem informasi","Sabtu, Minggu",https://maganghub.kemnaker.go.id/magang-nasional/lowongan/it-infrastructure-intern-a239c3b0-4143-4963-a346-4d9ad77da2fe
21401,AI Agentic Engineer Intern,PT Star Software Indonesia,Kab. Sleman,1 kuota,,"Teknologi Informasi, Sains Data, Ilmu Komputer, Sistem informasi, Teknik Robotika dan Kecerdasan Buatan","Sabtu, Minggu",https://maganghub.kemnaker.go.id/magang-nasional/lowongan/ai-agentic-engineer-intern-a2435fec-0ff1-497a-b383-751081a89d44
21403,Engineering Operations Intern,PT Star Software Indonesia,Kab. Sleman,1 kuota,,"Teknik Informatika, Ilmu Komputer, sistem informasi, Teknik Komputer Dan Jaringan, Teknik Informatika Multimedia","Sabtu, Minggu",https://maganghub.kemnaker.go.id/magang-nasional/lowongan/engineering-operations-intern-a243528f-3488-4167-ad76-3f0e60aee179
21404,AI Agentic Engineer Intern,PT Star Software Indonesia,Kab. Sleman,1 kuota,,"Teknologi Informasi, Sains Data, Ilmu Komputer, Sistem informasi, Teknik Robotika dan Kecerdasan Buatan","Sabtu, Minggu",https://maganghub.kemnaker.go.id/magang-nasional/lowongan/ai-agentic-engineer-intern-a2435fec-0ff1-497a-b383-751081a89d44
21423,User Access Management Digital Governance,PT Bank Ina Perdana Tbk,Kota Adm. Jakarta Selatan,1 kuota,,"Hubungan Masyarakat dan Komunikasi Digital, Ilmu Komputer, Administrasi Jaringan Komputer, Manajemen Administrasi Perkantoran, Administrasi Perkantoran","Minggu, Sabtu",https://maganghub.kemnaker.go.id/magang-nasional/lowongan/user-access-management-digital-governance-a22ae2d6-c6a4-4262-9ad4-99f4dcbc93ba
21470,Testing Analyst,"PT. Bank Central Asia, Tbk",Kota Adm. Jakarta Pusat,35 kuota,,"Teknik Informatika, Ilmu Komputer, Teknik Industri, Sistem Informasi, Teknik Sipil","Sabtu, Minggu",https://maganghub.kemnaker.go.id/magang-nasional/lowongan/testing-analyst-a23e2fd2-5201-4ec6-b527-e724799c8bea
21482,Data Analytic,"PT. Bank Central Asia, Tbk",Kota Adm. Jakarta Pusat,12 kuota,,"Sains Data, Ilmu Komputer, Statistika dan Sains Data, Statistika, Matematika","Sabtu, Minggu",https://maganghub.kemnaker.go.id/magang-nasional/lowongan/data-analytic-a23e15fa-9f1f-4713-abfd-90937e4f12e6
21490,AI Automation,"PT. Bank Central Asia, Tbk",Kota Adm. Jakarta Pusat,10 kuota,,"Teknik Informatika, Informatika, Ilmu Komputer, Sistem Informasi, Sistem Informasi","Sabtu, Minggu",https://maganghub.kemnaker.go.id/magang-nasional/lowongan/ai-automation-a23e0c11-b82c-431c-a6af-e610395a5f9c
21493,AI Automation,"PT. Bank Central Asia, Tbk",Kota Adm. Jakarta Pusat,10 kuota,,"Teknik Informatika, Informatika, Ilmu Komputer, Sistem Informasi, Sistem Informasi","Sabtu, Minggu",https://maganghub.kemnaker.go.id/magang-nasional/lowongan/ai-automation-a23e0c11-b82c-431c-a6af-e610395a5f9c
21571,Sistem Jaringan Instalasi,PT Kimia Farma Tbk,Kota Adm. Jakarta Timur,1 kuota,,"Ilmu Komputer, Teknik informatika","Sabtu, Minggu",https://maganghub.kemnaker.go.id/magang-nasional/lowongan/sistem-jaringan-instalasi-a24165e2-c5de-4144-b934-c8446a60847e
21664,ADS Support Officer,"PT Bank Btpn Syariah, Tbk",Kota Adm. Jakarta Selatan,1 kuota,,"Teknik Informatika, Informatika, Ilmu Komputer, Sistem Informasi, Ilmu Informatika","Sabtu, Minggu",https://maganghub.kemnaker.go.id/magang-nasional/lowongan/ads-support-officer-a24390ec-90ee-45cb-9744-390e866f138a
21666,Admin Platform Intern,"PT Bank Btpn Syariah, Tbk",Kota Adm. Jakarta Selatan,1 kuota,,"Teknik Informatika, Ilmu Komputer, Sistem Informasi","Sabtu, Minggu",https://maganghub.kemnaker.go.id/magang-nasional/lowongan/admin-platform-intern-a2438c59-eef0-44da-898f-c8c68d64d6c1
21667,UX Research Intern,"PT Bank Btpn Syariah, Tbk",Kota Adm. Jakarta Selatan,2 kuota,,"Antropologi, Ilmu Komputer, Psikologi, Ilmu Ekonomi, Sosiologi","Sabtu, Minggu",https://maganghub.kemnaker.go.id/magang-nasional/lowongan/ux-research-intern-a243928b-f58b-4e59-bcb7-40ce4f938f2a
21669,Regulatory Reporting,"PT Bank Btpn Syariah, Tbk",Kota Adm. Jakarta Selatan,1 kuota,,"Teknik Informatika, Ilmu Komputer, Sistem Informasi","Sabtu, Minggu",https://maganghub.kemnaker.go.id/magang-nasional/lowongan/regulatory-reporting-a2438e02-c427-41ea-9bc3-3bc54757cde4
21700,Game Developer/ Software Engineering,"PT Bank Btpn Syariah, Tbk",Kota Adm. Jakarta Selatan,5 kuota,,"Teknologi Informasi, Ilmu Komputer, Komputer Grafis, sistem informasi, Desain Komunikasi Visual","Sabtu, Minggu",https://maganghub.kemnaker.go.id/magang-nasional/lowongan/game-developer-software-engineering-a24369fe-5669-4773-a344-2ad097104f4e
21712,E-Channel Support Officer,"PT Bank Btpn Syariah, Tbk",Kota Adm. Jakarta Selatan,1 kuota,,"Teknik Informatika, Informatika, Ilmu Komputer, Sistem Informasi, Teknik informatika","Sabtu, Minggu",https://maganghub.kemnaker.go.id/magang-nasional/lowongan/e-channel-support-officer-a241ac7c-e3b1-486d-a959-a22f2fd3e692
21762,Product Manager Intern,Paragon Technology And Innovation,Kota Adm. Jakarta Selatan,1 kuota,,"Ilmu Komputer, Sistem Informasi","Sabtu, Minggu",https://maganghub.kemnaker.go.id/magang-nasional/lowongan/product-manager-intern-a243862a-f8a7-4db6-8f22-8498495fc235
21765,People Cost & Analytics Intern,Paragon Technology And Innovation,Kota Adm. Jakarta Selatan,1 kuota,,"Ilmu Komputer, Manajemen, Statistika, Sistem Informasi, Akuntansi","Sabtu, Minggu",https://maganghub.kemnaker.go.id/magang-nasional/lowongan/people-cost-&-analytics-intern-a240fb5b-dd5d-412e-8144-ee52aa06e8a8
21790,Data Engineer Intern – Master Data Management,Paragon Technology And Innovation,Kota Adm. Jakarta Selatan,1 kuota,,"Sains Data, Ilmu Komputer, Statistika dan Sains Data, Sistem Informasi","Sabtu, Minggu",https://maganghub.kemnaker.go.id/magang-nasional/lowongan/data-engineer-intern-–-master-data-management-a240cd38-e8f9-4167-8000-36385abb6cdd
21815,ICT Intern,PT Kawasan Industri Wijayakusuma (Persero),Kota Semarang,2 kuota,,"Teknik Informatika, Ilmu Komputer, Sistem Komputer, Sistem Informasi","Sabtu, Minggu",https://maganghub.kemnaker.go.id/magang-nasional/lowongan/ict-intern-a234f6a6-8301-4a4a-a1ce-8df706121016
21834,QA Engineer Intern,Paragon Pratama Teknologi,Kota Adm. Jakarta Pusat,1 kuota,,"Teknologi Rekayasa Perangkat Lunak, Ilmu Komputer, Sistem Informasi, Teknik Elektro, Teknik Perangkat Lunak","Sabtu, Minggu",https://maganghub.kemnaker.go.id/magang-nasional/lowongan/qa-engineer-intern-a241945d-3141-430c-ac8e-1dc09b076896
21846,AI Engineer,"PT. Bali Towerindo Sentra, Tbk.",Kota Adm. Jakarta Pusat,5 kuota,,"Teknik Informatika, Sains Data, Ilmu Komputer, Teknik Robotika dan Kecerdasan Buatan, Matematika","Sabtu, Minggu",https://maganghub.kemnaker.go.id/magang-nasional/lowongan/ai-engineer-a2418300-b1bb-4f1f-9d01-2935d996698e
21848,Magang Technical Writer E-Business Oracle,"PT. Bali Towerindo Sentra, Tbk.",Kota Adm. Jakarta Pusat,2 kuota,,"Teknik Informatika, Ilmu Komputer, Sistem Informasi, Manajemen Informatika","Sabtu, Minggu",https://maganghub.kemnaker.go.id/magang-nasional/lowongan/magang-technical-writer-e-business-oracle-a23eea0c-7570-4d22-9902-ad47ea840080
21849,Fullstack Developer,"PT. Bali Towerindo Sentra, Tbk.",Kota Adm. Jakarta Pusat,3 kuota,,"Teknik Informatika, Teknologi Informasi, Ilmu Komputer, Sistem informasi","Sabtu, Minggu",https://maganghub.kemnaker.go.id/magang-nasional/lowongan/fullstack-developer-a2418559-5a40-45cc-bb35-d424b8a7a867
21854,Fullstack Developer,"PT. Bali Towerindo Sentra, Tbk.",Kota Adm. Jakarta Pusat,3 kuota,,"Teknik Informatika, Teknologi Informasi, Ilmu Komputer, Sistem informasi","Sabtu, Minggu",https://maganghub.kemnaker.go.id/magang-nasional/lowongan/fullstack-developer-a2418559-5a40-45cc-bb35-d424b8a7a867
21855,AI Engineer,"PT. Bali Towerindo Sentra, Tbk.",Kota Adm. Jakarta Pusat,5 kuota,,"Teknik Informatika, Sains Data, Ilmu Komputer, Teknik Robotika dan Kecerdasan Buatan, Matematika","Sabtu, Minggu",https://maganghub.kemnaker.go.id/magang-nasional/lowongan/ai-engineer-a2418300-b1bb-4f1f-9d01-2935d996698e
21861,AI Engineer,"PT. Bali Towerindo Sentra, Tbk.",Kota Adm. Jakarta Pusat,5 kuota,,"Teknik Informatika, Sains Data, Ilmu Komputer, Teknik Robotika dan Kecerdasan Buatan, Matematika","Sabtu, Minggu",https://maganghub.kemnaker.go.id/magang-nasional/lowongan/ai-engineer-a2254934-7153-4de6-ad59-a51fcd45a3fa
21864,Programmer Intern,Pangkalan Lintas Data,Kab. Cirebon,1 kuota,,"Teknik Informatika, Ilmu Komputer, Rekayasa Perangkat Lunak, Sistem Informasi, Teknik Komputer","Sabtu, Minggu",https://maganghub.kemnaker.go.id/magang-nasional/lowongan/programmer-intern-a23f6e82-2ca1-4003-b2f6-cb359a36d996
21911,System Analyst & QA Intern,PT Sodexo Sinergi Indonesia,Kota Adm. Jakarta Selatan,1 kuota,,"Teknik Informatika, Ilmu Komputer, Sistem Dan Teknologi Informasi, Sistem Informasi","Sabtu, Minggu",https://maganghub.kemnaker.go.id/magang-nasional/lowongan/system-analyst-&-qa-intern-a2376025-9bad-4b04-8ba5-8dc7e7cf734c
21913,Developer Intern (AI Stack Developer),PT Sodexo Sinergi Indonesia,Kota Adm. Jakarta Selatan,2 kuota,,"Teknik Informatika, Ilmu Komputer, Sistem Informasi, Teknik Komputer dan Jaringan","Sabtu, Minggu",https://maganghub.kemnaker.go.id/magang-nasional/lowongan/developer-intern-ai-stack-developer-a237633d-8479-4b26-ad8b-2946ab848fd9
21921,Developer Intern (Full Stack Developer),PT Sodexo Sinergi Indonesia,Kota Adm. Jakarta Selatan,3 kuota,,"Teknik Informatika, Ilmu Komputer, Sistem Informasi, Teknik Komputer dan Jaringan","Sabtu, Minggu",https://maganghub.kemnaker.go.id/magang-nasional/lowongan/developer-intern-full-stack-developer-a2376155-ac11-4f46-a732-f480a591155c
21923,IT Helpdesk Intern,PT Sodexo Sinergi Indonesia,Kota Adm. Jakarta Selatan,1 kuota,,"Teknik Informatika, Ilmu Komputer, Sistem Informasi, Teknik Komputer","Sabtu, Minggu",https://maganghub.kemnaker.go.id/magang-nasional/lowongan/it-helpdesk-intern-a2375d74-09a2-4460-a0b3-646311f7b0d4
22031,"Software Engineer, Programmer.",Panasonic Gobel Life Solutions Manufacturing Indonesia,Kab. Bogor,1 kuota,,"Teknik Informatika, Ilmu Komputer","Sabtu, Minggu","https://maganghub.kemnaker.go.id/magang-nasional/lowongan/software-engineer,-programmer.-a243fdfb-30ef-4fb0-9792-079a68bb1ea1"
22033,Programmer,Panasonic Gobel Life Solutions Manufacturing Indonesia,Kab. Bogor,2 kuota,,"Teknik Informatika, Ilmu Komputer","Sabtu, Minggu",https://maganghub.kemnaker.go.id/magang-nasional/lowongan/programmer-a243c990-7fe4-4804-bf2e-41ada9b32cba
22040,"Software Engineer, Programmer.",Panasonic Gobel Life Solutions Manufacturing Indonesia,Kab. Bogor,1 kuota,,"Teknik Informatika, Ilmu Komputer","Sabtu, Minggu","https://maganghub.kemnaker.go.id/magang-nasional/lowongan/software-engineer,-programmer.-a243fdfb-30ef-4fb0-9792-079a68bb1ea1"
22109,Regional Data Analyst Intern,Sinarniaga Sejahtera,Kab. Deli Serdang,1 kuota,,"Sains Data, Ilmu Komputer, Manajemen, Teknik informatika, Statistika",Minggu,https://maganghub.kemnaker.go.id/magang-nasional/lowongan/regional-data-analyst-intern-a2420299-8367-4707-a510-5e2e9014c649
22203,Learning Management System (LMS) Developer Intern,Pal Indonesia,Kota Surabaya,3 kuota,,"Teknik Informatika, Ilmu Komputer, Sistem informasi","Sabtu, Minggu",https://maganghub.kemnaker.go.id/magang-nasional/lowongan/learning-management-system-lms-developer-intern-a2416a5f-818c-4982-886c-d4308f838f42
22205,Junior System Analyst,Pal Indonesia,Kota Surabaya,2 kuota,,"Teknik Informatika, Ilmu Komputer, Sistem Informasi","Sabtu, Minggu",https://maganghub.kemnaker.go.id/magang-nasional/lowongan/junior-system-analyst-a241715e-ed78-4ffc-adda-7e5f851ac14f
22209,Programmer,Pal Indonesia,Kota Surabaya,4 kuota,,"Teknik Informatika, Ilmu Komputer, Sistem Komputer","Sabtu, Minggu",https://maganghub.kemnaker.go.id/magang-nasional/lowongan/programmer-a2417237-09e5-40ec-98dd-8debb5b3def3
22275,WEB DEVELOPER,Pakde Kingdom,Kota Surabaya,5 kuota,,"Teknik Informatika, Ilmu Komputer, Rekayasa Perangkat Lunak, Sistem informasi, Manajemen Informatika","Sabtu, Minggu",https://maganghub.kemnaker.go.id/magang-nasional/lowongan/web-developer-a22d4ae4-43b1-40fa-9bd6-12d27030e00e
22276,AI ENGINEER,Pakde Kingdom,Kota Surabaya,5 kuota,,"Teknik Informatika, Ilmu Komputer, Rekayasa Perangkat Lunak, sistem informasi, Teknologi Rekayasa Sistem Elektronika","Sabtu, Minggu",https://maganghub.kemnaker.go.id/magang-nasional/lowongan/ai-engineer-a22d431c-3966-4ce7-96c3-1d3301b7c4aa
22286,Data Science,PT. Asuransi Etiqa Internasional Indonesia,Kota Adm. Jakarta Pusat,1 kuota,,Ilmu Komputer,"Sabtu, Minggu",https://maganghub.kemnaker.go.id/magang-nasional/lowongan/data-science-a24335df-fa6e-4ff2-b3e3-91a0784e2657
22387,Backend Developer Intern,PT. Kalayudha Group Indonesia,Kota Adm. Jakarta Selatan,1 kuota,,"Teknik Informatika, Teknologi Informasi, Ilmu Komputer, Rekayasa Perangkat Lunak, Sistem informasi","Sabtu, Minggu",https://maganghub.kemnaker.go.id/magang-nasional/lowongan/backend-developer-intern-a231cb3e-ec43-4e2e-aa6f-e83cb001afb0
22391,Frontend Developer Intern,PT. Kalayudha Group Indonesia,Kota Adm. Jakarta Selatan,1 kuota,,"Teknik Informatika, Teknologi Informasi, Ilmu Komputer, Rekayasa Perangkat Lunak, Sistem Informasi","Sabtu, Minggu",https://maganghub.kemnaker.go.id/magang-nasional/lowongan/frontend-developer-intern-a231c5bf-ce02-4720-8cd2-135767388ef5
22399,Regional Data Analyst Intern,PT Sinarniaga Sejahtera,Kota Palembang,1 kuota,,"Ilmu Komputer, Sistem informasi, Statistika, Manajemen Bisnis, Ilmu Informatika",Minggu,https://maganghub.kemnaker.go.id/magang-nasional/lowongan/regional-data-analyst-intern-a2430d5d-110f-4dd7-bf51-da51edc5f41a
22481,Quality Assurance (QA),PT. Justika Siar Publika,Kota Adm. Jakarta Selatan,1 kuota,,"Teknologi Informasi, Ilmu Komputer","Minggu, Sabtu",https://maganghub.kemnaker.go.id/magang-nasional/lowongan/quality-assurance-qa-a239f96e-e76e-460d-8f63-37d9324ab0c6
22482,Data Engineer,PT. Justika Siar Publika,Kota Adm. Jakarta Selatan,1 kuota,,"Ilmu Komputer, Keamanan Sistem Informasi, Pendidikan Ilmu Komputer, Pendidikan Teknologi Informasi, Teknik Komputer","Minggu, Sabtu",https://maganghub.kemnaker.go.id/magang-nasional/lowongan/data-engineer-a239b78a-a5bb-4d53-9a92-3e6c81e73490
22485,Product Designer,PT. Justika Siar Publika,Kota Adm. Jakarta Selatan,1 kuota,,"Teknik Informatika, Ilmu Komputer, Sistem Informasi, Desain Komunikasi Visual","Sabtu, Minggu",https://maganghub.kemnaker.go.id/magang-nasional/lowongan/product-designer-a239b96c-8a24-4d40-bb56-0644e44a6d51
22492,Quality Assurance (QA),PT. Justika Siar Publika,Kota Adm. Jakarta Selatan,1 kuota,,"Teknologi Informasi, Ilmu Komputer","Minggu, Sabtu",https://maganghub.kemnaker.go.id/magang-nasional/lowongan/quality-assurance-qa-a239f96e-e76e-460d-8f63-37d9324ab0c6
22504,Frontend Developer Intern,PT Jurnalindo Aksara Grafika,Kota Adm. Jakarta Pusat,1 kuota,,"Teknik Informatika, Teknologi Informasi, Ilmu Komputer, Sistem Informasi","Minggu, Sabtu",https://maganghub.kemnaker.go.id/magang-nasional/lowongan/frontend-developer-intern-a23150d1-8e8d-43e7-a3ad-86133a242c87
22523,Data Science Intern,PT Jurnalindo Aksara Grafika,Kota Adm. Jakarta Pusat,1 kuota,,"Sains Data, Ilmu Komputer, Sistem Informasi, Statistika, Matematika","Sabtu, Minggu",https://maganghub.kemnaker.go.id/magang-nasional/lowongan/data-science-intern-a2314e87-7e91-44f9-86d2-815802874e09
22573,Fraud Management Intern,Global Digital Niaga,Kota Adm. Jakarta Pusat,1 kuota,,"Teknik Informatika, Ilmu Komputer, Teknik Industri, Sistem Informasi","Sabtu, Minggu",https://maganghub.kemnaker.go.id/magang-nasional/lowongan/fraud-management-intern-a23b944b-aa4a-444b-ba24-ee6dd81a6252
22607,Fullstack Engineer,Node Solusi Teknologi,Kota Adm. Jakarta Barat,3 kuota,,"Teknik Informatika, Ilmu Komputer, Rekayasa Perangkat Lunak, Sistem Informasi, Matematika","Minggu, Sabtu",https://maganghub.kemnaker.go.id/magang-nasional/lowongan/fullstack-engineer-a2294937-bf13-4a1f-b7b2-b7c3deb1ca97
22612,IT Software Development Internship,Advics Manufacturing Indonesia,Kab. Karawang,1 kuota,,"Teknik Informatika, Ilmu Komputer, Teknik Komputer Dan Jaringan, Teknik Komputer","Sabtu, Minggu",https://maganghub.kemnaker.go.id/magang-nasional/lowongan/it-software-development-internship-a240c6aa-8b38-44d0-a36b-f2b299cadbfa
22617,Staff Programmer,Nitrasanata Dharma,Kota Adm. Jakarta Barat,4 kuota,,"Informatika, Ilmu Komputer, Rekayasa Perangkat Lunak, Sistem Komputer, Sistem informasi","Sabtu, Minggu",https://maganghub.kemnaker.go.id/magang-nasional/lowongan/staff-programmer-a236e861-cce0-4593-b80c-631f0451f518
22629,Staff Programmer,Nitrasanata Dharma,Kota Adm. Jakarta Barat,4 kuota,,"Informatika, Ilmu Komputer, Rekayasa Perangkat Lunak, Sistem Komputer, Sistem informasi","Sabtu, Minggu",https://maganghub.kemnaker.go.id/magang-nasional/lowongan/staff-programmer-a236e861-cce0-4593-b80c-631f0451f518
22630,Staff IT Audit,Nitrasanata Dharma,Kota Adm. Jakarta Barat,1 kuota,,"Teknik Informatika, Teknologi Informasi, Ilmu Komputer, Sistem Informasi, Rekayasa Keamanan Siber","Sabtu, Minggu",https://maganghub.kemnaker.go.id/magang-nasional/lowongan/staff-it-audit-a236ec17-4864-4b28-ba0d-367a8fb53785
22635,Staff Human Capital Information System,Nitrasanata Dharma,Kota Adm. Jakarta Barat,1 kuota,,"Teknologi Informasi, Sains Data, Ilmu Komputer, Sistem Informasi, Teknik informatika","Sabtu, Minggu",https://maganghub.kemnaker.go.id/magang-nasional/lowongan/staff-human-capital-information-system-a2357296-cf07-41df-a9e7-34b0802257a6
22716,IT Quality Assurance,Rumah Zakat Indonesia,Kota Bandung,1 kuota,,"Teknik Informatika, Ilmu Komputer, Sistem Informasi","Sabtu, Minggu",https://maganghub.kemnaker.go.id/magang-nasional/lowongan/it-quality-assurance-a238e22c-3f8d-44c5-bb77-c231a45638ce
22801,Data Operation Intern,Sentra Vidya Utama,Kota Surabaya,2 kuota,,"Ilmu Komputer, Manajemen, Administrasi, Statistika, Matematika","Sabtu, Minggu",https://maganghub.kemnaker.go.id/magang-nasional/lowongan/data-operation-intern-a241c540-1320-427c-bce0-0711fa709bf2
22802,Web Designer (WordPress) Intern,Sentra Vidya Utama,Kota Surabaya,1 kuota,,"Teknik Informatika, Ilmu Komputer, Desain Komunikasi Visual, Desain Grafis","Sabtu, Minggu",https://maganghub.kemnaker.go.id/magang-nasional/lowongan/web-designer-wordpress-intern-a241bf86-0a59-4a76-95ca-c44c8cfc586a
22836,Flutter Developer Intern,Nashta Global Utama,Kota Depok,1 kuota,,"Teknik Informatika, Ilmu Komputer, Pendidikan Ilmu Komputer, Sistem Informasi","Sabtu, Minggu",https://maganghub.kemnaker.go.id/magang-nasional/lowongan/flutter-developer-intern-a242ece1-a829-438a-aa9a-50a210186168
22839,AI Engineer Intern,Nashta Global Utama,Kota Depok,2 kuota,,"Teknik Informatika, Ilmu Komputer, Sistem Informasi, Sains Data Terapan, Teknologi Sains Data","Sabtu, Minggu",https://maganghub.kemnaker.go.id/magang-nasional/lowongan/ai-engineer-intern-a242ebde-200a-449a-9797-860d162462db
22846,AI Engineer Intern,Nashta Global Utama,Kota Depok,2 kuota,,"Teknik Informatika, Ilmu Komputer, Sistem Informasi, Sains Data Terapan, Teknologi Sains Data","Sabtu, Minggu",https://maganghub.kemnaker.go.id/magang-nasional/lowongan/ai-engineer-intern-a242ebde-200a-449a-9797-860d162462db
22862,IT dan Digitalisasi Bisnis,PT Jasa Dan Kepariwisataan Jabar (Perseroda),Kota Bandung,1 kuota,,"Teknik Informatika, Teknologi Informasi, Ilmu Komputer, Rekayasa Perangkat Lunak, Sistem Informasi","Sabtu, Minggu",https://maganghub.kemnaker.go.id/magang-nasional/lowongan/it-dan-digitalisasi-bisnis-a232d933-d179-4828-bab8-b2c398f272c7
22910,IT Project and Infrastructure Support Intern,PT Jaminan Kredit Indonesia,Kota Adm. Jakarta Pusat,2 kuota,,"Ilmu Komputer, Sistem Komputer, Sistem Informasi, Teknik informatika","Sabtu, Minggu",https://maganghub.kemnaker.go.id/magang-nasional/lowongan/it-project-and-infrastructure-support-intern-a24217be-7541-4c39-be9d-d6bb043480da
22914,Data Engineer Intern,PT Jaminan Kredit Indonesia,Kota Adm. Jakarta Pusat,1 kuota,,"Teknik Informatika, Teknologi Informasi, Ilmu Komputer, Sistem informasi","Sabtu, Minggu",https://maganghub.kemnaker.go.id/magang-nasional/lowongan/data-engineer-intern-a24214d6-bdab-4863-9e1e-565f30611bca
22915,Data Mapping and Analysis Intern,PT Jaminan Kredit Indonesia,Kota Adm. Jakarta Pusat,1 kuota,,"Teknik Informatika, Sains Data, Ilmu Komputer, Sistem Informasi","Sabtu, Minggu",https://maganghub.kemnaker.go.id/magang-nasional/lowongan/data-mapping-and-analysis-intern-a2421448-3ab7-4fd7-b87c-a6c3fbe24c93
